report_month,report_year,change_type,budget_line,description,t0,t1,t2,t3,t4,t5,t6,t7,t8,t9,t10,t11,t12
7,1981,baseline,def,July '81,30,-23,-76,-138,-209,,,,,,,,
3,1983,econ,,Economic,71,152,173,196,230,,,,,,,,
3,1983,econ,rev,Revenues,-49,-137,-169,-191,-231,,,,,,,,
3,1983,econ,out,Outlays,22,15,4,5,-1,,,,,,,,
3,1983,tech,,Technical,12,26,27,28,24,,,,,,,,
3,1983,tech,rev,Revenues,-4,-4,-5,-6,-6,,,,,,,,
3,1983,tech,out,Outlays,8,22,22,22,18,,,,,,,,
3,1983,leg,,Policy,-3,39,73,128,186,,,,,,,,
3,1983,leg,rev,Revenues,-38,-68,-93,-121,-154,,,,,,,,
3,1983,leg,rev,ERTA,-38,-88,-135,-167,-205,,,,,,,,
3,1983,leg,rev,TEFRA,0,18,38,42,47,,,,,,,,
3,1983,leg,rev,Other,0,2,4,4,4,,,,,,,,
3,1983,leg,out,Outlays,-41,-29,-20,7,32,,,,,,,,
3,1983,leg,out,Defense,1,15,27,47,65,,,,,,,,
3,1983,leg,int,Interest,0,3,10,19,28,,,,,,,,
3,1983,leg,out,Other,-42,-47,-57,-59,-61,,,,,,,,
3,1983,baseline,,February '83,110,194,197,214,231,,,,,,,,
3,1983,baseline,def,February '83,194,197,214,231,250,267,,,,,,,
1,1984,econ,,Economic,-10,-10,-3,10,31,,,,,,,,
1,1984,econ,rev,Revenues,10,17,26,39,51,,,,,,,,
1,1984,econ,out,Outlays,,,,,,,,,,,,,
1,1984,econ,out,Other Outl.,0,-11,-9,3,22,,,,,,,,
1,1984,econ,int,Interest,0,18,32,46,60,,,,,,,,
1,1984,tech,,Technical,,,,,,,,,,,,,
1,1984,tech,rev,Revenues,-4,-6,-7,-8,-6,,,,,,,,
1,1984,tech,rev,Entitlements,0,4,9,10,12,,,,,,,,
1,1984,tech,rev,Other Outlays,1,4,7,3,3,,,,,,,,
1,1984,tech,int,Interest,1,3,8,12,15,,,,,,,,
1,1984,leg,,Policy,,,,,,,,,,,,,
1,1984,leg,rev,Revenues,3,7,8,10,22,,,,,,,,
1,1984,leg,out,Outlays,,,,,,,,,,,,,
1,1984,leg,out,Other Outlays,0,-18,-29,-26,-17,,,,,,,,
1,1984,leg,int,Interest,0,-1,-5,-9,-13,,,,,,,,
1,1984,baseline,def,January '84,190,195,217,248,282,326,,,,,,,
2,1984,tech,,Technical,,,,,,,,,,,,,
2,1984,tech,rev,Revenues,0,0,0,0,0,0,,,,,,,
2,1984,tech,out,Outlays,,,,,,,,,,,,,
2,1984,tech,out,Defense,1,0,0,-2,-5,-10,,,,,,,
2,1984,tech,out,Entitlements,-2,1,-1,-2,-4,-7,,,,,,,
2,1984,tech,out,Other Outlays,-1,2,2,2,1,2,,,,,,,
2,1984,tech,int,Interest,1,-1,-1,-1,-2,-3,,,,,,,
2,1984,baseline,def,February '84,189,197,217,245,272,308,,,,,,,
8,1984,econ,,Economic,-9,0,10,17,25,26,,,,,,,
8,1984,econ,rev,Revenues,10,5,-2,-8,-10,-6,,,,,,,
8,1984,econ,out,Outlays,,,,,,,,,,,,,
8,1984,econ,out,Other Outlays,0,7,10,7,11,12,,,,,,,
8,1984,econ,int,Interest,1,-2,-2,2,4,8,,,,,,,
8,1984,tech,,Technical,,,,,,,,,,,,,
8,1984,tech,rev,Revenues,-1,2,2,3,4,5,,,,,,,
8,1984,tech,out,Outlays,,,,,,,,,,,,,
8,1984,tech,out,Defense,-4,-2,-2,-2,-2,-2,,,,,,,
8,1984,tech,out,CCC,1,1,2,3,3,2,,,,,,,
8,1984,tech,out,Medicare (570),-1,-2,-2,-2,-3,-3,,,,,,,
8,1984,tech,out,Other Outlays,-3,2,0,1,-1,1,,,,,,,
8,1984,tech,int,Interest,-1,-2,-3,-5,-7,-10,,,,,,,
8,1984,leg,,Policy,,,,,,,,,,,,,
8,1984,leg,rev,Revenues,1,11,16,23,26,27,,,,,,,
8,1984,leg,out,Outlays,,,,,,,,,,,,,
8,1984,leg,out,Other Outlays,0,-3,-8,-9,-10,-13,,,,,,,
8,1984,leg,int,Interest,0,0,-1,-6,-9,-14,,,,,,,
8,1984,baseline,def,August '84,172,178,195,216,238,263,,,,,,,
2,1985,econ,,Economic,13,16,17,13,15,,,,,,,,
2,1985,econ,rev,Revenues,-18,-24,-27,-30,-37,,,,,,,,
2,1985,econ,out,Outlays,,,,,,,,,,,,,
2,1985,econ,out,Other Outlays,1,-3,-6,-9,-14,,,,,,,,
2,1985,econ,int,Interest,-6,-5,-4,-8,-8,,,,,,,,
2,1985,tech,,Technical,,,,,,,,,,,,,
2,1985,tech,rev,Revenues,3,2,2,0,0,,,,,,,,
2,1985,tech,out,Outlays,,,,,,,,,,,,,
2,1985,tech,out,Defense,-8,-8,-9,-11,-12,,,,,,,,
2,1985,tech,out,Other Outlays,4,1,1,-1,1,,,,,,,,
2,1985,tech,int,Interest,2,0,-2,0,1,,,,,,,,
2,1985,leg,,Policy,,,,,,,,,,,,,
2,1985,leg,rev,Revenues,-1,0,-1,-1,0,,,,,,,,
2,1985,leg,out,Outlays,,,,,,,,,,,,,
2,1985,leg,out,Other Outlays,16,4,2,0,-1,,,,,,,,
2,1985,leg,int,Interest,0,0,1,0,-1,,,,,,,,
2,1985,baseline,def,February '85 (on bud.),203,206,225,240,266,290,,,,,,,
2,1985,add,,Add: Off-budget,11,9,8,9,6,6,,,,,,,
2,1985,baseline,def_offbgt,February '85 baseline,214,215,233,249,272,296,,,,,,,
8,1985,tech,,Technical,,,,,,,,,,,,,
8,1985,tech,rev,Revenues,0,0,0,0,0,0,,,,,,,
8,1985,tech,out,Outlays,,,,,,,,,,,,,
8,1985,tech,out,Nondefense discr.,0,2,4,4,4,1,,,,,,,
8,1985,tech,out,Offsetting Receipts,0,2,2,2,1,1,,,,,,,
8,1985,tech,out,Other outlays,2,1,0,1,1,1,,,,,,,
8,1985,tech,int,Interest,-1,0,1,1,2,3,,,,,,,
2,1985,baseline,def_rev,February '85 baseline (rev.),215,220,240,257,280,302,,,,,,,
8,1985,econ,,Economic,0,-10,-10,-12,-13,-13,,,,,,,
8,1985,econ,rev,Revenues,-1,2,-2,-4,-6,-10,,,,,,,
8,1985,econ,out,Outlays,,,,,,,,,,,,,
8,1985,econ,out,Other Outlays,0,0,0,1,1,1,,,,,,,
8,1985,econ,int,Interest,-1,-8,-12,-17,-20,-24,,,,,,,
8,1985,tech,,Technical,,,,,,,,,,,,,
8,1985,tech,rev,Revenues,3,-3,-1,1,4,6,,,,,,,
8,1985,tech,out,Outlays,,,,,,,,,,,,,
8,1985,tech,out,Defense,-3,-3,-3,-2,-2,-1,,,,,,,
8,1985,tech,out,Agriculture,2,3,2,2,3,3,,,,,,,
8,1985,tech,out,Other Outlays,-3,-3,-1,-1,0,0,,,,,,,
8,1985,tech,int,Interest,0,0,0,-1,0,-1,,,,,,,
8,1985,leg,,Policy,,,,,,,,,,,,,
8,1985,leg,rev,Revenues,0,0,0,0,0,0,,,,,,,
8,1985,leg,out,Outlays,,,,,,,,,,,,,
8,1985,leg,out,Other Outlays,3,2,0,1,0,1,,,,,,,
8,1985,leg,int,Interest,0,0,0,0,0,0,,,,,,,
8,1985,other,discrep,Other (small discrepancy),1,0,0,0,0,0,,,,,,,
8,1985,baseline,def,August '85 baseline,210,212,229,243,264,285,,,,,,,
2,1986,econ,,Economic,12,5,-4,-13,-24,,,,,,,,
2,1986,econ,rev,Revenues,-14,-14,-11,-9,-9,,,,,,,,
2,1986,econ,out,Outlays,,,,,,,,,,,,,
2,1986,econ,out,Other Outlays,-3,-5,-8,-7,-7,,,,,,,,
2,1986,econ,int,Interest,1,-4,-7,-15,-26,,,,,,,,
2,1986,tech,,Technical,,,,,,,,,,,,,
2,1986,tech,rev,Revenues,3,5,0,-2,-8,,,,,,,,
2,1986,tech,out,Outlays,,,,,,,,,,,,,
2,1986,tech,out,Farm Price Supports Only,5,3,5,4,1,,,,,,,,
2,1986,leg,,Policy,,,,,,,,,,,,,
2,1986,leg,rev,Revenues,1,0,0,1,1,,,,,,,,
2,1986,leg,out,Outlays,,,,,,,,,,,,,
2,1986,leg,out,Other Outlays,-16,-48,-70,-96,-124,,,,,,,,
2,1986,leg,int,Interest,-1,-3,-9,-16,-25,,,,,,,,
2,1986,baseline,def,February '86 baseline,208,181,165,144,120,104,,,,,,,
8,1986,econ,,Economic,7,3,-12,-17,-25,-35,,,,,,,
8,1986,econ,rev,Revenues,-6,-16,-8,-4,0,6,,,,,,,
8,1986,econ,out,Outlays,,,,,,,,,,,,,
8,1986,econ,out,Other Outlays,1,-8,-10,-11,-13,-15,,,,,,,
8,1986,econ,int,Net Interest,0,-5,-10,-10,-12,-14,,,,,,,
8,1986,tech,,Technical,,,,,,,,,,,,,
8,1986,tech,rev,Revenues,-6,-3,-1,-4,-4,-4,,,,,,,
8,1986,tech,out,Outlays,,,,,,,,,,,,,
8,1986,tech,out,Agriculture,1,2,1,2,3,3,,,,,,,
8,1986,tech,out,Commerce&Housing,2,2,1,3,2,2,,,,,,,
8,1986,tech,out,Benefit Programs (550-700),2,1,0,1,1,2,,,,,,,
8,1986,tech,out,Other Outlays,3,3,3,0,3,1,,,,,,,
8,1986,tech,int,Interest,0,1,1,3,3,4,,,,,,,
8,1986,leg,,Policy,,,,,,,,,,,,,
8,1986,leg,rev,Revenues,1,3,3,3,3,3,,,,,,,
8,1986,leg,out,Outlays,,,,,,,,,,,,,
8,1986,leg,out,Other Outlays,-4,-8,-4,-6,-7,-7,,,,,,,
8,1986,leg,int,Interest,0,-1,-3,-4,-5,-6,,,,,,,
8,1986,baseline,def,August '86 baseline,224,184,150,127,96,69,,,,,,,
2,1987,econ,,Economic,9,11,15,19,25,,,,,,,,
2,1987,econ,rev,Revenues,-13,-18,-22,-21,-22,,,,,,,,
2,1987,econ,out,Outlays (primarily interest),-4,-7,-7,-2,3,,,,,,,,
2,1987,tech,,Technical,,,,,,,,,,,,,
2,1987,tech,rev,Revenues,2,-2,0,1,3,,,,,,,,
2,1987,tech,out,Outlays,,,,,,,,,,,,,
2,1987,tech,out,Defense,1,2,3,3,3,,,,,,,,
2,1987,tech,out,Agriculture,3,5,6,6,6,,,,,,,,
2,1987,tech,out,Benefit Programs (550-700),5,6,8,10,12,,,,,,,,
2,1987,tech,out,Other Outlays,4,0,-1,0,0,,,,,,,,
2,1987,tech,int,Interest,2,2,4,6,7,,,,,,,,
2,1987,leg,,Policy,,,,,,,,,,,,,
2,1987,leg,rev,Revenues,17,6,-3,4,8,,,,,,,,
2,1987,leg,out,Outlays,,,,,,,,,,,,,
2,1987,leg,out,Other Outlays,-14,-2,-2,0,-1,,,,,,,,
2,1987,leg,int,Interest,-1,-1,-1,-1,-1,,,,,,,,
2,1987,baseline,def,February '87 baseline,174,169,162,134,109,85,,,,,,,
3,1987,tech,,Technical,,,,,,,,,,,,,
3,1987,tech,rev,Revenues,0,0,0,1,1,2,,,,,,,
3,1987,tech,out,Outlays,,,,,,,,,,,,,
3,1987,tech,out,Other Outlays,2,2,2,4,2,1,,,,,,,
3,1987,baseline,def,March '87 baseline,176,171,164,137,110,84,,,,,,,
8,1987,econ,,Economic,6,23,36,49,64,77,,,,,,,
8,1987,econ,rev,Revenues,-7,-12,-17,-25,-32,-38,,,,,,,
8,1987,econ,out,Outlays,,,,,,,,,,,,,
8,1987,econ,out,Other outlays,-1,0,3,4,5,6,,,,,,,
8,1987,econ,int,Interest (exc. d.s.),0,10,12,13,16,18,,,,,,,
8,1987,econ,int,Interest (d.s.),0,1,4,7,11,15,,,,,,,
8,1987,tech,,Technical,,,,,,,,,,,,,
8,1987,tech,rev,Revenues,26,9,9,9,9,10,,,,,,,
8,1987,tech,out,Outlays,,,,,,,,,,,,,
8,1987,tech,out,Agriculture,-2,-3,-3,-3,-2,-1,,,,,,,
8,1987,tech,out,FDIC & FSLIC,-2,-1,1,-1,-1,0,,,,,,,
8,1987,tech,out,Other Outlays,-1,-1,0,0,0,0,,,,,,,
8,1987,tech,int,Interest,2,-2,-2,-2,-3,-4,,,,,,,
8,1987,tech,out,*Thrift Fund Accounting,1,3,3,3,3,3,,,,,,,
8,1987,leg,,Policy,,,,,,,,,,,,,
8,1987,leg,rev,Revenues,0,0,0,0,0,0,,,,,,,
8,1987,leg,out,Outlays,,,,,,,,,,,,,
8,1987,leg,out,Other Outlays,3,2,2,2,3,2,,,,,,,
8,1987,leg,int,Interest,0,0,0,0,0,0,,,,,,,
8,1987,baseline,def,August '87 baseline,157,183,192,176,165,151,,,,,,,
2,1988,econ,,Economic,8,20,33,42,51,,,,,,,,
2,1988,econ,rev,Revenues,-7,-12,-13,-15,-20,,,,,,,,
2,1988,econ,out,Outlays,,,,,,,,,,,,,
2,1988,econ,out,Other Outlays,1,-2,-2,-1,-1,,,,,,,,
2,1988,econ,int,Interest (exc. d.s.),0,8,18,21,21,,,,,,,,
2,1988,econ,int,Interest (d.s.),0,2,4,7,11,,,,,,,,
2,1988,tech,,Technical,,,,,,,,,,,,,
2,1988,tech,rev,Revenues,-3,-5,-5,-5,-6,,,,,,,,
2,1988,tech,out,Outlays,,,,,,,,,,,,,
2,1988,tech,out,Other Outlays,-1,0,2,0,0,,,,,,,,
2,1988,leg,,Policy,,,,,,,,,,,,,
2,1988,leg,rev,Revenues,11,16,18,17,13,,,,,,,,
2,1988,leg,out,Outlays,,,,,,,,,,,,,
2,1988,leg,out,Other Outlays,-24,-20,-23,-25,-28,,,,,,,,
2,1988,leg,int,Interest,-1,-5,-8,-12,-16,,,,,,,,
2,1988,baseline,def,February '88 baseline,157,176,167,158,151,134,,,,,,,
3,1988,tech,,Technical,,,,,,,,,,,,,
3,1988,tech,rev,Revenues,1,1,0,-1,-1,-1,,,,,,,
3,1988,tech,out,Outlays,,,,,,,,,,,,,
3,1988,tech,out,Deposit Insurance,4,2,0,0,0,0,,,,,,,
3,1988,tech,out,Other Outlays,1,0,3,0,2,4,,,,,,,
3,1988,baseline,def,March '88 baseline,161,177,170,159,154,139,,,,,,,
8,1988,econ,,Economic,-22,-35,-37,-34,-32,-23,,,,,,,
8,1988,econ,rev,Revenues,19,29,27,20,17,9,,,,,,,
8,1988,econ,out,Outlays,,,,,,,,,,,,,
8,1988,econ,out,Other Outlays,-2,-2,-2,-2,-2,-1,,,,,,,
8,1988,econ,int,Interest,-1,-4,-8,-12,-13,-13,,,,,,,
8,1988,tech,,Technical,,,,,,,,,,,,,
8,1988,tech,rev,Revenues,-9,-3,-4,-3,-2,-1,,,,,,,
8,1988,tech,out,Outlays,,,,,,,,,,,,,
8,1988,tech,out,Defense,6,4,3,2,2,2,,,,,,,
8,1988,tech,out,Int'l Affairs,1,-5,0,0,0,0,,,,,,,
8,1988,tech,out,Agriculture,-4,-7,-4,-2,-1,-2,,,,,,,
8,1988,tech,out,Comm&Housing,4,4,2,1,1,1,,,,,,,
8,1988,tech,out,Other Outlays,-2,0,-1,0,-1,1,,,,,,,
8,1988,tech,int,Interest,1,1,1,2,2,2,,,,,,,
8,1988,leg,,Policy,,,,,,,,,,,,,
8,1988,leg,rev,Revenues,0,0,4,5,6,7,,,,,,,
8,1988,leg,out,Outlays,,,,,,,,,,,,,
8,1988,leg,out,Other Outlays,1,6,1,4,4,6,,,,,,,
8,1988,leg,int,Interest,0,0,1,1,1,1,,,,,,,
8,1988,baseline,def,August'88 baseline,155,148,136,131,126,121,121,,,,,,
1,1989,econ,,Economic,0,-3,-3,-1,0,-2,,,,,,,
1,1989,econ,rev,Revenues,5,6,8,7,5,5,,,,,,,
1,1989,econ,out,Outlays,,,,,,,,,,,,,
1,1989,econ,out,Other Outlays,0,0,0,2,1,1,,,,,,,
1,1989,econ,int,Interest,5,3,5,4,4,2,,,,,,,
1,1989,tech,,Technical,,,,,,,,,,,,,
1,1989,tech,rev,Revenues,-1,-2,-2,-1,0,0,,,,,,,
1,1989,tech,out,Outlays,,,,,,,,,,,,,
1,1989,tech,out,Defense,-2,-2,-2,-2,-1,1,,,,,,,
1,1989,tech,out,Deposit Ins.,7,8,10,6,5,5,,,,,,,
1,1989,tech,out,Benefit Prog (550-700),0,0,0,0,1,-1,,,,,,,
1,1989,tech,out,Other Outlays,0,-2,1,3,2,0,,,,,,,
1,1989,tech,int,Interest,1,1,0,2,2,3,,,,,,,
1,1989,leg,,Policy,,,,,,,,,,,,,
1,1989,leg,rev,Revenues,0,0,0,0,0,0,,,,,,,
1,1989,leg,out,Outlays,,,,,,,,,,,,,
1,1989,leg,out,Other Outlays,0,1,1,0,-1,-5,,,,,,,
1,1989,leg,int,Interest,0,0,0,0,0,0,,,,,,,
1,1989,baseline,def,January '89 baseline,155,141,140,135,129,122,,,,,,,
2,1989,tech,,Technical,,,,,,,,,,,,,
2,1989,tech,rev,Revenues,0,0,0,0,0,0,,,,,,,
2,1989,tech,out,Outlays,,,,,,,,,,,,,
2,1989,tech,out,Defense,1,-2,-3,-3,-4,-4,,,,,,,
2,1989,tech,out,Agriculture,0,2,1,1,0,0,,,,,,,
2,1989,tech,out,FSLIC,2,1,2,2,2,3,,,,,,,
2,1989,tech,out,Housing,0,1,1,1,1,1,,,,,,,
2,1989,tech,out,Employer Share,0,2,2,3,3,3,,,,,,,
2,1989,tech,out,Other Outlays,1,1,2,0,3,4,,,,,,,
2,1989,tech,int,Interest,0,0,1,1,1,1,,,,,,,
2,1989,baseline,def,February '89 baseline,159,146,146,140,135,130,,,,,,,
8,1989,econ,,Economic,-3,-8,-5,-10,-17,-24,,,,,,,
8,1989,econ,rev,Revenues,3,6,2,6,16,25,,,,,,,
8,1989,econ,out,Outlays,,,,,,,,,,,,,
8,1989,econ,out,Other Outlays,-1,1,3,3,6,6,,,,,,,
8,1989,econ,int,Interest (exc. d.s.),1,-2,-5,-5,-4,-1,,,,,,,
8,1989,econ,int,Interest (d.s.),0,-1,-1,-2,-3,-4,,,,,,,
8,1989,tech,,Technical,,,,,,,,,,,,,
8,1989,tech,rev,Revenues,5,-4,-4,-7,-9,-12,,,,,,,
8,1989,tech,out,Outlays,,,,,,,,,,,,,
8,1989,tech,out,Timing Shifts/summit,4,-4,0,0,0,3,,,,,,,
8,1989,tech,out,CCC target price,0,0,0,2,3,4,,,,,,,
8,1989,tech,out,"Medicare, OASDI, CSR",-2,-2,-1,0,-1,-1,,,,,,,
8,1989,tech,out,Other Outlays,-6,0,1,1,0,-2,,,,,,,
8,1989,tech,int,Interest,0,-1,0,0,1,3,,,,,,,
8,1989,leg,,Policy,,,,,,,,,,,,,
8,1989,leg,rev,Reveneus,0,1,0,0,0,0,,,,,,,
8,1989,leg,out,Outlays,,,,,,,,,,,,,
8,1989,leg,out,Other Outlays,14,6,-2,0,12,2,,,,,,,
8,1989,leg,int,Interest,0,1,1,1,1,1,,,,,,,
8,1989,baseline,def,August '89 baseline,161,141,144,141,143,128,,,,,,,
1,1990,econ,,Economic,-1,-9,-10,-8,-6,,,,,,,,
1,1990,econ,rev,Revenues,-2,1,0,-6,-13,,,,,,,,
1,1990,econ,out,Outlays,,,,,,,,,,,,,
1,1990,econ,out,Other Outlays,-1,-5,-8,-12,-16,,,,,,,,
1,1990,econ,int,Interest,-2,-3,-2,-2,-3,,,,,,,,
1,1990,tech,,Technical,,,,,,,,,,,,,
1,1990,tech,rev,Revenues,-1,0,-1,-4,-4,,,,,,,,
1,1990,tech,out,Outlays,,,,,,,,,,,,,
1,1990,tech,out,Deposit Ins.,8,2,2,-2,-3,,,,,,,,
1,1990,tech,out,Medicaid%Medicare,1,2,4,5,7,,,,,,,,
1,1990,tech,out,Other maj. bens.,1,2,3,3,4,,,,,,,,
1,1990,tech,out,Other Outlays,-2,1,1,3,4,,,,,,,,
1,1990,tech,int,Interest,2,1,1,3,4,,,,,,,,
1,1990,leg,,Policy,,,,,,,,,,,,,
1,1990,leg,rev,Revenues,-1,-2,-2,-1,0,,,,,,,,
1,1990,leg,out,Outlays,,,,,,,,,,,,,
1,1990,leg,out,Other Outlays,-14,-7,-10,-11,-12,,,,,,,,
1,1990,leg,int,Interest,0,0,0,0,0,,,,,,,,
1,1990,baseline,def,January '90 baseline,138,138,135,141,130,118,,,,,,,
2,1990,tech,,Technical,,,,,,,,,,,,,
2,1990,tech,rev,Revenues,0,0,0,0,0,0,,,,,,,
2,1990,tech,out,Outlays,,,,,,,,,,,,,
2,1990,tech,out,RTC,19,26,-10,-6,-5,-4,,,,,,,
2,1990,tech,out,Medicare,1,-2,-1,-1,-2,-3,,,,,,,
2,1990,tech,out,Other Outlays,2,0,1,-1,-1,-1,,,,,,,
2,1990,tech,int,Interest,-1,-1,-1,-1,-1,0,,,,,,,
2,1990,baseline,def,February '90 baseline,159,161,124,132,121,110,,,,,,,
6,1990,econ,,Economic,-1,1,4,2,-1,-5,,,,,,,
6,1990,econ,rev,Revenues,3,5,0,-2,-3,-4,,,,,,,
6,1990,econ,out,Outlays,,,,,,,,,,,,,
6,1990,econ,out,Other Outlays,0,1,2,1,0,-3,,,,,,,
6,1990,econ,int,Interest,2,5,2,-1,-4,-6,,,,,,,
6,1990,tech,,Technical,,,,,,,,,,,,,
6,1990,tech,rev,Revenues,-27,-19,-16,-15,-15,-17,,,,,,,
6,1990,tech,out,Outlays,,,,,,,,,,,,,
6,1990,tech,out,RTC,3,39,73,26,-20,-11,,,,,,,
6,1990,tech,out,Other Dep. Ins.,2,1,2,-3,7,1,,,,,,,
6,1990,tech,out,Inc. Security,1,3,3,3,3,3,,,,,,,
6,1990,tech,out,Other Outlays,3,0,1,-1,0,1,,,,,,,
6,1990,tech,int,Interest,1,7,15,20,21,22,,,,,,,
6,1990,leg,,Policy,0,1,0,0,0,0,,,,,,,
6,1990,leg,rev,Revenues,0,0,0,0,0,0,,,,,,,
6,1990,leg,out,Outlays,,,,,,,,,,,,,
6,1990,leg,out,Other Outlays,0,1,1,0,0,0,,,,,,,
6,1990,leg,int,Interest,0,0,0,0,0,0,,,,,,,
6,1990,baseline,def,June '90 baseline,195,232,239,194,146,138,,,,,,,
1,1991,econ,,Economic,51,63,63,70,79,,,,,,,,
1,1991,econ,rev,Revenues,-40,-46,-38,-39,-43,,,,,,,,
1,1991,econ,out,Outlays,,,,,,,,,,,,,
1,1991,econ,out,Other Outlays,10,11,10,8,5,,,,,,,,
1,1991,econ,int,Interest,1,6,15,23,31,,,,,,,,
1,1991,tech,,Technical,,,,,,,,,,,,,
1,1991,tech,rev,Revenues,-7,-5,-3,-2,3,,,,,,,,
1,1991,tech,out,Outlays,,,,,,,,,,,,,
1,1991,tech,out,Depos. Ins.,23,20,7,32,-44,,,,,,,,
1,1991,tech,out,Defense,-1,0,2,2,2,,,,,,,,
1,1991,tech,out,Medicare&Medicaid,4,7,9,13,16,,,,,,,,
1,1991,tech,out,Other maj. bens.,3,3,3,4,5,,,,,,,,
1,1991,tech,out,Other Outlays,8,7,8,6,7,,,,,,,,
1,1991,tech,int,Interest,4,8,11,15,17,,,,,,,,
1,1991,tech,out,*Addback Postal Serv.,0,-1,1,-1,0,,,,,,,,
1,1991,tech,out,*Credit Reform,0,2,3,2,0,,,,,,,,
1,1991,leg,,Policy,,,,,,,,,,,,,
1,1991,leg,rev,Revenues,18,33,32,37,39,,,,,,,,
1,1991,leg,out,Outlays,,,,,,,,,,,,,
1,1991,leg,out,Other Outlays,-14,-31,-46,-76,-93,,,,,,,,
1,1991,leg,int,Interest,-1,-5,-11,-18,-28,,,,,,,,
1,1991,baseline,def,January '91 baseline,298,284,215,160,57,56,,,,,,,
2,1991,tech,,Technical,,,,,,,,,,,,,
2,1991,tech,rev,Revenues,-1,0,0,0,-1,-1,,,,,,,
2,1991,tech,out,Outlays,,,,,,,,,,,,,
2,1991,tech,out,Desert Storm,8,5,1,0,0,0,,,,,,,
2,1991,tech,out,Medicaid,2,2,3,3,4,5,,,,,,,
2,1991,tech,out,Employer Share,0,1,2,3,5,5,,,,,,,
2,1991,tech,out,Other Outlays,1,1,-1,1,-1,-5,,,,,,,
2,1991,tech,int,Interest,-1,1,1,2,3,4,,,,,,,
2,1991,baseline,def,February '91 baseline,309,294,221,169,69,66,,,,,,,
8,1991,econ,,Economic,12,11,16,26,39,51,,,,,,,
8,1991,econ,rev,Revenues,-15,-16,-16,-21,-27,-34,,,,,,,
8,1991,econ,out,Outlays,,,,,,,,,,,,,
8,1991,econ,out,Other Outlays,-1,-3,-2,-1,2,4,,,,,,,
8,1991,econ,int,Interest,-2,-2,2,6,10,13,,,,,,,
8,1991,tech,,Technical,,,,,,,,,,,,,
8,1991,tech,rev,Revenues,-20,-12,-11,-11,-11,-12,,,,,,,
8,1991,tech,out,Outlays,,,,,,,,,,,,,
8,1991,tech,out,Dep. Insur.,-26,18,11,7,15,-1,,,,,,,
8,1991,tech,out,Desert Storm,-33,0,0,0,0,0,,,,,,,
8,1991,tech,out,Medicaid,1,3,4,6,7,10,,,,,,,
8,1991,tech,out,Other maj. bens.,3,7,7,7,6,6,,,,,,,
8,1991,tech,out,Other Outlays,-9,2,1,-2,-2,-1,,,,,,,
8,1991,tech,int,Interest,-1,-1,3,7,9,10,,,,,,,
8,1991,leg,,Policy,,,,,,,,,,,,,
8,1991,leg,rev,Revenues,0,0,0,0,0,0,,,,,,,
8,1991,leg,out,Outlays,,,,,,,,,,,,,
8,1991,leg,out,Other Outlays,3,15,3,2,1,1,,,,,,,
8,1991,leg,int,Interest,0,1,1,1,2,2,,,,,,,
8,1991,baseline,def,August '91 baseline,279,362,278,234,157,156,,,,,,,
1,1992,econ,,Economic,17,2,-16,-23,-23,,,,,,,,
1,1992,econ,rev,Revenues,-29,-29,-20,-18,-18,,,,,,,,
1,1992,econ,out,Outlays,,,,,,,,,,,,,
1,1992,econ,out,Other Outlays,1,-5,-13,-19,-21,,,,,,,,
1,1992,econ,int,Interest,-13,-22,-23,-22,-20,,,,,,,,
1,1992,tech,,Technical,,,,,,,,,,,,,
1,1992,tech,rev,Revenues,-13,-16,-16,-17,-17,,,,,,,,
1,1992,tech,out,Outlays,,,,,,,,,,,,,
1,1992,tech,out,Depos. Ins.,-45,15,5,20,3,,,,,,,,
1,1992,tech,out,Desert Storm,-5,0,0,0,0,,,,,,,,
1,1992,tech,out,Other Defense,-7,0,0,0,0,,,,,,,,
1,1992,tech,out,Medicaid,6,9,8,8,7,,,,,,,,
1,1992,tech,out,Other maj. bens,3,4,5,6,8,,,,,,,,
1,1992,tech,out,Other Outlays,-2,2,4,2,1,,,,,,,,
1,1992,tech,out,Interest,1,-1,2,6,9,,,,,,,,
1,1992,leg,,Policy,,,,,,,,,,,,,
1,1992,leg,rev,Revenues,3,0,0,0,1,,,,,,,,
1,1992,leg,out,Outlays,,,,,,,,,,,,,
1,1992,leg,out,Other Outlays,12,1,1,0,0,,,,,,,,
1,1992,leg,int,Interest,0,1,1,1,1,,,,,,,,
1,1992,baseline,def,January '92  baseline,352,327,260,194,178,226,,,,,,,
3,1992,tech,,Technical,,,,,,,,,,,,,
3,1992,tech,rev,Revenue,0,0,0,0,0,0,,,,,,,
3,1992,tech,out,Outlays,,,,,,,,,,,,,
3,1992,tech,out,Other Outlays,-2,4,6,7,9,9,,,,,,,
3,1992,leg,,Policy,,,,,,,,,,,,,
3,1992,leg,rev,Revenues,-15,-1,-1,-1,-1,-1,,,,,,,
3,1992,leg,out,Outlays,,,,,,,,,,,,,
3,1992,leg,out,Other Outlays,3,4,0,1,1,0,,,,,,,
3,1992,leg,int,Interest,0,0,0,0,0,0,,,,,,,
3,1992,baseline,def,March '92 baseline,368,336,267,203,189,236,,,,,,,
8,1992,econ,,Economic,1,1,-1,0,6,20,,,,,,,
8,1992,econ,rev,Revenues,-1,-12,-13,-11,-16,-30,,,,,,,
8,1992,econ,out,Outlays,,,,,,,,,,,,,
8,1992,econ,out,Other Outlays,2,0,-4,-6,-8,-9,,,,,,,
8,1992,econ,int,Net Interest,-2,-11,-10,-5,-2,-1,,,,,,,
8,1992,tech,,Technical,,,,,,,,,,,,,
8,1992,tech,rev,Revenues,1,-3,-6,-7,-8,-6,,,,,,,
8,1992,tech,out,Outlays,,,,,,,,,,,,,
8,1992,tech,out,Depos. Ins.,-51,-18,-13,24,38,11,,,,,,,
8,1992,tech,out,Other defense,-6,0,0,0,0,0,,,,,,,
8,1992,tech,out,Medicare,1,4,4,5,6,6,,,,,,,
8,1992,tech,out,Other bens.,2,3,4,5,5,5,,,,,,,
8,1992,tech,out,Other Outlays,2,2,1,0,0,1,,,,,,,
8,1992,tech,int,Interest,-1,-1,-1,0,3,6,,,,,,,
8,1992,leg,,Policy,-1,0,1,0,-1,-1,,,,,,,
8,1992,leg,rev,Revenues,0,0,0,0,0,0,,,,,,,
8,1992,leg,out,Outlays,,,,,,,,,,,,,
8,1992,leg,out,Other Outlays,-1,1,1,0,-1,-1,,,,,,,
8,1992,leg,int,Interest,0,0,0,0,0,0,,,,,,,
8,1992,baseline,def,August '92 baseline,314,331,268,244,254,290,,,,,,,
1,1993,econ,,Economic,9,10,6,-6,-13,,,,,,,,
1,1993,econ,rev,Revenues,-15,-23,-27,-28,-36,,,,,,,,
1,1993,econ,out,Outlays,,,,,,,,,,,,,
1,1993,econ,out,Other Outlays,-1,-1,-6,-17,-29,,,,,,,,
1,1993,econ,int,Interest,-5,-12,-15,-17,-20,,,,,,,,
1,1993,tech,,Technical,,,,,,,,,,,,,
1,1993,tech,rev,Revenues,-6,-4,-5,-6,-5,,,,,,,,
1,1993,tech,out,Outlays,,,,,,,,,,,,,
1,1993,tech,out,Dep. Ins.,-45,-5,8,8,4,,,,,,,,
1,1993,tech,out,Medicaid,2,5,8,10,12,,,,,,,,
1,1993,tech,out,Medicare,0,5,8,11,14,,,,,,,,
1,1993,tech,out,Other bens.,3,2,2,2,3,,,,,,,,
1,1993,tech,out,Other Outlays,6,4,4,1,1,,,,,,,,
1,1993,tech,int,Interest,-2,-4,-1,1,3,,,,,,,,
1,1993,leg,,Policy,,,,,,,,,,,,,
1,1993,leg,rev,Revenues,0,0,0,0,0,,,,,,,,
1,1993,leg,out,Outlays,,,,,,,,,,,,,
1,1993,leg,out,Other Outlays,0,2,0,0,0,,,,,,,,
1,1993,leg,int,Interest,0,0,0,0,0,,,,,,,,
1,1993,baseline,def,January '93 baseline,310,291,284,287,319,357,,,,,,,
3,1993,tech,,Technical,,,,,,,,,,,,,
3,1993,tech,rev,Revenues,-1,-1,-1,-1,-1,-1,,,,,,,
3,1993,tech,out,Outlays,,,,,,,,,,,,,
3,1993,tech,out,Depos. Ins.,-10,-5,0,3,2,1,,,,,,,
3,1993,tech,out,Other Outlays,1,0,-1,-1,0,1,,,,,,,
3,1993,tech,int,Interest,0,0,0,0,0,0,,,,,,,
3,1993,baseline,def,March '93 baseline,302,287,284,290,322,360,,,,,,,
9,1993,econ,,Economic,0,-5,-3,1,-2,-12,,,,,,,
9,1993,econ,rev,Revenues,-1,-1,-4,-7,-4,5,,,,,,,
9,1993,econ,out,Outlays,,,,,,,,,,,,,
9,1993,econ,out,Other Outlays,0,0,3,5,6,8,,,,,,,
9,1993,econ,int,Interest,-1,-6,-10,-11,-12,-15,,,,,,,
9,1993,tech,,Technical,,,,,,,,,,,,,
9,1993,tech,rev,Revenues,10,4,3,3,2,3,,,,,,,
9,1993,tech,out,Outlays,,,,,,,,,,,,,
9,1993,tech,out,Bank Ins. Fund,-7,-5,-4,-2,1,6,,,,,,,
9,1993,tech,out,S&L related,-12,15,-14,-7,5,1,,,,,,,
9,1993,tech,out,Medicaid,-4,-4,-4,-4,-5,-5,,,,,,,
9,1993,tech,out,Medicare,-4,-5,-5,-3,-3,-3,,,,,,,
9,1993,tech,out,Income Secur.,1,2,3,2,3,3,,,,,,,
9,1993,tech,out,Shortening debt,0,-1,-1,-1,-2,-2,,,,,,,
9,1993,tech,out,Other Outlays,-3,1,0,5,3,2,,,,,,,
9,1993,tech,int,Interest,-1,-2,-3,-4,-4,-4,,,,,,,
9,1993,leg,,Policy,,,,,,,,,,,,,
9,1993,leg,,Reconciliation,,,,,,,,,,,,,
9,1993,leg,rev,Revenues,0,26,44,52,61,59,,,,,,,
9,1993,leg,out,Outlays,,,,,,,,,,,,,
9,1993,leg,out,Discretionary,0,0,0,-8,-23,-38,,,,,,,
9,1993,leg,out,Mandatory,,,,,,,,,,,,,
9,1993,leg,out,Medicare,0,-2,-6,-12,-16,-20,,,,,,,
9,1993,leg,out,Fed Empl. Ret.,0,0,-1,-3,-4,-4,,,,,,,
9,1993,leg,out,FCC Specturm Auct.,0,-2,-2,-2,-1,-1,,,,,,,
9,1993,leg,out,Medicaid,0,0,-1,-1,-2,-3,,,,,,,
9,1993,leg,out,EITC,0,0,2,4,6,6,,,,,,,
9,1993,leg,out,Other Mand.,0,-1,-1,-3,-4,-4,,,,,,,
9,1993,leg,int,Interest,0,-1,-3,-8,-14,-21,,,,,,,
9,1993,leg,out,Other Outlays,4,6,2,1,1,1,,,,,,,
9,1993,baseline,def,September '93 baseline,266,253,196,190,198,200,,,,,,,
1,1994,econ,,Economic,-8,-12,-13,-13,-13,,,,,,,,
1,1994,econ,rev,Revenues,4,6,8,8,10,,,,,,,,
1,1994,econ,out,Outlays,,,,,,,,,,,,,
1,1994,econ,out,Other Outlays,-2,-4,-3,-2,0,,,,,,,,
1,1994,econ,int,Interest,-2,-2,-2,-3,-3,,,,,,,,
1,1994,tech,,Technical,,,,,,,,,,,,,
1,1994,tech,rev,Revenues,3,0,0,0,-2,,,,,,,,
1,1994,tech,out,Outlays,,,,,,,,,,,,,
1,1994,tech,out,Bank Ins. Fund,-2,-2,-1,3,-1,,,,,,,,
1,1994,tech,out,S&L related,-16,0,-3,-2,1,,,,,,,,
1,1994,tech,out,Medicaid/Medicare,-2,-5,-5,-6,-8,,,,,,,,
1,1994,tech,out,Income Secur/SocSec,-3,-2,-1,0,0,,,,,,,,
1,1994,tech,out,FCC auction,1,-3,1,1,1,,,,,,,,
1,1994,tech,out,Other Outlays,1,0,-1,2,0,,,,,,,,
1,1994,tech,int,Interest,0,-2,-1,-1,-1,,,,,,,,
1,1994,leg,,Policy,,,,,,,,,,,,,
1,1994,leg,rev,Revenues,0,0,0,0,1,,,,,,,,
1,1994,leg,out,Outlays,,,,,,,,,,,,,
1,1994,leg,out,Other Outlays,2,1,0,0,0,,,,,,,,
1,1994,leg,int,Interest,0,0,0,0,0,,,,,,,,
1,1994,baseline,def,January '94 baseline,223,171,166,182,180,204,,,,,,,
3,1994,tech,,Technical,,,,,,,,,,,,,
3,1994,tech,out,Outlays,,,,,,,,,,,,,
3,1994,tech,out,Student loans,-3,0,3,0,0,0,,,,,,,
3,1994,tech,out,Depos. Ins.,1,-2,0,0,-1,0,,,,,,,
3,1994,tech,out,Postal Service,0,1,1,1,0,0,,,,,,,
3,1994,tech,out,Civ. Ser. retir.,0,0,1,1,1,1,,,,,,,
3,1994,tech,out,Military retir.,0,0,1,1,1,1,,,,,,,
3,1994,tech,out,Other mandit.,3,4,2,2,1,2,,,,,,,
3,1994,tech,out,Discret. spend.,1,0,2,2,2,2,,,,,,,
3,1994,tech,int,Interest,0,1,2,3,3,3,,,,,,,
3,1994,leg,out,Policy (Discret. Outlays),3,5,2,0,0,0,,,,,,,
3,1994,baseline,def,March '94 baseline,228,180,180,192,187,213,,,,,,,
8,1994,econ,,Economic,-8,-8,-5,-2,6,12,,,,,,,
8,1994,econ,rev,Revenues,9,20,20,12,6,5,,,,,,,
8,1994,econ,out,Outlays,,,,,,,,,,,,,
8,1994,econ,out,Other Outlays,-2,-3,-2,-3,-1,3,,,,,,,
8,1994,econ,int,Interest,3,15,17,13,13,14,,,,,,,
8,1994,tech,,Technical,,,,,,,,,,,,,
8,1994,tech,rev,Revenues,6,4,2,1,-1,-3,,,,,,,
8,1994,tech,out,Outlays,,,,,,,,,,,,,
8,1994,tech,out,Deposit Ins.,-1,-5,2,1,0,0,,,,,,,
8,1994,tech,out,Stud. Lns.,-2,0,1,0,0,0,,,,,,,
8,1994,tech,out,Eitc,1,2,2,2,2,2,,,,,,,
8,1994,tech,out,Medicaid/care,-4,0,0,0,0,0,,,,,,,
8,1994,tech,out,Off. recpts,0,1,1,1,2,2,,,,,,,
8,1994,tech,out,Other Outlays,-6,-4,-3,0,-1,-1,,,,,,,
8,1994,leg,rev,Legislative,0,0,0,0,0,0,,,,,,,
8,1994,baseline,def,August '94 baseline,202,162,176,193,197,231,,,,,,,
1,1995,econ,,Economic,10,25,26,20,17,,,,,,,,
1,1995,econ,rev,Revenues,-2,-9,-8,-3,0,,,,,,,,
1,1995,econ,out,Outlays,,,,,,,,,,,,,
1,1995,econ,out,Other Outlays,0,0,1,2,2,,,,,,,,
1,1995,econ,int,Interest,8,16,17,15,15,,,,,,,,
1,1995,tech,,Technical,,,,,,,,,,,,,
1,1995,tech,rev,Revenues,-6,-5,-6,-9,-11,,,,,,,,
1,1995,tech,out,Outlays,,,,,,,,,,,,,
1,1995,tech,out,Medicaid/Medicare,-7,-6,-8,-11,-15,,,,,,,,
1,1995,tech,out,Other bens.,1,1,1,2,2,,,,,,,,
1,1995,tech,out,Deposit Ins.,1,3,0,0,1,,,,,,,,
1,1995,tech,out,Other Outlays,1,-1,2,2,3,,,,,,,,
1,1995,tech,int,Interest,0,2,3,0,0,,,,,,,,
1,1995,leg,,Policy,,,,,,,,,,,,,
1,1995,leg,rev,Revenues,1,-1,-1,-3,-3,,,,,,,,
1,1995,leg,out,Outlays,3,1,0,0,0,,,,,,,,
1,1995,baseline,def,January '95 baseline,176,207,224,222,253,284,,,,,,,
4,1995,tech,,Technical Revisions,,,,,,,,,,,,,
4,1995,tech,out,Discretionary Spend,4,3,6,9,9,10,,,,,,,
4,1995,tech,out,Mandatory Spending,,,,,,,,,,,,,
4,1995,tech,out,Medicaid,-1,-1,-1,-1,-1,-1,,,,,,,
4,1995,tech,out,Medicare,2,3,3,3,2,2,,,,,,,
4,1995,tech,out,FHA Mutual Mort Ins,-3,-4,-3,-3,-1,0,,,,,,,
4,1995,tech,out,FCC Spectrum Auctions,-3,0,0,0,0,-1,,,,,,,
4,1995,tech,out,Other,-1,0,0,0,1,3,,,,,,,
4,1995,tech,out,Deposit Insurance,0,2,1,0,0,0,,,,,,,
4,1995,tech,int,Interest,1,0,0,2,3,2,,,,,,,
4,1995,baseline,def,April 1995 Baseline,175,210,230,232,266,299,,,,,,,
8,1995,leg,rev,Legislative Changes,0,-2,-1,0,0,0,,,,,,,
8,1995,leg,out,Legislative Changes,0,-2,-1,0,0,0,,,,,,,
8,1995,econ,,Economic Changes,,,,,,,,,,,,,
8,1995,econ,rev,Revenues,2,9,12,12,11,9,,,,,,,
8,1995,econ,out,Outlays,,,,,,,,,,,,,
8,1995,econ,int,Net Interest,-2,-17,-15,-8,-5,-5,,,,,,,
8,1995,econ,out,Other Outlays,0,1,1,1,0,-3,,,,,,,
8,1995,tech,,Technical Changes,,,,,,,,,,,,,
8,1995,tech,rev,Revenues,-4,-5,-5,-3,-5,-6,,,,,,,
8,1995,tech,out,Outlays,,,,,,,,,,,,,
8,1995,tech,out,Discretionary,-2,0,0,0,0,0,,,,,,,
8,1995,tech,out,Mandatory,-7,-7,-3,-2,-3,-2,,,,,,,
8,1995,tech,out,Deposit Insurance,-1,0,0,0,0,0,,,,,,,
8,1995,tech,int,Net Interest,0,0,-1,-3,-3,-4,,,,,,,
8,1995,baseline,def,August 1995 Baseline,161,189,218,229,261,288,308,340,375,414,462,,
12,1995,leg,rev,Legislative Changes,0,0,0,0,0,0,0,0,0,0,,,
12,1995,leg,out,Legislative Changes,0,0,0,0,0,0,0,0,0,0,,,
12,1995,econ,,Economic Changes,,,,,,,,,,,,,
12,1995,econ,other,Fiscal Dividend,-7,-21,-36,-47,-54,-58,-60,-63,-66,-69,,,
12,1995,econ,other,Other,-7,-6,-4,-8,-13,-16,-20,-26,-32,-37,,,
12,1995,tech,,Technical Changes,-3,-7,-2,-4,-7,-9,-12,-17,-18,-22,,,
12,1995,tech,int,Debt Service,0,-2,-4,-7,-10,-14,-20,-25,-32,-40,,,
12,1995,baseline,def,December 1995 Baseline,172,182,183,195,204,211,228,244,266,294,,,
4,1996,leg,,Legislative Changes,,,,,,,,,,,,,
4,1996,leg,rev,Revenues,0,0,0,0,0,0,0,0,0,0,,,
4,1996,leg,out,Discretionary Outlays,-19,-8,0,0,0,0,0,0,0,0,,,
4,1996,leg,out,Mandatory Outlays,3,2,-1,-2,-2,-2,-2,-1,-1,-1,,,
4,1996,econ,,Economic Changes,,,,,,,,,,,,,
4,1996,econ,rev,Revenues,-2,1,1,2,5,6,8,11,13,15,,,
4,1996,econ,out,Outlays,-4,-8,-8,-10,-11,-12,-17,-20,-25,-31,,,
4,1996,tech,,Technical Changes,,,,,,,,,,,,,
4,1996,tech,rev,Revenues,1,5,7,7,8,9,10,11,12,14,,,
4,1996,tech,out,Discretionary Outlays,0,0,-10,-9,-10,-10,-10,-10,-11,-11,,,
4,1996,tech,out,Mandatory Outlays,-8,-8,4,-1,-2,-6,-7,-8,-8,-12,,,
4,1996,tech,int,Debt Service,1,-1,-1,0,-1,-2,0,-2,-2,-3,,,
4,1996,baseline,def_pre,April 1996 Baseline (Old Assns),144,165,175,182,191,194,210,225,244,265,,,
4,1996,other,assump,Current Policy Econ Assns,0,6,19,37,53,65,75,86,98,111,,,
4,1996,baseline,def,April 1996 Baseline,144,171,194,219,244,259,285,311,342,376,403,,
1,1997,econ,,Economic Assumptions,-20,-24,-25,-27,-28,-28,-27,-25,-22,-17,,,
1,1997,econ,rev,Revenue,-23,-19,-17,-15,-12,-9,-5,-1,5,11,,,
1,1997,econ,out,Outlays,3,-5,-8,-12,-16,-19,-22,-24,-27,-28,,,
1,1997,econ,int,Net Interest,5,1,-2,-7,-12,-15,-18,-19,-22,-24,,,
1,1997,econ,out,Other Outlays,-2,-6,-6,-5,-4,-4,-4,-5,-5,-4,,,
1,1997,tech,,Technical,-13,-42,-36,-34,-51,-52,-63,-76,-75,-92,,,
1,1997,tech,rev,Revenues,0,-5,-7,-9,-11,-11,-7,-9,-8,-5,,,
1,1997,tech,out,Outlays,-13,-37,-29,-25,-40,-41,-56,-67,-67,-87,,,
1,1997,tech,out,Medicare/Medicaid,-13,-17,-18,-17,-31,-31,-37,-44,-42,-59,,,
1,1997,tech,out,Other benefits,-2,-2,-1,-2,-3,-4,-5,-5,-4,-3,,,
1,1997,tech,out,Deposit Insurance,-4,-3,-2,0,1,1,0,0,0,-1,,,
1,1997,tech,int,Net Interest,-2,-5,-5,-7,-11,-13,-17,-20,-24,-27,,,
1,1997,tech,out,All Other,8,-10,-3,1,4,6,3,2,3,3,,,
1,1997,leg,,Legislative,,,,,,,,,,,,,
1,1997,leg,,Total Legislative,-14,-8,-11,-12,-13,-17,-19,-22,-25,-28,,,
1,1997,leg,rev,Revenues,-1,0,-1,-1,0,0,0,-1,0,-1,,,
1,1997,leg,out,Outlays,-13,-8,-10,-11,-13,-17,-19,-21,-25,-27,,,
1,1997,leg,out,Discretionary,-2,1,1,2,2,2,2,2,2,2,,,
1,1997,leg,out,Welfare Reform,-3,-8,-9,-10,-11,-13,-14,-15,-17,-18,,,
1,1997,leg,out,Other,-8,-1,-2,-3,-4,-6,-7,-8,-10,-11,,,
1,1997,baseline,def_pre,January 1997 Baseline,124,120,147,171,167,188,202,219,254,266,278,,
1,1997,other,add,(Decimal Additions),0.2,-0.3,0.2,0.3,0.2,0.4,-0.4,0.3,-0.3,-0.4,0,,
1,1997,baseline,def,January 1997 Baseline (Rev),124.2,119.7,147.2,171.3,167.2,188.4,201.6,219.3,253.7,265.6,278,,
3,1997,tech,,Technical Changes,,,,,,,,,,,,,
3,1997,tech,rev,Revenues,0.4,0.4,0.4,0.4,0.3,0.1,0,0,0,-0.1,-0.1,,
3,1997,tech,out,Outlays,,,,,,,,,,,,,
3,1997,tech,out,Discretionary,1.7,1.5,1.5,1.6,1.6,1.7,1.7,1.8,1.8,1.9,1.9,,
3,1997,tech,out,Mandatory,,,,,,,,,,,,,
3,1997,tech,out,Social Security,-1,-0.1,-0.1,-0.1,-0.1,-0.1,-0.1,-0.1,-0.1,-0.1,-0.1,,
3,1997,tech,out,Student Loans,-2,0.6,0.3,0.1,-0.1,-0.2,-0.1,-0.2,-0.3,-0.3,-0.4,,
3,1997,tech,out,Food Stamps,-1,-0.8,-0.6,-0.3,0,0,-0.1,-0.1,-0.1,-0.1,-0.1,,
3,1997,tech,out,FCC Spectrum Auctions,-3,1.7,1.9,0.3,0,0,0,0,0,0,0,,
3,1997,tech,int,Net Interest,-0.6,-0.6,-1,-1.2,-1.1,-1.1,-0.9,-0.7,-0.3,0.3,0.9,,
3,1997,tech,out,All Other,-3.6,-0.3,-0.9,0.3,-1.2,-1.3,-0.3,0.1,0.7,0.9,-2.4,,
3,1997,tech,out,Subtotal,-11.3,0.5,-0.4,-0.9,-2.5,-2.6,-1.5,-1,-0.1,0.8,-2.1,,
3,1997,baseline,def_pre,March 1997 Baseline,115.10000000000001,122.1,148.7,172.4,166.6,187.5,201.8,220.1,255.4,268.09999999999997,277.69999999999993,,
3,1997,other,adj,Decimal Adjustments,-0.1,-0.1,0.3,-0.4,0.4,0.5,0.2,-0.1,-0.4,-0.1,0.3,,
3,1997,baseline,def,March 1997 Baseline,115.00000000000001,122,149,172,167,188,201.99999999999997,220.00000000000003,255,267.99999999999994,277.99999999999994,,
9,1997,leg,,Policy Changes,,,,,,,,,,,,,
9,1997,leg,,Reconcilation,,,,,,,,,,,,,
9,1997,leg,rev,Revenues,0,-9,-7,-23,-27,-15,-29,-31,-33,-34,-35,,
9,1997,leg,out,Outlays,,,,,,,,,,,,,
9,1997,leg,out,Discretionary,0,10.8,-1.1,-13.8,-31.4,-53.3,-54.9,-56.5,-58.3,-60.1,-61.9,,
9,1997,leg,out,Mandatory,,,,,,,,,,,,,
9,1997,leg,out,  Medicare,0,-6.1,-15.7,-29.1,-20.2,-41,-41.1,-46.9,-54.9,-72.2,-57.8,,
9,1997,leg,out,Medicaid,0,0.6,-0.2,-1.4,-2.6,-3.6,-4.5,-5.1,-5.8,-6.7,-7.6,,
9,1997,leg,out,FCC auctions,0,0,-2,-3.3,-4.3,-11.8,-0.5,-1,-0.9,-0.8,-0.7,,
9,1997,leg,out,Veterans,0,-0.2,-0.8,-0.9,-0.9,-1,-0.1,-0.2,-0.2,-0.2,-0.2,,
9,1997,leg,out,Fed empl. ret.,0,-0.6,-0.6,-0.6,-0.6,-0.5,0,0,0,0,0,,
9,1997,leg,out,Housing,0,-0.1,-0.2,-0.4,-0.5,-0.5,-0.5,-0.5,-0.5,-0.5,-0.5,,
9,1997,leg,out,Student loans,0,-0.2,-0.2,-0.2,-0.1,-1.1,0,0,0,-0.1,-0.1,,
9,1997,leg,out,Children's HI,0,4.3,4.3,4.3,4.3,3.2,3.2,3.2,4.1,4.1,5,,
9,1997,leg,out,SSI,0,2.3,2.1,2,1.5,1.6,1.5,1.3,1.3,1,0.8,,
9,1997,leg,out,Food Stamps,0,0.2,0.3,0.3,0.3,0.3,0.2,0.2,0.3,0.3,0.3,,
9,1997,leg,out,Welfare-to-work,0,0.4,1.1,0.8,0.4,0,0,0,0,0,0,,
9,1997,leg,out,EITC,0,0,2.4,3,3.1,3.1,3.2,3.3,3.4,3.5,3.6,,
9,1997,leg,out,DC empl. ret.,0,0,0,0,0,0,0,0,0,0.3,0.7,,
9,1997,leg,out,Other,0,0,-0.1,-4.6,4,-0.9,-0.1,-0.1,-0.1,-0.1,-0.1,,
9,1997,leg,int,Debt Service,0,0.4,0.9,0.6,-0.6,-3.6,-7.4,-11.1,-15.4,-20.5,-25.9,,
9,1997,leg,out,Other legislation,2,0,0,0,0,0,0,0,0,0,0,,
9,1997,econ,,Economic Changes,,,,,,,,,,,,,
9,1997,econ,rev,Revenues,23,41,45,47,50,57,68,80,94,108,124,,
9,1997,econ,int,Net Interest,,,,,,,,,,,,,
9,1997,econ,int,Interest rate effects,1,6,4,-4,-7,-10,-12,-14,-16,-18,-19,,
9,1997,econ,int,Debt Service,0,-3,-5,-8,-12,-15,-20,-26,-33,-41,-51,,
9,1997,econ,out,Other Outlays,-1,-5,-6,-6,-6,-6,-5,-4,-4,-4,-4,,
9,1997,tech,,Technical Changes,,,,,,,,,,,,,
9,1997,tech,rev,Revenues,46,37,26,22,17,17,18,19,25,23,25,,
9,1997,tech,int,Net Interest,,,,,,,,,,,,,
9,1997,tech,int,Debt Service,-1,-5,-7,-10,-11,-13,-15,-18,-20,-23,-26,,
9,1997,tech,int,Other,-2,0.2,-2.2,-0.7,-1.4,-1.9,-1,-0.6,0,0,-0.6,,
9,1997,tech,out,Other outlays,-7,-1,-7,-6,-6,-6,-4,-5,-5,-5,-5,,
9,1997,baseline,def,September 1997 Baseline,34.000000000000014,57.000000000000014,51.999999999999986,47.999999999999986,36.00000000000001,-31.999999999999993,-13,-28.99999999999998,-36,-72.00000000000003,-86.00000000000003,,
1,1998,leg,rev,Legislative,1,0,0,3,-3,0,0,0,0,0,,,
1,1998,leg,out,Legislative,1,0,0,3,-3,0,0,0,0,0,,,
1,1998,econ,,Economic,,,,,,,,,,,,,
1,1998,econ,rev,Revenues,16,21,14,9,0,-4,-8,-15,-18,-27,,,
1,1998,econ,out,Outlays,6,7,5,7,9,12,15,19,24,29,,,
1,1998,tech,,Technical,,,,,,,,,,,,,
1,1998,tech,rev,Revenues,14,10,14,14,13,12,11,10,8,6,,,
1,1998,tech,out,Outlays,15,12,12,17,18,21,24,25,31,35,,,
1,1998,baseline,def,January 1998 Baseline,5.0000000000000142,1.9999999999999856,2.999999999999986,-13.999999999999991,-69,-54,-70.99999999999997,-75,-117.00000000000004,-129.00000000000003,-138,,
3,1998,tech,,Technical,,,,,,,,,,,,,
3,1998,tech,rev,Revenues,15,10,5,0,0,0,0,0,0,0,0,,
3,1998,tech,out,Outlays,,,,,,,,,,,,,
3,1998,tech,out,Discretionary,0,0,0,0,0,0,0,0,0,0,0,,
3,1998,tech,out,Mandatory,1,-1,2,2,3,2,2,0,2,-1,0,,
3,1998,tech,int,Net Interest,1,0,-1,-1,-1,-1,-1,0,0,0,0,,
3,1998,tech,int,Subtotal,2,-1,0,1,3,1,1,1,0,0,0,,
3,1998,other,,Total,13,11,5,-1,-3,-1,-1,-1,0,0,0,,
3,1998,baseline,def,March 1998 Baseline,-7.9999999999999858,-9.000000000000014,-1.0000000000000142,-12.999999999999991,-67,-53,-69.99999999999997,-75,-115.00000000000004,-130.00000000000003,-138,,
8,1998,leg,,Legislative,,,,,,,,,,,,,
8,1998,leg,rev,Revenues,1,1,0,-1,-1,-1,-1,1,1,1,1,,
8,1998,leg,out,Outlays,-1,-3,-4,-4,-4,-3,-2,-1,-1,0,1,,
8,1998,econ,,Economic,,,,,,,,,,,,,
8,1998,econ,rev,Revenue,7,13,15,5,0,-3,-10,-17,-24,-33,-43,,
8,1998,econ,out,Outlays,1,9,10,12,16,24,32,40,48,56,63,,
8,1998,tech,,Technical,,,,,,,,,,,,,
8,1998,tech,rev,Revenues,30,48,50,51,49,50,49,51,52,52,55,,
8,1998,tech,out,Outlays,,,,,,,,,,,,,
8,1998,tech,out,Other than debt service,16,-1,0,0,-1,0,-3,-1,0,0,2,,
8,1998,tech,int,Debt service,1,4,7,10,13,16,19,22,26,30,34,,
8,1998,baseline,def,August 1998 Baseline,-62.999999999999986,-80.00000000000001,-79.00000000000001,-86,-139,-136,-153.99999999999997,-170,-217.00000000000003,-236.00000000000003,-251,,
1,1999,leg,,Legislative Changes,-17,-6,-3,-4,-4,-3,-3,-4,-3,-3,,,
1,1999,leg,rev,Revenues,0,2,0,-1,0,-1,-1,-1,0,0,,,
1,1999,leg,out,Outlays,17,8,2,3,3,3,3,3,3,3,,,
1,1999,leg,out,Discretionary,17,5,2,1,1,1,1,1,1,1,,,
1,1999,leg,out,Mandatory,,,,,,,,,,,,,
1,1999,leg,int,Debt Service,0,1,1,1,2,2,2,2,2,2,,,
1,1999,leg,out,Other,0,2,0,1,1,0,0,0,0,0,,,
1,1999,econ,,Economic Changes,13,20,27,32,34,36,41,46,48,51,,,
1,1999,econ,rev,Revenues,3,5,12,19,22,25,31,35,37,39,,,
1,1999,econ,out,Outlays,-10,-15,-15,-13,-12,-11,-11,-11,-12,-13,,,
1,1999,econ,out,Discretionary,0,0,0,0,1,1,2,2,3,4,,,
1,1999,econ,out,Mandatory,,,,,,,,,,,,,
1,1999,econ,int,Debt Service,0,-1,-2,-4,-5,-7,-9,-11,-13,-16,,,
1,1999,econ,int,Net interest (rate effects),-8,-11,-9,-5,-3,-2,-1,0,1,1,,,
1,1999,econ,out,Other,-2,-2,-4,-4,-4,-3,-3,-2,-2,-1,,,
1,1999,tech,,Technical Changes,32,38,41,42,43,47,48,47,53,57,,,
1,1999,tech,rev,Revenues,11,15,15,19,16,17,15,16,17,19,,,
1,1999,tech,out,Outlays,-21,-23,-25,-24,-28,-29,-33,-31,-36,-38,,,
1,1999,tech,out,Discretionary,-7,0,2,1,1,1,1,1,1,1,,,
1,1999,tech,out,Mandatory,,,,,,,,,,,,,
1,1999,tech,out,Medicare,-10,-11,-15,-15,-17,-17,-19,-16,-18,-18,,,
1,1999,tech,out,Medicaid,0,2,3,5,6,8,9,11,13,15,,,
1,1999,tech,out,Family Support (incl. Child Care),-3,-4,-4,-3,-2,-2,-1,-1,0,1,,,
1,1999,tech,out,Food Stamps,-1,-2,-2,-2,-2,-3,-3,-3,-3,-3,,,
1,1999,tech,out,Civil Service Retirement,-1,-1,-1,-2,-2,-2,-3,-4,-4,-5,,,
1,1999,tech,out,Universal Serv. Fund,-2,-4,-5,-1,-1,-1,-1,-1,-1,-1,,,
1,1999,tech,int,Debt Service,-1,-3,-5,-7,-9,-11,-14,-16,-19,-21,,,
1,1999,tech,out,Other,5,-1,1,1,-2,-4,-2,-2,-4,-6,,,
1,1999,baseline,def,January 1999 Baseline,-107.00000000000001,-131,-151,-209,-209,-233.99999999999997,-256,-306,-333,-355,-381,,
3,1999,tech,,Technical Changes,,,,,,,,,,,,,
3,1999,tech,rev,Revenues,0,0,0,0,0,0,0,0,0,0,0,,
3,1999,tech,out,Outlays,,,,,,,,,,,,,
3,1999,tech,out,Discretionary,-1,-2,-1,0,0,0,0,0,0,0,0,,
3,1999,tech,out,Mandatory,,,,,,,,,,,,,
3,1999,tech,out,Medicare,-6,-3,-2,-2,-2,-3,-5,-1,-2,0,2,,
3,1999,tech,out,Medicaid,-1,-1,-1,-1,-1,-1,-1,-1,-2,-2,-2,,
3,1999,tech,out,Other,4,4,-1,0,-1,-1,-1,-1,-1,-1,-2,,
3,1999,other,,Total Changes,3,2,5,4,3,5,7,3,4,3,2,,
3,1999,baseline,def,March 1999 Baseline,-111.00000000000001,-133,-156,-212,-213,-238.99999999999997,-263,-309,-338,-358,-383,,
7,1999,leg,,Policy/Legislative,,,,,,,,,,,,,
7,1999,leg,rev,Revenue,0,0,0,0,0,0,0,0,0,0,0,,
7,1999,leg,out,Outlays,4,8,4,2,3,3,3,3,3,4,4,,
7,1999,leg,out,Discretionary,4,7,2,1,1,1,1,1,1,1,1,,
7,1999,leg,out,Mandatory,,,,,,,,,,,,,
7,1999,leg,out,Medicaid,0,0,1,1,1,1,1,1,1,1,1,,
7,1999,leg,int,Debt Service,0,0,1,1,1,1,1,1,2,2,2,,
7,1999,econ,,Economic Changes,,,,,,,,,,,,,
7,1999,econ,rev,Revenues,14,33,36,30,21,11,2,-3,-5,-7,-7,,
7,1999,econ,out,Outlays,-1,0,0,-7,-11,-14,-18,-20,-23,-26,-29,,
7,1999,econ,out,Discretionary,0,0,0,0,-1,-1,-2,-2,-3,-4,-5,,
7,1999,econ,out,Mandatory,,,,,,,,,,,,,
7,1999,econ,out,Social Security,0,-1,-2,-2,-3,-3,-4,-4,-5,-5,-6,,
7,1999,econ,out,Other COLA,0,0,-1,-1,-1,-2,-2,-2,-2,-3,-3,,
7,1999,econ,out,Unemployment Ins,0,-1,-1,-1,0,0,0,0,0,0,0,,
7,1999,econ,int,Net Interest (rate),0,5,7,3,2,1,1,0,0,0,0,,
7,1999,econ,int,Debt service,0,-2,-3,-5,-7,-8,-10,-10,-11,-12,-13,,
7,1999,econ,out,Other,0,-1,-1,-1,-1,-1,-2,-2,-2,-2,-2,,
7,1999,econ,,Technical Changes,,,,,,,,,,,,,
7,1999,econ,rev,Revenues,-8,2,3,1,4,3,6,6,6,6,5,,
7,1999,econ,out,Outlays,-6,-2,-1,1,0,-2,-1,-4,-5,-6,-7,,
7,1999,econ,out,Discretionary,-4,0,0,0,0,0,0,0,0,0,0,,
7,1999,econ,out,Mandatory,,,,,,,,,,,,,
7,1999,econ,out,Medicare,-4,-3,-1,-1,-1,-1,-1,-1,-1,-1,-1,,
7,1999,econ,out,Medicaid,-1,-1,-1,-1,-1,-1,-1,-1,-1,-1,0,,
7,1999,econ,out,Agriculture,1,2,1,1,0,0,0,0,0,0,0,,
7,1999,econ,int,Debt Service,0,0,0,0,0,-1,-1,-1,-2,-2,-3,,
7,1999,econ,out,Other,1,2,0,2,1,1,4,-2,-2,-2,-3,,
7,1999,other,total,Total Changes,10,28,37,34,35,28,24,25,26,27,31,,
7,1999,other,total,Total Revenue,7,35,40,30,26,14,8,4,1,-1,-2,,
7,1999,other,total,Total Outlays,-3,7,3,-4,-9,-13,-16,-21,-25,-28,-32,,
7,1999,baseline,def,July 1999 Baseline,-120.00000000000001,-161,-193,-246,-247,-266,-286,-334,-364,-385,-413,,
1,2000,leg,,Legislative,,,,,,,,,,,,,
1,2000,leg,rev,Revenues,3,-6,-8,-2,-2,-1,-1,0,0,0,,,
1,2000,leg,out,Outlays,,,,,,,,,,,,,
1,2000,leg,out,Discretionary,25,5,2,2,2,2,2,2,2,2,,,
1,2000,leg,out,Mandatory,,,,,,,,,,,,,
1,2000,leg,out,Medicare,1,5,4,3,2,2,2,2,2,2,,,
1,2000,leg,out,Commodity Credit,8,0,0,0,0,0,0,0,0,0,,,
1,2000,leg,int,Debt Service,1,2,3,4,4,5,5,6,6,7,,,
1,2000,leg,out,Other,-2,-3,0,-1,-1,-2,-2,-1,-2,-2,,,
1,2000,econ,,Economic,,,,,,,,,,,,,
1,2000,econ,rev,Revenues,23,41,52,54,53,53,54,56,60,65,,,
1,2000,econ,out,Outlays,,,,,,,,,,,,,
1,2000,econ,out,Discretionary,0,0,0,0,0,0,0,0,0,0,,,
1,2000,econ,out,Mandatory,,,,,,,,,,,,,
1,2000,econ,out,Medicare,-2,-2,-2,-2,-3,-3,-4,-5,-5,-5,,,
1,2000,econ,int,Net interest (Rate effects),1,7,12,11,8,6,5,3,2,1,,,
1,2000,econ,int,Debt service,-1,-3,-5,-8,-11,-14,-18,-22,-26,-31,,,
1,2000,econ,out,Other,-1,-2,-2,-2,-2,-2,-2,-1,-1,-1,,,
1,2000,tech,,Technical,,,,,,,,,,,,,
1,2000,tech,rev,Revenues,14,12,8,9,13,14,15,16,18,22,,,
1,2000,tech,out,Outlays,,,,,,,,,,,,,
1,2000,tech,out,Discretionary,-2,-2,0,0,0,0,0,0,0,0,,,
1,2000,tech,out,Mandatory,,,,,,,,,,,,,
1,2000,tech,out,Medicare,-5,-7,-8,-10,-10,-12,-15,-20,-25,-29,,,
1,2000,tech,out,Commodity Credit Corp.,4,4,5,5,4,2,1,1,0,0,,,
1,2000,tech,out,Universal Service Fund,-1,-3,-8,-8,-3,-2,-2,-2,-2,-2,,,
1,2000,tech,int,Debt service,-1,-3,-4,-5,-7,-8,-10,-13,-16,-19,,,
1,2000,tech,out,Other,0,7,7,-2,2,2,2,1,2,-2,,,
1,2000,baseline,def_pre,January 2000 Baseline,-176,-235,-294,-321,-345,-376,-438,-485,-526,-579,-633,,
1,2000,other,adj,Inflation Adjusted,0,58,85,94,99,108,113,117,127,135,144,,
1,2000,baseline,def,January 2000 Inf-Adj Base,-176,-177,-209,-227,-246,-268,-325,-368,-399,-444,-489,,
4,2000,tech,,Technical Changes,,,,,,,,,,,,,
4,2000,tech,rev,Revenues,0,0,0,0,0,0,0,0,0,0,0,,
4,2000,tech,out,Outlays,,,,,,,,,,,,,
4,2000,tech,out,Discretionary,0,0,0,-2,-2,-2,-2,-3,-3,-4,-4,,
4,2000,tech,out,Mandatory,-3,-4,-2,-1,-1,-2,-2,-1,1,2,3,,
4,2000,tech,int,Net Interest,0,0,-1,-1,-1,-1,-1,-2,-3,-4,-5,,
4,2000,baseline,def,April 2000 Baseline,-179,-181,-212,-231,-250,-273,-330,-374,-404,-450,-495,,
7,2000,other,,Total Revenue Changes,63,93,106,114,117,124,129,133,140,147,155,,
7,2000,leg,rev,Legislative,0,-1,-1,-1,-1,-1,-1,-1,0,0,-6,,
7,2000,econ,rev,Economic,28,55,68,76,80,87,91,95,101,108,117,,
7,2000,tech,rev,Technical,34,39,39,39,38,38,38,39,39,39,39,,
7,2000,leg,,Legislative,,,,,,,,,,,,,
7,2000,leg,out,Discretionary,0,0,0,0,0,0,0,0,0,0,0,,
7,2000,leg,out,Mandatory,,,,,,,,,,,,,
7,2000,leg,out,Social Security,4,4,4,3,3,2,1,1,0,0,-1,,
7,2000,leg,out,Agriculture,5,2,2,2,2,2,2,2,2,2,2,,
7,2000,leg,int,Debt Service,0,1,1,2,2,2,3,3,3,4,4,,
7,2000,leg,out,Other,0,0,0,0,0,0,0,0,0,0,0,,
7,2000,leg,sub_total_out,Subtotal,10,7,6,6,6,6,6,6,6,6,6,,
7,2000,econ,,Economic,,,,,,,,,,,,,
7,2000,econ,out,Discretionary,0,2,6,9,11,13,15,17,18,20,22,,
7,2000,econ,out,Mandatory,,,,,,,,,,,,,
7,2000,econ,out,Social Security,0,2,3,5,6,6,6,6,6,6,6,,
7,2000,econ,out,Other Retirement Pr,0,0,1,1,1,1,1,2,2,2,2,,
7,2000,econ,out,Medicare,0,0,2,3,4,5,5,7,8,9,11,,
7,2000,econ,int,Net Interest (Rate),2,6,8,2,1,2,2,1,0,0,0,,
7,2000,econ,int,Debt Service,0,-4,-7,-11,-14,-18,-22,-27,-32,-38,-44,,
7,2000,econ,out,Other,-2,-3,-2,-2,-1,-1,0,-1,-1,-1,-1,,
7,2000,tech,,Technical,,,,,,,,,,,,,
7,2000,tech,out,Discretionary,5,0,0,0,0,0,0,0,0,0,0,,
7,2000,tech,out,Mandatory,,,,,,,,,,,,,
7,2000,tech,out,Social Security,-1,0,0,0,1,1,2,2,3,4,4,,
7,2000,tech,out,Medicare,-2,-2,-2,-3,-3,-3,-3,-3,-4,-4,-4,,
7,2000,tech,int,Net Interest,-2,0,-3,-3,-4,-5,-5,-5,-5,-5,-5,,
7,2000,tech,int,Debt Service,0,-3,-6,-8,-11,-14,-17,-20,-24,-28,-31,,
7,2000,tech,out,Other,0,1,-1,0,0,2,-1,-1,3,1,-5,,
7,2000,baseline,def,July 2000 Baseline,-232,-268,-312,-345,-369,-402,-469,-523,-565,-625,-685,,
1,2001,leg,,Legislative,,,,,,,,,,,,,
1,2001,leg,rev,Revenues,-2,-2,-3,-3,-3,-4,-4,-5,-6,-5,,,
1,2001,leg,out,Outlays,,,,,,,,,,,,,
1,2001,leg,out,Discretionary,8,29,35,37,39,41,43,44,45,47,,,
1,2001,leg,out,Mandatory,,,,,,,,,,,,,
1,2001,leg,out,Def Ret Health Ben,0,0,2,2,3,3,4,4,4,5,,,
1,2001,leg,out,Medicaid,0,-1,-3,-5,-6,-8,-9,-10,-11,-12,,,
1,2001,leg,out,Medicare,4,8,7,7,8,8,9,10,11,12,,,
1,2001,leg,int,Debt Service,0,2,4,7,10,13,17,21,25,30,,,
1,2001,leg,out,Other,0,2,1,2,2,2,2,2,3,1,,,
1,2001,econ,,Economic,,,,,,,,,,,,,
1,2001,econ,rev,Revenues,-6,7,32,56,72,88,106,128,148,173,,,
1,2001,econ,out,Outlays,,,,,,,,,,,,,
1,2001,econ,out,Discretionary,0,0,0,-1,-1,-1,0,0,1,1,,,
1,2001,econ,out,Mandatory,,,,,,,,,,,,,
1,2001,econ,out,Medicaid,1,1,2,3,3,4,4,5,6,8,,,
1,2001,econ,out,Social Security,1,2,1,2,2,3,4,5,6,7,,,
1,2001,econ,int,Net Interest (Rate eff),-12,-21,-13,-9,-8,-7,-5,-5,-5,-5,,,
1,2001,econ,int,Debt Service,0,-1,-2,-5,-9,-14,-20,-27,-36,-46,,,
1,2001,econ,out,Other,3,4,2,0,0,0,-1,-1,0,-2,,,
1,2001,tech,,Technical,,,,,,,,,,,,,
1,2001,tech,rev,Revenues,33,29,24,20,15,11,9,7,4,2,,,
1,2001,tech,out,Outlays,,,,,,,,,,,,,
1,2001,tech,out,Discretionary,1,-3,0,0,-1,-3,-4,-5,-6,-7,,,
1,2001,tech,out,Mandatory,,,,,,,,,,,,,
1,2001,tech,out,Medicaid,5,7,9,10,10,10,10,11,10,11,,,
1,2001,tech,out,Social Security,2,3,3,4,4,5,5,5,5,5,,,
1,2001,tech,int,Debt Service,-1,-2,-2,-3,-3,-3,-3,-2,-2,-1,,,
1,2001,tech,out,FCC Spectrum receipts,3,2,-6,-9,0,0,0,0,0,0,,,
1,2001,tech,out,Other,-3,1,-1,3,0,6,5,3,5,5,,,
1,2001,baseline,def,January 2001 Baseline,-281,-313,-359,-397,-433,-505,-573,-635,-710,-796,-889,,
5,2001,tech,,Technical Changes,,,,,,,,,,,,,
5,2001,tech,rev,Revenues,-20,-10,-5,0,0,0,0,0,0,0,0,,
5,2001,tech,out,Outlays,,,,,,,,,,,,,
5,2001,tech,out,Discretionary,-4,-4,-3,-2,-2,-3,-3,-3,-3,-3,0,,
5,2001,tech,out,Mandatory,,,,,,,,,,,,,
5,2001,tech,out,Medicaid,0,0,-1,-2,-2,-2,-3,-3,-3,-4,-5,,
5,2001,tech,out,SSI,0,-1,-1,-1,-2,-2,-2,-3,-3,-3,1,,
5,2001,tech,out,Credit Reestimates,-11,0,0,0,0,0,0,0,0,0,0,,
5,2001,tech,out,SCHIP,1,1,1,1,1,1,1,1,1,1,0,,
5,2001,tech,out,FHA,2,2,2,2,2,2,2,2,2,2,2,,
5,2001,tech,out,Other,-2,1,3,-1,-1,1,0,0,-2,-3,8,,
5,2001,baseline,def,May 2001 Baseline,-275,-304,-353,-400,-437,-508,-578,-641,-718,-806,-883,,
8,2001,leg,,Legislative,,,,,,,,,,,,,
8,2001,leg,rev,Revenues,-70,-31,-84,-101,-100,-126,-142,-151,-158,-176,-117,,
8,2001,leg,out,Outlays,,,,,,,,,,,,,
8,2001,leg,out,Discretionary,1,10,8,7,8,8,8,8,8,9,9,,
8,2001,leg,out,Mandatory,,,,,,,,,,,,,
8,2001,leg,out,EITC/Child Care Cr,0,6,7,7,7,10,10,9,10,11,12,,
8,2001,leg,out,Refunds (in excess of liabilities),4,0,0,0,0,0,0,0,0,0,0,,
8,2001,leg,out,Farm Payments,6,0,0,0,0,0,0,0,0,0,0,,
8,2001,leg,int,Debt Service,0,4,9,16,23,31,41,53,65,79,92,,
8,2001,leg,out,Other,0,0,0,0,0,0,0,0,0,0,0,,
8,2001,econ,,Economic,,,,,,,,,,,,,
8,2001,econ,rev,Revenues,-23,-44,-43,-31,-21,-12,-3,5,13,17,19,,
8,2001,econ,out,Outlays,,,,,,,,,,,,,
8,2001,econ,out,Discretionary,0,1,2,2,3,3,3,3,3,3,3,,
8,2001,econ,out,Mandatory,,,,,,,,,,,,,
8,2001,econ,out,Unemployment Insurance,2,6,7,8,3,2,1,1,0,0,0,,
8,2001,econ,out,Social Security,0,2,2,1,1,1,1,1,1,1,1,,
8,2001,econ,int,Net Interest (Rate Effect),0,-7,-5,-1,0,1,0,0,0,0,0,,
8,2001,econ,int,Debt Service,0,2,5,8,10,12,14,15,15,16,16,,
8,2001,econ,out,Other,0,1,1,1,1,1,1,2,2,2,3,,
8,2001,tech,,Technical,,,,,,,,,,,,,
8,2001,tech,rev,Revenues,-10,-17,-15,-14,-10,-8,-8,-9,-9,-9,-8,,
8,2001,tech,out,Outlays,,,,,,,,,,,,,
8,2001,tech,out,Discretionary,3,0,0,0,0,0,0,0,0,0,0,,
8,2001,tech,out,Mandatory,,,,,,,,,,,,,
8,2001,tech,out,Medicaid,2,2,1,1,1,1,1,1,1,1,1,,
8,2001,tech,out,Spectrum Auctions,0,6,0,0,0,0,0,0,0,0,0,,
8,2001,tech,int,Net Interest,1,-2,-1,0,0,-1,-1,-1,-1,-1,-1,,
8,2001,tech,int,Debt Service,0,2,3,4,5,5,6,7,8,9,10,,
8,2001,tech,out,Other,0,3,0,-1,0,-1,0,-2,2,1,3,,
8,2001,baseline,def,August 2001 Baseline,-153,-176,-172,-201,-244,-289,-340,-389,-450,-507,-628,,
1,2002,leg,,Legislative,,,,,,,,,,,,,
1,2002,leg,rev,Revenues,0,-2,-2,-3,-3,-2,-2,-2,-2,-2,,,
1,2002,leg,out,Outlays,,,,,,,,,,,,,
1,2002,leg,out,Discretionary,34,42,44,46,48,49,50,50,51,52,,,
1,2002,leg,out,Mandatory,,,,,,,,,,,,,
1,2002,leg,int,Debt Service,1,3,6,9,12,16,20,23,28,32,,,
1,2002,leg,out,Other,4,4,3,1,1,1,1,0,0,0,,,
1,2002,econ,,Economic,,,,,,,,,,,,,
1,2002,econ,rev,Revenues,-105,-80,-48,-44,-45,-48,-52,-58,-61,-67,,,
1,2002,econ,out,Outlays,,,,,,,,,,,,,
1,2002,econ,out,Discretionary,1,1,0,1,1,2,2,3,4,4,,,
1,2002,econ,out,Mandatory,,,,,,,,,,,,,
1,2002,econ,out,Unemployment Insurance,9,10,3,1,0,0,0,0,0,0,,,
1,2002,econ,out,Medicare,-1,-2,-4,-5,-5,-4,-4,-4,-4,-4,,,
1,2002,econ,out,Social Security,-2,-5,-6,-6,-7,-7,-7,-8,-10,-11,,,
1,2002,econ,int,Net Interest (Rate effects),-15,-13,-5,-3,-2,-2,-1,-1,-1,-1,,,
1,2002,econ,int,Debt Service,1,6,10,12,15,17,20,24,28,32,,,
1,2002,econ,out,Other,1,0,-2,-3,-3,-3,-3,-3,-3,-4,,,
1,2002,tech,,Technical,,,,,,,,,,,,,
1,2002,tech,rev,Revenues,-46,-43,-51,-50,-49,-45,-41,-36,-32,4,,,
1,2002,tech,out,Outlays,,,,,,,,,,,,,
1,2002,tech,out,Discretionary,8,4,2,2,2,1,2,2,2,2,,,
1,2002,tech,out,Mandatory,,,,,,,,,,,,,
1,2002,tech,out,Medicare,-2,-3,-4,-5,-8,-10,-11,-13,-15,-25,,,
1,2002,tech,out,Medicaid,-1,0,1,2,2,4,4,5,6,7,,,
1,2002,tech,out,Social Security,-1,0,0,0,1,2,4,6,11,16,,,
1,2002,tech,out,Unemployment Insurance,3,3,1,1,2,2,2,2,3,3,,,
1,2002,tech,out,Universal Service Fund,-1,-1,-7,-8,-7,-7,-7,-7,-7,-7,,,
1,2002,tech,out,Spectrum Auctions,-5,5,-3,-10,0,0,0,0,0,0,,,
1,2002,tech,int,Net Interest,3,3,3,6,8,8,7,8,8,9,,,
1,2002,tech,int,Debt Service,1,3,7,9,12,15,19,22,25,27,,,
1,2002,tech,out,Other,8,1,-3,-6,-8,-5,-6,-5,-8,-8,,,
1,2002,baseline,def,January 2002 Baseline,21,14,-54,-103,-128,-166,-202,-250,-294,-439,-641,,
3,2002,leg,,Legislative,,,,,,,,,,,,,
3,2002,leg,rev,Revenues,0,0,0,0,0,0,0,0,0,0,0,,
3,2002,leg,out,Outlays,,,,,,,,,,,,,
3,2002,leg,out,Discretionary,0,0,0,0,0,0,0,0,0,0,0,,
3,2002,leg,out,Mandatory,0,0,1,1,1,1,1,1,1,1,1,,
3,2002,leg,int,Debt Service,0,0,0,0,0,0,0,0,0,1,1,,
3,2002,econ,,Economic,,,,,,,,,,,,,
3,2002,econ,rev,Revenues,23,15,3,0,0,0,0,0,0,0,0,,
3,2002,econ,out,Outlays,,,,,,,,,,,,,
3,2002,econ,int,Debt Service,0,-1,-2,-2,-2,-3,-3,-3,-3,-3,-3,,
3,2002,tech,,Technical,,,,,,,,,,,,,
3,2002,tech,rev,Revenues,0,0,0,0,0,1,1,1,1,2,2,,
3,2002,tech,out,Outlays,,,,,,,,,,,,,
3,2002,tech,out,Discretionary,-2,-3,0,0,-2,-2,-2,-2,-2,-2,-2,,
3,2002,tech,out,Mandatory,,,,,,,,,,,,,
3,2002,tech,out,Medicare,-1,-2,-3,-6,-6,-7,-9,-10,-12,-12,-10,,
3,2002,tech,out,Medicaid,3,2,2,2,2,2,2,2,2,2,2,,
3,2002,tech,int,Debt Service,0,0,-1,-1,-1,-2,-2,-3,-4,-5,-5,,
3,2002,tech,out,Other,-3,-1,-1,-2,1,3,3,3,4,5,6,,
3,2002,baseline,def,March 2002 Baseline,-5,-6,-61,-111,-135,-175,-213,-263,-309,-454,-653,,
8,2002,leg,,Legislative,,,,,,,,,,,,,
8,2002,leg,rev,Revenues,-43,-40,-30,-4,15,16,16,13,10,7,4,,
8,2002,leg,out,Outlays,,,,,,,,,,,,,
8,2002,leg,out,Discretionary,6,23,23,25,26,27,28,28,29,30,30,,
8,2002,leg,out,Mandatory,,,,,,,,,,,,,
8,2002,leg,out,Farm bill,2,8,10,10,10,9,8,8,8,7,7,,
8,2002,leg,out,Trade act,0,0,1,1,1,1,1,1,1,1,1,,
8,2002,leg,out,Stimulus package,8,4,0,0,0,0,0,0,0,0,0,,
8,2002,leg,out,Spectrum auctions,0,3,0,1,-2,-2,0,0,0,0,0,,
8,2002,leg,int,Debt service,0,3,8,12,14,16,18,21,23,26,29,,
8,2002,leg,out,Other,0,0,0,0,0,0,0,0,0,0,0,,
8,2002,econ,,Economic,,,,,,,,,,,,,
8,2002,econ,rev,Revenues,0,-22,-35,-32,-20,-10,1,10,20,31,41,,
8,2002,econ,out,Outlays,,,,,,,,,,,,,
8,2002,econ,out,Discretionary,0,-2,-4,-5,-4,-4,-3,-3,-2,-1,1,,
8,2002,econ,out,Mandatory,,,,,,,,,,,,,
8,2002,econ,out,Social Security,0,-1,-3,-4,-5,-6,-7,-8,-10,-11,-12,,
8,2002,econ,out,Unemployment insurance,-5,-4,0,-1,0,0,0,0,0,0,0,,
8,2002,econ,int,Net interest,1,-15,-12,-5,-1,0,0,0,0,0,0,,
8,2002,econ,int,Debt service,0,0,0,1,2,2,2,1,-1,-3,-5,,
8,2002,econ,out,Other,0,-1,-1,-1,-1,-1,-1,-1,0,0,1,,
8,2002,tech,,Technical,,,,,,,,,,,,,
8,2002,tech,rev,Revenues,-104,-61,-61,-62,-61,-62,-66,-72,-74,-74,-75,,
8,2002,tech,out,Outlays,,,,,,,,,,,,,
8,2002,tech,out,Discretionary,-4,1,0,1,1,1,1,1,1,1,1,,
8,2002,tech,out,Mandatory,,,,,,,,,,,,,
8,2002,tech,out,Medicare,5,2,-1,-2,-3,-4,-5,-6,-7,-8,-10,,
8,2002,tech,int,Debt service,1,10,15,14,16,21,29,36,41,48,55,,
8,2002,tech,out,Other,1,-3,10,5,0,7,5,3,5,5,3,,
8,2002,baseline,def,August 2002 Baseline,157,145,111,39,-15,-52,-88,-133,-177,-323,-522,,
1,2003,leg,,Legislative,,,,,,,,,,,,,
1,2003,leg,rev,Revenues,0,0,0,0,0,1,1,1,1,1,,,
1,2003,leg,out,Outlays,,,,,,,,,,,,,
1,2003,leg,out,Discretionary,,,,,,,,,,,,,
1,2003,leg,out,Defense,7,12,14,14,14,15,15,15,16,16,,,
1,2003,leg,out,Nondefensea,-1,-4,-8,-11,-13,-14,-15,-15,-15,-16,,,
1,2003,leg,out,Mandatory,,,,,,,,,,,,,
1,2003,leg,out,Unemployment insurance,8,0,0,0,0,0,0,0,0,0,,,
1,2003,leg,out,Terrorism insurance,0,1,2,2,1,1,0,0,0,0,,,
1,2003,leg,int,Debt service,0,1,1,2,2,2,3,3,3,3,,,
1,2003,leg,out,Other,0,1,1,1,1,1,1,1,1,1,,,
1,2003,econ,,Economic,,,,,,,,,,,,,
1,2003,econ,rev,Revenues,-9,-14,-8,-2,-1,-6,-9,-16,-31,-50,,,
1,2003,econ,out,Outlays,,,,,,,,,,,,,
1,2003,econ,out,Discretionary,0,0,-1,-1,-1,-1,-1,-1,0,1,,,
1,2003,econ,out,Mandatory,,,,,,,,,,,,,
1,2003,econ,out,Social Security,0,-1,-3,-4,-5,-5,-6,-7,-8,-9,,,
1,2003,econ,out,Medicare,0,0,-1,-1,-2,-2,-2,-3,-3,-3,,,
1,2003,econ,out,Medicaid,1,0,0,-1,-1,-1,-2,-2,-2,-2,,,
1,2003,econ,out,Unemployment insurance,-2,3,2,1,1,0,0,0,-1,-1,,,
1,2003,econ,int,Net interest,-12,-31,-20,-9,-5,-4,-3,-2,-2,-2,,,
1,2003,econ,int,Debt service,0,0,-1,-2,-3,-4,-5,-5,-5,-4,,,
1,2003,econ,out,Other,-1,-1,-1,-2,-1,-1,-2,-1,-1,-2,,,
1,2003,tech,,Technical,,,,,,,,,,,,,
1,2003,tech,rev,Revenues,-32,-15,-11,-10,-8,-5,-2,0,7,8,,,
1,2003,tech,out,Outlays,,,,,,,,,,,,,
1,2003,tech,out,Discretionary,4,6,2,2,2,3,3,4,3,5,,,
1,2003,tech,out,Mandatory,,,,,,,,,,,,,
1,2003,tech,out,Social Security,1,1,2,2,2,2,2,3,3,3,,,
1,2003,tech,out,Veterans’ benefits,1,2,3,3,2,2,2,2,2,1,,,
1,2003,tech,out,Medicare,5,9,10,9,8,5,4,4,6,8,,,
1,2003,tech,out,Commodity Credit Corp,-6,-3,1,2,2,3,4,4,4,4,,,
1,2003,tech,out,Unemployment insurance,1,1,2,2,2,2,2,2,2,2,,,
1,2003,tech,out,Electromagnetic spectrum trans,4,4,4,2,0,-2,0,0,0,0,,,
1,2003,tech,int,Net interest,4,3,1,2,2,3,3,3,4,5,,,
1,2003,tech,int,Debt service,0,2,5,7,9,11,13,15,16,18,,,
1,2003,tech,out,Other,-1,-1,0,-1,0,-3,4,2,0,2,,,
1,2003,baseline,def,January 2003 Baseline,199,145,73,16,-26,-65,-103,-140,-277,-451,-508,,
3,2003,leg,,Legislative,,,,,,,,,,,,,
3,2003,leg,rev,Revenues,0,0,0,0,0,0,0,0,0,0,0,,
3,2003,leg,out,Outlays,,,,,,,,,,,,,
3,2003,leg,out,Discretionary,9,19,18,18,19,19,20,20,21,21,22,,
3,2003,leg,out,Mandatory,4,3,3,4,5,6,7,6,6,5,4,,
3,2003,leg,int,Debt service,0,1,2,4,5,7,9,11,13,15,17,,
3,2003,econ,,Economic,,,,,,,,,,,,,
3,2003,econ,rev,Revenues,0,0,0,0,0,0,0,0,0,0,0,,
3,2003,econ,out,Outlays,0,0,0,0,0,0,0,0,0,0,0,,
3,2003,tech,,Technical,,,,,,,,,,,,,
3,2003,tech,rev,Revenues,-30,-30,-20,-10,0,0,0,0,0,0,0,,
3,2003,tech,out,Outlays,,,,,,,,,,,,,
3,2003,tech,out,Discretionary,4,2,1,1,1,1,1,1,1,1,1,,
3,2003,tech,out,Mandatory,,,,,,,,,,,,,
3,2003,tech,out,Medicaid,1,2,3,2,3,3,3,4,4,4,4,,
3,2003,tech,out,Medicare,3,1,0,-1,-1,-1,-1,-1,-1,-3,-3,,
3,2003,tech,int,Debt service,0,1,3,4,4,4,5,5,5,5,5,,
3,2003,tech,out,Other,-4,-4,0,-1,-1,-1,-2,-2,-3,-2,-1,,
3,2003,baseline,def,March 2003 Baseline,246,200,123,57,9,-27,-61,-96,-231,-405,-459,,
8,2003,leg,,Legislative,,,,,,,,,,,,,
8,2003,leg,rev,Revenues,-53,-135,-77,-20,-13,-17,-11,-4,4,2,2,,
8,2003,leg,out,Outlays,,,,,,,,,,,,,
8,2003,leg,out,Discretionary,,,,,,,,,,,,,
8,2003,leg,out,Defense,27,54,62,65,66,68,70,72,74,75,77,,
8,2003,leg,out,Nondefense,6,14,17,18,19,19,20,20,21,21,22,,
8,2003,leg,out,Mandatory,,,,,,,,,,,,,
8,2003,leg,out,Unemployment insurance,3,5,0,0,0,0,0,0,0,0,0,,
8,2003,leg,out,JGTRRA,9,12,5,0,0,0,0,0,0,0,0,,
8,2003,leg,out,Other,0,2,4,1,0,0,0,0,0,0,0,,
8,2003,leg,int,Debt service,0,5,13,22,32,41,50,59,67,76,85,,
8,2003,econ,,Economic,,,,,,,,,,,,,
8,2003,econ,rev,Revenues,-16,-13,-12,-12,-15,-17,-19,-23,-20,-12,-8,,
8,2003,econ,out,Outlays,,,,,,,,,,,,,
8,2003,econ,out,Discretionary,0,0,-2,-3,-4,-4,-5,-6,-7,-8,-8,,
8,2003,econ,out,Mandatory,,,,,,,,,,,,,
8,2003,econ,out,Social Security,0,-1,-2,-2,-3,-4,-5,-6,-7,-8,-10,,
8,2003,econ,out,Medicaid,0,0,0,-1,-2,-2,-3,-4,-5,-6,-7,,
8,2003,econ,out,Earned income/child tax cr.,1,1,1,1,1,1,1,1,2,1,2,,
8,2003,econ,out,Unemployment insurance,2,5,3,2,0,1,0,0,0,0,0,,
8,2003,econ,out,Other,-1,0,0,0,0,0,0,0,0,0,-1,,
8,2003,econ,int,Net interest(rate effect),-2,-17,-31,-30,-17,-7,-3,-1,-1,-1,0,,
8,2003,econ,int,Debt service,0,0,0,-1,-1,-2,-2,-1,-1,-2,-2,,
8,2003,tech,,Technical,,,,,,,,,,,,,
8,2003,tech,rev,Revenues,-53,-51,-51,-51,-55,-50,-45,-41,-39,-40,-34,,
8,2003,tech,out,Outlays,,,,,,,,,,,,,
8,2003,tech,out,Discretionary,-12,-5,0,1,2,2,2,1,1,0,0,,
8,2003,tech,out,Mandatory,,,,,,,,,,,,,
8,2003,tech,out,Social Security,-2,-3,0,0,1,3,4,5,6,8,9,,
8,2003,tech,out,Unemployment insurance,-6,-3,0,0,0,0,0,0,0,0,0,,
8,2003,tech,int,Net interest,3,3,2,5,8,10,10,9,8,7,6,,
8,2003,tech,int,Debt service,0,0,3,7,9,14,19,25,29,34,39,,
8,2003,tech,out,Other,5,9,3,0,0,0,-2,-1,-2,-3,-4,,
8,2003,baseline,def,August 2003 Baseline,401,480,341,225,203,197,170,145,9,-161,-211,,
1,2004,leg,,Legislative,,,,,,,,,,,,,
1,2004,leg,rev,Revenues,0,-1,0,0,0,0,0,0,0,0,,,
1,2004,leg,out,Outlays,,,,,,,,,,,,,
1,2004,leg,out,Discretionary,,,,,,,,,,,,,
1,2004,leg,out,Defense,0,-1,-2,-1,-1,-1,-1,0,0,0,,,
1,2004,leg,out,Nondefense,2,10,13,15,15,15,15,16,16,16,,,
1,2004,leg,out,Mandatory,,,,,,,,,,,,,
1,2004,leg,out,Medicare&Medicaid,4,6,27,40,44,47,50,53,59,66,,,
1,2004,leg,out,Military retirement,1,2,2,2,3,3,3,4,4,4,,,
1,2004,leg,out,Tanker acquisition,0,1,2,2,2,2,2,2,2,1,,,
1,2004,leg,out,Other,-2,0,1,1,0,0,0,0,0,0,,,
1,2004,leg,int,Net interest,,,,,,,,,,,,,
1,2004,leg,int,Debt service,0,0,2,5,8,12,16,20,25,31,,,
1,2004,leg,int,Other,0,-1,0,-2,-1,0,1,0,0,0,,,
1,2004,econ,,Economic,,,,,,,,,,,,,
1,2004,econ,rev,Revenues,7,1,-15,-36,-55,-72,-89,-109,-132,-158,,,
1,2004,econ,out,Outlays,,,,,,,,,,,,,
1,2004,econ,out,Discretionary,0,-1,-6,-11,-14,-17,-20,-22,-25,-28,,,
1,2004,econ,out,Mandatory,,,,,,,,,,,,,
1,2004,econ,out,Social Security,0,-2,-5,-8,-10,-12,-15,-18,-21,-25,,,
1,2004,econ,out,Other COLA programs,0,0,-2,-2,-3,-3,-4,-5,-5,-6,,,
1,2004,econ,out,Medicare,0,0,-1,-2,-3,-4,-6,-8,-9,-12,,,
1,2004,econ,out,Unemployment insurance,-7,-6,-6,-4,-3,-3,-3,-3,-3,-4,,,
1,2004,econ,out,Other,-1,-3,0,0,-1,-7,-3,-3,-5,-5,,,
1,2004,econ,int,Net interest,,,,,,,,,,,,,
1,2004,econ,int,Rate effect,0,-4,-2,-4,-9,-13,-14,-15,-16,-16,,,
1,2004,econ,int,Debt service,0,-1,-1,-2,-2,-1,0,2,4,7,,,
1,2004,tech,,Technical,,,,,,,,,,,,,
1,2004,tech,rev,Revenues,-15,-16,-4,1,-3,-7,-5,-20,-25,-35,,,
1,2004,tech,out,Outlays,,,,,,,,,,,,,
1,2004,tech,out,Discretionary,-5,-3,2,2,2,2,2,2,0,1,,,
1,2004,tech,out,Mandatory,,,,,,,,,,,,,
1,2004,tech,out,Medicaid,-2,-2,-2,-2,-2,-2,-2,-3,-3,-4,,,
1,2004,tech,out,Medicare,3,2,0,1,1,-1,1,2,1,1,,,
1,2004,tech,out,Farm programs (CCC),-5,-3,-2,-1,0,0,0,1,1,1,,,
1,2004,tech,out,Food Stamps,3,2,2,1,0,0,0,0,0,0,,,
1,2004,tech,out,Spectrum receipts,0,8,3,-2,-3,0,0,0,0,0,,,
1,2004,tech,out,Credit reestimates,5,0,0,0,0,0,0,0,0,0,,,
1,2004,tech,out,Other,-9,-2,-1,0,-2,-2,-2,-4,-2,-2,,,
1,2004,tech,int,Net interest,,,,,,,,,,,,,
1,2004,tech,int,Debt service,-1,-1,0,0,1,1,2,3,5,7,,,
1,2004,tech,int,Other,3,4,1,1,1,3,0,0,0,1,,,
1,2004,baseline,def,January 2004 Baseline,477,362,269,267,278,268,261,162,24,16,-13,,
3,2004,leg,,Legislative,0,0,0,0,0,0,0,0,0,0,0,,
3,2004,tech,,Technical,,,,,,,,,,,,,
3,2004,tech,rev,Revenues,0,1,-1,-1,-1,-1,-1,-1,-2,-2,-9,,
3,2004,tech,out,Outlays,,,,,,,,,,,,,
3,2004,tech,out,Discretionary,-1,0,0,0,0,0,0,0,0,0,0,,
3,2004,tech,out,Mandatory,,,,,,,,,,,,,
3,2004,tech,out,Medicare,3,5,3,4,4,6,4,6,4,6,7,,
3,2004,tech,out,Medicaid,0,1,1,3,3,4,4,4,4,4,4,,
3,2004,tech,int,Debt service,0,0,0,0,0,1,1,2,3,4,6,,
3,2004,tech,int,Other,-2,-4,-1,-1,0,1,1,1,1,2,2,,
3,2004,baseline,def,March 2004 Baseline,477,363,273,274,286,281,272,176,38,34,15,,
9,2004,other,,Revenues,,,,,,,,,,,,,
9,2004,leg,rev,Legislative,3,6,1,-1,-1,-2,-3,-2,-1,-1,-1,,
9,2004,econ,rev,Economic,14,29,31,33,35,41,43,44,40,35,30,,
9,2004,tech,rev,Technical,37,10,-9,-10,-8,-8,-4,0,-2,-2,-2,,
9,2004,other,,Outlays,,,,,,,,,,,,,
9,2004,leg,out,Legislative,,,,,,,,,,,,,
9,2004,leg,out,Discretionary,,,,,,,,,,,,,
9,2004,leg,out,Defense,0,26,34,36,37,37,38,39,39,40,41,,
9,2004,leg,out,Nondefense,0,2,2,2,2,2,2,2,2,2,2,,
9,2004,leg,out,Mandatory,0,0,0,0,0,0,0,0,0,0,0,,
9,2004,leg,int,Net Interest (Debt Service),0,0,2,4,6,8,11,14,17,20,23,,
9,2004,econ,,Economic,,,,,,,,,,,,,
9,2004,econ,out,Discretionary,0,3,8,10,10,9,9,8,8,7,7,,
9,2004,econ,out,Mandatory,,,,,,,,,,,,,
9,2004,econ,out,Social Security,0,5,6,7,8,9,10,12,14,16,18,,
9,2004,econ,out,Medicaid,0,1,2,3,3,4,5,6,7,8,9,,
9,2004,econ,out,Other,-3,-1,1,1,1,2,2,2,2,2,2,,
9,2004,econ,int,Net Interest,,,,,,,,,,,,,
9,2004,econ,int,Debt service,0,-1,-2,-3,-4,-5,-6,-7,-8,-9,-9,,
9,2004,econ,int,Rate Effect/inflation,2,-2,-1,0,-1,0,0,0,0,0,0,,
9,2004,tech,,Technical,,,,,,,,,,,,,
9,2004,tech,out,Discretionary,-8,-2,1,0,0,0,0,0,0,0,0,,
9,2004,tech,out,Mandatory,,,,,,,,,,,,,
9,2004,tech,out,Social Security,-1,-1,-1,-2,-3,-3,-4,-5,-5,-6,-7,,
9,2004,tech,out,Farm programs (CCC),-3,-2,-2,-2,-1,0,0,0,0,0,0,,
9,2004,tech,out,Medicaid,2,1,1,0,0,0,0,0,0,0,0,,
9,2004,tech,out,Sept. 11 victim compensation,3,-2,0,0,0,0,0,0,0,0,0,,
9,2004,tech,out,Other,2,1,1,2,2,2,0,0,1,1,1,,
9,2004,tech,int,Net interest,,,,,,,,,,,,,
9,2004,tech,int,Debt service,0,-1,-2,-2,-2,-2,-2,-2,-3,-3,-4,,
9,2004,tech,int,Other,5,3,-2,0,0,-1,-3,-3,-5,-5,-6,,
9,2004,baseline,def,September 2004 Baseline,422,348,298,308,318,312,298,200,70,75,65,,
1,2005,other,,Revenues,,,,,,,,,,,,,
1,2005,leg,rev,Legislative,-32,-46,-25,-14,-6,-6,0,1,0,-1,,,
1,2005,econ,rev,Economic,-14,-25,-23,-9,3,14,18,28,37,43,,,
1,2005,tech,rev,Technical,9,4,-2,-1,-8,-22,-33,-33,-34,-33,,,
1,2005,other,,Outlays,,,,,,,,,,,,,
1,2005,leg,out,Legislative,,,,,,,,,,,,,
1,2005,leg,out,Discretionary,,,,,,,,,,,,,
1,2005,leg,out,Defense,-33,-76,-89,-93,-95,-97,-100,-101,-104,-106,,,
1,2005,leg,out,Nondefense,1,-6,-12,-14,-15,-15,-15,-15,-14,-14,,,
1,2005,leg,out,Mandatory,5,9,1,1,3,2,-2,-2,-2,-2,,,
1,2005,leg,int,Net interest (Debt service),0,0,-3,-7,-13,-19,-25,-33,-40,-49,,,
1,2005,econ,out,Economic,,,,,,,,,,,,,
1,2005,econ,out,Discretionary,0,2,2,2,2,2,2,2,2,1,,,
1,2005,econ,out,Mandatory,-1,4,5,2,9,-1,1,0,-1,-11,,,
1,2005,econ,int,Net interest,,,,,,,,,,,,,
1,2005,econ,int,Debt service,0,1,3,4,4,4,4,3,2,-1,,,
1,2005,econ,int,Rate effect/inflation,-1,-4,-4,-3,-2,-2,-1,-1,-1,-1,,,
1,2005,tech,,Technical,,,,,,,,,,,,,
1,2005,tech,out,Discretionary,-3,-6,-2,0,-2,-3,-4,-5,-5,-5,,,
1,2005,tech,out,Mandatory,,,,,,,,,,,,,
1,2005,tech,out,Medicaid,3,4,4,4,4,4,4,3,2,1,,,
1,2005,tech,out,Food Stamps,3,3,3,3,3,3,3,3,3,3,,,
1,2005,tech,out,Unemployment Insurance,-4,-5,-3,-3,-3,-3,-2,-2,-1,0,,,
1,2005,tech,out,Farm programs (CCC),8,6,3,0,-1,-1,-1,-2,-2,-1,,,
1,2005,tech,out,Credit reestimates,7,0,0,0,0,0,0,0,0,0,,,
1,2005,tech,out,Other,-2,-2,-2,0,-8,3,0,-3,-4,4,,,
1,2005,tech,int,Net interest,,,,,,,,,,,,,
1,2005,tech,int,Debt service,0,-1,-1,-1,0,0,2,3,5,7,,,
1,2005,tech,int,Other,0,1,-2,-2,-2,0,-1,5,3,3,,,
1,2005,baseline,def,January 2005 Baseline,368,295,261,235,207,189,80,-71,-85,-115,-141,,
3,2005,other,,Revenues,,,,,,,,,,,,,
3,2005,leg,rev,Legislative,0,0,0,0,0,0,0,0,0,0,0,,
3,2005,tech,rev,Technical,0,0,0,0,0,0,0,0,0,0,0,,
3,2005,other,out,Outlays,,,,,,,,,,,,,
3,2005,tech,out,Technical,,,,,,,,,,,,,
3,2005,tech,out,Discretionary,-1,1,1,1,1,0,0,0,0,0,0,,
3,2005,tech,out,Mandatory,,,,,,,,,,,,,
3,2005,tech,out,Medicare,2,2,5,7,6,5,7,6,8,11,13,,
3,2005,tech,out,Medicaid,-2,-3,-3,-2,-2,-2,-2,-2,-3,-4,-4,,
3,2005,tech,out,Social Security,0,1,1,1,2,2,2,2,3,3,3,,
3,2005,tech,out,Veterans' compensation,0,0,1,1,1,1,2,2,2,2,3,,
3,2005,tech,out,Student loans,0,1,1,1,1,1,1,1,1,1,1,,
3,2005,tech,out,Other,-1,3,2,2,2,4,3,3,2,0,-2,,
3,2005,tech,int,Net interest,-1,-2,-1,0,1,1,2,2,3,3,5,,
3,2005,baseline,def,March 2005 Baseline,365,298,268,246,219,201,95,-57,-69,-99,-122,,
8,2005,other,,Revenues,,,,,,,,,,,,,
8,2005,leg,rev,Legislative,0,0,-2,-2,-2,-2,-2,-2,-1,-1,-2,,
8,2005,econ,rev,Economic,28,21,11,8,10,13,14,15,14,13,13,,
8,2005,tech,rev,Technical,56,48,30,12,6,0,1,-5,-7,-9,-10,,
8,2005,other,,Outlays,,,,,,,,,,,,,
8,2005,leg,out,Legislative,,,,,,,,,,,,,
8,2005,leg,out,Discretionary,,,,,,,,,,,,,
8,2005,leg,out,Defense,32,69,77,80,82,84,86,86,89,91,93,,
8,2005,leg,out,Nondefense,2,7,8,8,8,8,8,8,9,9,9,,
8,2005,leg,out,Mandatory,0,1,0,0,0,0,0,0,0,0,0,,
8,2005,leg,int,Net interest (Debt Service),0,3,7,12,18,24,30,37,43,51,59,,
8,2005,econ,out,Economic,,,,,,,,,,,,,
8,2005,econ,out,Discretionary,0,1,3,3,4,4,4,4,4,4,4,,
8,2005,econ,out,Mandatory,,,,,,,,,,,,,
8,2005,econ,out,Social Security,0,4,7,8,9,9,10,10,11,12,13,,
8,2005,econ,out,Medicare,0,1,3,2,2,2,3,4,4,5,6,,
8,2005,econ,out,Other,-1,-3,-2,-1,-1,-1,-1,-1,-1,-2,-2,,
8,2005,econ,int,Net interest,,,,,,,,,,,,,
8,2005,econ,int,Debt service,0,-1,-2,-3,-3,-3,-3,-3,-3,-3,-3,,
8,2005,econ,int,Rate effect/inflation,4,-2,-9,-5,-3,-2,-1,0,0,0,0,,
8,2005,tech,out,Technical,,,,,,,,,,,,,
8,2005,tech,out,Discretionary,-1,-1,-1,0,-1,-1,-1,0,0,0,0,,
8,2005,tech,out,Mandatory,,,,,,,,,,,,,
8,2005,tech,out,Medicarea,5,1,3,2,3,3,3,3,4,4,4,,
8,2005,tech,out,Medicaid,1,1,1,1,0,0,0,0,0,0,0,,
8,2005,tech,out,Earned income and child tax credit,2,3,4,4,4,4,4,2,2,2,2,,
8,2005,tech,out,Other,6,3,3,1,2,2,2,2,2,3,3,,
8,2005,tech,int,Net interest,,,,,,,,,,,,,
8,2005,tech,int,Debt service,0,-3,-5,-6,-7,-7,-7,-7,-7,-6,-6,,
8,2005,tech,int,Other,0,1,-2,1,-1,1,-1,-2,-2,-2,-2,,
8,2005,baseline,def,August 2005 Baseline,331,314,324,335,321,317,218,78,80,66,57,,
1,2006,other,,Revenues,,,,,,,,,,,,,
1,2006,leg,rev,Legislative,-7,-6,-1,0,0,0,0,0,0,0,,,
1,2006,econ,rev,Economic,29,47,50,50,52,51,50,51,52,54,,,
1,2006,tech,rev,Technical,10,24,23,17,13,13,15,14,12,10,,,
1,2006,other,out,Outlays,,,,,,,,,,,,,
1,2006,leg,out,Legislative,,,,,,,,,,,,,
1,2006,leg,out,Discretionary,17,-11,-16,-20,-22,-23,-23,-25,-26,-27,,,
1,2006,leg,out,Mandatory,,,,,,,,,,,,,
1,2006,leg,out,Flood Insurance,16,1,0,0,0,0,0,0,0,0,,,
1,2006,leg,out,Other Mandatory,0,1,1,1,0,0,0,0,0,0,,,
1,2006,leg,int,Net interest (Debt service),1,2,1,1,0,-1,-2,-4,-5,-6,,,
1,2006,econ,out,Economic,,,,,,,,,,,,,
1,2006,econ,out,Discretionary,0,0,0,0,0,0,0,0,0,0,,,
1,2006,econ,out,Mandatory,,,,,,,,,,,,,
1,2006,econ,out,Social Security,3,3,3,3,2,2,2,2,2,2,,,
1,2006,econ,out,Oil and Gas Receipts,-2,-2,-2,-2,-2,-2,-2,-2,-2,-2,,,
1,2006,econ,out,Other Mandatory,0,-3,-1,1,1,1,1,1,0,0,,,
1,2006,econ,int,Net interest,,,,,,,,,,,,,
1,2006,econ,int,Debt service,0,-2,-4,-7,-11,-14,-18,-22,-27,-32,,,
1,2006,econ,int,Rate effect/inflation,9,7,-4,-11,-16,-18,-20,-20,-20,-20,,,
1,2006,tech,out,Technical,,,,,,,,,,,,,
1,2006,tech,out,Discretionary,-9,3,6,8,7,6,6,6,7,7,,,
1,2006,tech,out,Mandatory,,,,,,,,,,,,,
1,2006,tech,out,Medicare,6,7,13,14,13,10,8,10,12,13,,,
1,2006,tech,out,Medicaid,0,-1,-1,-2,-2,-3,-3,-3,-4,-4,,,
1,2006,tech,out,Food Stamps,3,3,3,3,3,3,3,3,3,3,,,
1,2006,tech,out,Credit reestimates,10,0,0,0,0,0,0,0,0,0,,,
1,2006,tech,out,Other,2,3,1,1,-2,-3,-2,-3,-2,-5,,,
1,2006,tech,int,Net interest,,,,,,,,,,,,,
1,2006,tech,int,Debt service,0,-1,-1,-1,-1,0,0,0,0,1,,,
1,2006,tech,int,Other,-1,1,-3,-2,0,2,-1,2,3,4,,,
1,2006,baseline,def,January 2006 Baseline,337,270,259,241,222,114,-38,-40,-57,-73,-67,,
3,2006,other,,Revenues,,,,,,,,,,,,,
3,2006,tech,rev,Technical,0,0,0,1,1,1,1,1,1,1,1,,
3,2006,other,,Outlays,,,,,,,,,,,,,
3,2006,leg,out,Legislative,,,,,,,,,,,,,
3,2006,leg,out,Discretionary,0,1,1,1,1,1,1,1,1,1,1,,
3,2006,leg,out,Mandatory,-5,4,-4,-21,-12,-12,-14,-13,-11,-11,-12,,
3,2006,leg,int,Net interest (Debt Service),0,0,0,-1,-1,-2,-3,-3,-4,-5,-6,,
3,2006,tech,out,Technical,,,,,,,,,,,,,
3,2006,tech,out,Discretionary,3,-1,-5,-3,-1,-2,-2,-2,-3,-3,-3,,
3,2006,tech,out,Mandatory,,,,,,,,,,,,,
3,2006,tech,out,Medicare,-5,-4,1,6,11,22,2,11,11,12,28,,
3,2006,tech,out,Medicaid,-1,-1,-1,-2,-3,-5,-6,-8,-10,-12,-15,,
3,2006,tech,out,Social Security,0,0,1,1,1,1,2,2,2,2,2,,
3,2006,tech,out,Other,7,-3,2,4,1,2,2,2,0,3,4,,
3,2006,tech,int,Net interest,,,,,,,,,,,,,
3,2006,tech,int,Debt service,0,0,0,0,0,1,1,1,1,1,1,,
3,2006,tech,int,Other,0,-1,-4,-1,-2,-2,-2,-3,-3,-5,-2,,
3,2006,baseline,def,March 2006 Baseline,336,265,250,224,216,117,-58,-53,-74,-91,-70,,
8,2006,other,,Revenues,,,,,,,,,,,,,
8,2006,leg,rev,Legislative,-4,-32,-7,-21,-16,-7,-6,-12,-13,-14,-16,,
8,2006,econ,rev,Economic,18,35,33,26,20,17,14,12,13,13,12,,
8,2006,tech,rev,Technical,77,51,48,27,3,7,11,8,8,10,7,,
8,2006,other,,Outlays,,,,,,,,,,,,,
8,2006,leg,out,Legislative,,,,,,,,,,,,,
8,2006,leg,out,Discretionary,,,,,,,,,,,,,
8,2006,leg,out,Defense,22,51,65,69,72,74,75,77,78,80,82,,
8,2006,leg,out,Nondefense,4,14,21,26,29,29,29,30,30,31,32,,
8,2006,leg,out,Mandatory,,,,,,,,,,,,,
8,2006,leg,out,Pension Protection Act,0,0,0,0,-1,-1,-1,-1,-1,-1,-1,,
8,2006,leg,out,Other,0,2,0,0,0,0,0,0,0,0,0,,
8,2006,leg,int,Net interest (Debt Service),0,4,9,15,20,26,33,40,47,55,63,,
8,2006,econ,out,Economic,,,,,,,,,,,,,
8,2006,econ,out,Discretionary,0,2,3,3,3,4,4,4,4,4,4,,
8,2006,econ,out,Mandatory,,,,,,,,,,,,,
8,2006,econ,out,Social Security,0,4,5,5,5,5,5,6,6,6,7,,
8,2006,econ,out,Other,-2,0,1,2,1,1,1,0,-1,-1,-1,,
8,2006,econ,int,Net interest,,,,,,,,,,,,,
8,2006,econ,int,Debt service,0,-1,-2,-3,-3,-3,-4,-4,-4,-5,-5,,
8,2006,econ,int,Rate effect/inflation,4,9,11,8,4,3,2,1,1,1,1,,
8,2006,tech,out,Technical,,,,,,,,,,,,,
8,2006,tech,out,Discretionary,-3,-1,0,0,0,0,0,0,0,0,0,,
8,2006,tech,out,Mandatory,,,,,,,,,,,,,
8,2006,tech,out,Medicaid,-8,-4,-2,-1,-1,-1,-1,-1,0,0,0,,
8,2006,tech,out,Student Loans,8,0,0,0,0,0,0,0,0,0,0,,
8,2006,tech,out,Other,-9,0,-4,-2,0,1,1,1,2,3,2,,
8,2006,tech,int,Net interest,,,,,,,,,,,,,
8,2006,tech,int,Debt service,-1,-6,-9,-12,-13,-14,-15,-16,-17,-18,-19,,
8,2006,tech,int,Other,0,1,-1,2,3,3,2,0,1,1,1,,
8,2006,baseline,def,August 2006 Baseline,260,286,273,304,328,227,54,76,64,56,93,,
8,2006,baseline,def_exact,August 2006 Exact,,286.0736332330566,273.2479976309623,304.2644683007993,327.5297275607863,226.6566824009556,53.76681613244318,75.54528893525276,64.39852025563005,56.49515075959789,93.1891943995497,,
1,2007,other,,Revenues,,,,,,,,,,,,,
1,2007,leg,rev,Legislative,-15.620243346938469,-10.96968363242035,-4.496797341222722,-3.009727589424491,-2.007563492897015,-1.45467330386678,-1.058203669786369,-1.065571963618274,-1.045604188066911,-0.9389990086541056,,,
1,2007,econ,rev,Economic,-13.438484081468079,-5.986159745741851,2.956328454620012,-5.150965229182187,-11.91689484674444,-15.78141172689503,-25.78091359589931,-34.4019113375567,-41.99266099422782,-49.89447849419745,,,
1,2007,tech,rev,Technical,56.593248719630807,64.78516360110665,35.80033213443048,19.13969326881753,24.84738908153295,24.04457188904365,21.70854258213624,19.62725376936737,16.63865187511931,16.7200340399649,,,
1,2007,other,out,Outlays,,,,,,,,,,,,,
1,2007,leg,out,Legislative,,,,,,,,,,,,,
1,2007,leg,out,Discretionary,,,,,,,,,,,,,
1,2007,leg,out,Defense,-14.422000000000001,-38.074,-47.598,-51.478,-54.332,-55.199,-56.914,-58.22,-59.64,-61.454,,,
1,2007,leg,out,Nondefense,-12.763999999999999,-31.352,-44.067,-51.675,-56.003,-58.218,-59.58,-60.784,-62.305,-63.655,,,
1,2007,leg,out,Mandatory,1.8819999999999999,0.75,-1.849,-1.798,-2.073999999999998,-0.652,-0.186,-0.347,-0.824,-0.857,,,
1,2007,leg,int,Net interest (Debt Service),-0.19851701138776129,-1.84020702258104,-5.322421208609653,-10.0539597433457,-15.51436716801705,-21.49519733025852,-27.86888976701034,-34.66463383545635,-41.9405255254972,-49.69594344432838,,,
1,2007,econ,out,Economic,,,,,,,,,,,,,
1,2007,econ,out,Discretionary,0,2.546,3.132,3.317,3.471,3.594,3.69,3.681,4.343,4.231,,,
1,2007,econ,out,Mandatory,,,,,,,,,,,,,
1,2007,econ,out,Social Security,0.4000000000000199,-2.099999999999995,-2.700000000000073,-2.900000000000005,-3.100000000000051,-3.200000000000017,-3.399999999999949,-3.89999999999992,-4.600000000000051,-5.400000000000091,,,
1,2007,econ,out,Other,-0.35,0.295,0.270999999999999,0.6759999999999988,0.8929999999999998,0.8300000000000005,-0.09899999999999975,-0.7379999999999995,-1.071,-1.275,,,
1,2007,econ,int,Net interest,,,,,,,,,,,,,
1,2007,econ,int,Debt service,0.1106484236700961,0.2438959091497254,-0.03314039709820793,-0.2852730805480359,-0.079929416978608,0.446767909953686,1.354150994374155,2.723362388006859,4.517190664902914,6.728801300317069,,,
1,2007,econ,int,Rate effect/inflation,-8.0909999999999993,-7.55,-9.06,-5.626,-4.493,-3.125,-2.092,-1.725,-1.425,-1.555,,,
1,2007,tech,out,Technical,,,,,,,,,,,,,
1,2007,tech,out,Discretionary,-14.3,-5.301,1.386,3.431,3.947,1.488,0.633,0.61,0.414,0.78,,,
1,2007,tech,out,Mandatory,,,,,,,,,,,,,
1,2007,tech,out,Medicare,-17.012,-21.629,-28.062,-33.694,-40.464,-41.648,-49.776,-60.231,-70.519,-82.188,,,
1,2007,tech,out,Medicaid,-2.1930000000000001,-4.904,-6.258,-6.594,-7.045,-7.438,-8.199,-9.08,-10.035,-11.063,,,
1,2007,tech,out,Farm Programs (CCC),-4.4669999999999996,-5.168,-4.997,-4.01,-3.573,-2.959,-2.263,-1.601,-1.141,-0.545,,,
1,2007,tech,out,Other,-9.1720000000000148,-2.851000000000006,4.312000000000076,-2.375,-5.387999999999948,-5.411999999999978,-5.525000000000063,-4.949000000000069,-4.815999999999931,-3.281999999999911,,,
1,2007,tech,int,Net interest,,,,,,,,,,,,,
1,2007,tech,int,Debt service,-2.353902799518321,-8.646253830624595,-12.96280807617698,-16.64382263788663,-20.6758941311856,-25.29488597497711,-30.3385566731281,-35.97115255851984,-42.2686207272694,-49.29045196544664,,,
1,2007,tech,int,Other,-3.5222286127640139,-1.68143505594409,0.1933696818848412,0.08705546178035695,1.157190716181263,0.9433153952819484,0.5872954457642845,0.3414240059693257,-0.05004441213631071,-0.4774058905420534,,,
1,2007,baseline,def,January 2007 Baseline,172.08611194183237,98.15667740801786,116.38960505297156,136.9287271105755,12.459751659064125,-170.38067072583866,-159.30113638119784,-184.6162502125623,-208.46623593322664,-191.69536213756373,-249,,
3,2007,other,,Revenues,,,,,,,,,,,,,
3,2007,tech,rev,Technical,0,0,0,1,1,1,1,1,1,1,1,,
3,2007,other,,Outlays,,,,,,,,,,,,,
3,2007,leg,out,Legislative,,,,,,,,,,,,,
3,2007,leg,out,Discretionary,,,,,,,,,,,,,
3,2007,leg,out,Defense,1,2,2,2,3,3,3,3,3,3,3,,
3,2007,leg,out,Nondefense,7,11,11,10,10,10,10,11,11,11,11,,
3,2007,leg,out,Mandatory,0,0,0,0,0,0,0,0,0,0,0,,
3,2007,leg,int,Net interest (Debt Service),0,1,1,2,3,3,4,5,6,7,8,,
3,2007,tech,out,Technical,,,,,,,,,,,,,
3,2007,tech,out,Discretionary,-3,-1,-1,-2,-2,-1,-2,-2,-2,-2,-2,,
3,2007,tech,out,Mandatory,,,,,,,,,,,,,
3,2007,tech,out,Medicare,-2,1,4,5,7,2,4,4,3,5,3,,
3,2007,tech,out,Medicaid,0,0,1,1,1,2,3,4,5,6,7,,
3,2007,tech,out,Social Security,-1,-1,-1,-1,-1,-1,-2,-2,-2,-3,-3,,
3,2007,tech,out,Veterans' Compensation,1,1,1,1,1,1,2,2,2,3,3,,
3,2007,tech,out,Other,1,2,0,1,2,0,1,0,-1,-1,2,,
3,2007,tech,int,Net interest,,,,,,,,,,,,,
3,2007,tech,int,Debt service,0,0,1,1,1,1,2,2,2,2,3,,
3,2007,tech,int,Other,1,-1,-1,1,-1,-4,-4,-4,-3,-1,-2,,
3,2007,baseline,def,March 2007 Baseline,177.08611194183237,113.15667740801786,134.38960505297155,156.9287271105755,35.459751659064125,-155.38067072583866,-139.30113638119784,-162.6162502125623,-185.46623593322664,-162.69536213756373,-217,,
8,2007,other,,Revenues,,,,,,,,,,,,,
8,2007,leg,rev,Legislative,0,0,0,-3.561,-2.249,7.081,-3.874,1.139,0.995,0.757,0.568,,
8,2007,econ,rev,Economic,20.209,28.881,31.876,41.832,49.755,56.217,63.433,70.282,75.559,79.333,84.659,,
8,2007,tech,rev,Technical,14.797000000000001,22.187,14.067,10.574,10.387,8.734,9.239,8.929,8.188,8.814,7.999,,
8,2007,other,,Outlays,,,,,,,,,,,,,
8,2007,leg,out,Legislative,,,,,,,,,,,,,
8,2007,leg,out,Discretionary,,,,,,,,,,,,,
8,2007,leg,out,Defense,25.637,66.805,89.859,100.092,104.82,106.44,109.17,111.472,113.764,116.608,118.333,,
8,2007,leg,out,Nondefense,2.2280000000000002,9.664,13.408,16.145,17.822,18.747,19.283,19.686,20.094,20.517,20.939,,
8,2007,leg,out,Mandatory,0,2.786,0,0,0,0,0,0,0,0,0,,
8,2007,leg,int,Net interest (Debt Service),0,3.3903584,8.142439999999999,13.9745865,20.588684400000002,27.5195179,34.9800936,43.1036273,51.6460128,60.76642099999999,70.460255,,
8,2007,econ,out,Economic,,,,,,,,,,,,,
8,2007,econ,out,Discretionary,0,1.536,2.353,2.81,2.829,3.245,3.188,2.967,2.817,3.364,3.62,,
8,2007,econ,out,Mandatory,,,,,,,,,,,,,
8,2007,econ,out,Social Security,0,4.4,5.309999999999986,5.1,5.310000000000014,5.300000000000023,5.4,5.400000000000006,5.7,5.9,5.999999999999977,,
8,2007,econ,out,Unemployment Comp.,-0.64200000000000002,-1.124,-2.119,-1.732,-1.757,-1.937,-2.155,-2.372,-2.47,-2.668,-2.842,,
8,2007,econ,out,Medicare,0,0.58,0.62,0.96,1.42,1.41,1.57,1.69,1.82,2.04,2.13,,
8,2007,econ,out,Student Loans,0.69799999999999995,1.245,1.239,1.102,1.108,1.107,1.122,1.168,1.222,1.282,1.332,,
8,2007,econ,out,Other,-0.50600000000000001,0.611209743098934,1.313704972700682,2.253263502420032,2.558668949670448,2.469887680977526,2.70287633444235,2.769946236395369,2.842623423079285,3.08182726094261,3.147101068733556,,
8,2007,econ,int,Net interest,,,,,,,,,,,,,
8,2007,econ,int,Debt service,0,-1.325009198371146,-2.360226749281708,-3.479456756187812,-5.00394002845459,-6.96058878638555,-9.371508935481804,-12.28043396218002,-15.66742181211572,-19.44088451766611,-23.61449818659504,,
8,2007,econ,int,Rate effect/inflation,4.6589999999999998,0,5.93,6.915,6.614,6.03,5.33,4.546,3.723,3.257,2.345,,
8,2007,tech,out,Technical,,,,,,,,,,,,,
8,2007,tech,out,Discretionary,-15.129,-4.295,-3.235,-2.421,-2.263,-1.185,-0.808,-0.777,-0.781,-0.818,-0.84,,
8,2007,tech,out,Mandatory,,,,,,,,,,,,,
8,2007,tech,out,Medicare,6.0309999999999997,4.5,4.6,3.8,4,4.2,4.5,4.7,5.1,5.4,5.9,,
8,2007,tech,out,Unemployment Comp.,0.76800000000000002,0.813,0.866,0.922,0.967,1.001,1.047,1.098,1.146,1.193,1.244,,
8,2007,tech,out,Other,-2.980999999999999,2.664790256901068,2.231295027299332,2.286736497579969,0,0,-0.6148763344423491,0,0,0,0,,
8,2007,tech,int,Net interest,,,,,,,,,,,,,
8,2007,tech,int,Debt service,0,-1.861349201628854,-2.55721325071829,-2.98812974381219,-3.38674437154541,-3.78592911361445,-4.0975846645182,-4.562193337819981,-4.95659098788428,-5.36853648233388,-5.78975681340496,,
8,2007,tech,int,Other,-5,3,1.312,0.957,1,1.186,0.583,-1,-0.564,-1.031,-1,,
8,2007,baseline,def_pre,August 2007 Baseline,157.84311194183238,155.4786774080179,215.35960505297152,254.78072711057547,134.19342060873458,-62.62578304486115,-36.27013638119783,-65.35730397616695,-84.77261251014738,-57.51653487662111,-108.86189893126648,,
8,2007,baseline,def,August 2007 Exact,157.85903267816261,154.6365981443479,215.3485257893021,254.6706478469059,133.9736723953945,-62.27274970424484,-36.04021564486735,-64.73632948094863,-85.4543151968973,-58.21944024415353,-109.2106563589462,,
1,2008,other,,Revenues,,,,,,,,,,,,,
1,2008,leg,rev,Legislative,-69.1538194646281,19.7403347767359,0.0602519145353193,0.716562987357549,2.89427180722575,-0.626794503374338,1.0550086090359,0.668823231940502,0.479336928247566,0.0477821505911364,,,
1,2008,econ,rev,Economic,-33.292520168021703,-60.2220492981776,-62.6596806645289,-54.5588786670259,-44.8273890587509,-44.3110410087828,-43.982315127847,-44.8185990458426,-45.1981102483189,-44.7667643027277,,,
1,2008,tech,rev,Technical,-13.6616579823816,2.22766185994853,19.4726323671235,10.3117385254723,7.14674318752033,10.1400862567505,7.30864489293322,4.16103474562781,2.47872129032627,1.16391306105564,,,
1,2008,other,,Outlays,,,,,,,,,,,,,
1,2008,leg,out,Legislative,,,,,,,,,,,,,
1,2008,leg,out,Discretionary,,,,,,,,,,,,,
1,2008,leg,out,Defense,-20.088000000000001,-39.99,-50.604,-55.547,-55.693,-57.492,-58.451,-59.581,-61.805,-62.141,,,
1,2008,leg,out,Nondefense,5.0670000000000002,6.628,6.657,5.602,4.867,4.738,4.463,4.524,4.38,4.429,,,
1,2008,leg,out,Mandatory,,,,,,,,,,,,,
1,2008,leg,out,Terrorism Risk Insurance,0.2,0.5,0.7,0.8,0.9,1,1,0.8,0.5,0.2,,,
1,2008,leg,out,Medicare,4.2640000000000002,1.387,-1.905,-3.307,-2.232,2.428,0.909,-0.979,-1.051,-1.151,,,
1,2008,leg,out,Education programs,-0.98799999999999999,0.03,0.682,1.931,2.458,-0.013,-2.855,-0.013,-0.016,-0.014,,,
1,2008,leg,out,Other,0.77224487302374856,1.070681190856343,0.01615091821936077,-0.1163917433611557,-0.3335858154008058,-0.2389369997577132,0.02994314508597018,-0.729328755377108,-0.3129151927233436,-0.3795696564990394,,,
1,2008,leg,int,Net interest (Debt service),0.81733490072712667,1.185291939886476,-0.6605193956850717,-2.97054825419381,-5.72670332024602,-8.452145772578694,-11.41318635270856,-14.74215033981585,-18.28349387837264,-22.05366436507742,,,
1,2008,econ,out,Economic,,,,,,,,,,,,,
1,2008,econ,out,Discretionary,0,1.108,0.311,-0.468,-0.672,-0.262,0.45,1.046,2.407,3.481,,,
1,2008,econ,out,Mandatory,,,,,,,,,,,,,
1,2008,econ,out,Medicare,-0.54142222486421465,-2.840556563355526,-4.384574657049094,-5.333772679745872,-5.732429995868497,-6.238373463338792,-6.633897467256251,-7.197491541162877,-9.15237226922341,-9.974256176057558,,,
1,2008,econ,out,Social Security,-0.8,2.4,4,3.9,3.4,2.7,1.6,0.5,-0.5,-1.8,,,
1,2008,econ,out,Unemployment comp.,3.9950000000000001,7.306,2.648,-2.202,-1.885,-1.573,-0.912,-0.981,-1.051,-1.059,,,
1,2008,econ,out,Other,-2.2025327807249369,0.5670279657836987,2.449580052292852,2.56969995390156,1.884128131062675,1.716162024122459,1.823048610293223,1.655516353187407,1.638399150434969,1.629737230493422,,,
1,2008,econ,int,Net interest,,,,,,,,,,,,,
1,2008,econ,int,Debt service,0.23990091254254439,1.569169457721352,4.120158927651199,6.836027757257802,9.208424451856263,11.41901934735237,13.81562041359617,16.38511230748467,19.04040759827133,21.75312700114639,,,
1,2008,econ,int,Rate effect/inflation,-16.60778569510796,-23.89796382695945,-14.27483553173321,-7.75295186445832,-6.377987543984507,-4.700691238636128,-2.264913875122092,-1.232380306120395,-1.333118806865033,-1.067457461556007,,,
1,2008,tech,out,Technical,,,,,,,,,,,,,
1,2008,tech,out,Discretionary,-15.558999999999999,-11.89,-5.78,-2.77,-1.586,-1.663,-2.803,-3.203,-3.767,-3.623,,,
1,2008,tech,out,Mandatory,,,,,,,,,,,,,
1,2008,tech,out,Medicare,-8.8885777751357846,-3.988443436644475,-2.571425342950906,-3.049227320254128,-2.930570004131503,-3.893626536661209,-3.998102532743749,-4.108508458837123,-4.129627730776591,-6.463743823942441,,,
1,2008,tech,out,Medicaid,-1.651,-1.711,-0.986,-1.093,-1.042,-1.262,-1.767,-2.441,-3.125,-3.547,,,
1,2008,tech,out,Food Stamps,1.7210000000000001,2.439,2.71,2.891,2.705,2.134,1.513,1.087,1.108,1.156,,,
1,2008,tech,out,Other,1.338287907701186,7.325290843359958,4.313269029487786,3.207691789459595,3.080457684338131,3.455774975635255,2.4290082446208072,2.329812402189704,1.989516042288374,1.498832426005616,,,
1,2008,tech,int,Net Interest,,,,,,,,,,,,,
1,2008,tech,int,Debt service,-0.7068400657228685,-2.105038512086067,-3.384949820963332,-4.522169336081288,-5.234279896191749,-5.853152025506982,-6.589878774531402,-7.34588772536133,-8.08318309183345,-8.878542180229326,,,
1,2008,tech,int,Other,-2.2376100524388378,-2.423459058562308,-1.051854179269583,0.8906416974756166,1.476546308566012,2.464969689369432,2.355358588765886,2.331306063812897,2.8503881787998,2.869537005716371,,,
1,2008,baseline,def_pre,January 2008 baseline,218.88859575937931,198.2715784507953,240.801444229776,117.00024954959056,-86.95237564024002,-60.82846638946071,-96.41766785507072,-117.360574128623,-94.67538821440846,-150.79058726786525,-222.5682573903,,
1,2008,baseline,def,January 2008 (exact),218.889415057962,198.2722166518134,240.8019210926875,117.000396289453,-86.9524269572687,-60.82854834693694,-96.41742415874126,-117.3603462843038,-94.67496783395109,-150.7912086078433,-222.5682573903006,,
3,2008,other,,Revenues,,,,,,,,,,,,,
3,2008,leg,rev,Legislative,-113.742,-12.271,11.658,8.81,7.642,5.946,3.758,2.343,1.294,1.045,1.054,,
3,2008,econ,rev,Economic,-0.83342971950669054,-15.20520471957769,-6.465448781473961,8.344539771976839,11.83550173228485,8.837216405643021,4.827501604956201,4.628004384731824,6.024750908505792,5.768474830670802,7.14167297740542,,
3,2008,tech,rev,Technical,6.4277741046698784,3.432467892222228,4.214509260454959,1.820668636116734,1.365810183136743,0.3298622887922454,-0.6868311529642505,-0.7317725262309056,-0.4502111739051465,-0.276805196155439,-0.52749216455791,,
3,2008,other,,Outlays,,,,,,,,,,,,,
3,2008,leg,out,Legislative,,,,,,,,,,,,,
3,2008,leg,out,Mandatory,,,,,,,,,,,,,
3,2008,leg,out,Refundable tax credits,37.752000000000002,3.95,0,0,0,0,0,0,0,0,0,,
3,2008,leg,out,Other,-1.0000000000047751E-3,-0.00100000000000033,-0.003,-0.004,-0.003,-0.001,0.001,0.002,0.002,0.003,0.003,,
3,2008,leg,out,Discretionary,0.223,0.301,0.311,0.322,0.33,0.339,0.35,0.361,0.371,0.383,0.394,,
3,2008,leg,int,Net interest (Debt service),1.1682132000000001,3.9723735,5.880508,6.791910499999999,7.022555599999999,7.387215499999999,7.726810300000001,7.986279299999998,8.297067499999997,8.669290199999999,9.225450699999998,,
3,2008,econ,out,Economic,,,,,,,,,,,,,
3,2008,econ,out,Mandatory,,,,,,,,,,,,,
3,2008,econ,out,Medicare,-3.1E-2,-1.002,-1.518,-2.074,-2.397,-3.045,-3.364,-3.94,-4.768,-5.32,-6.106,,
3,2008,econ,out,Social Security,0,0,-1.908,-3.926,-4.314,-4.082,-3.647,-3.229,-2.744,-2.292,-2.1,,
3,2008,econ,out,Other,-0.57699999999999996,-1.482,-2.424000000000003,-3.064,-2.071000000000002,-2.271,-2.03,-1.664,-1.625999999999999,-1.488000000000001,-1.294000000000002,,
3,2008,econ,out,Discretionary outlays,0,-0.822,-1.362,-1.091,-0.472,-0.135,-0.024,0.025,0.044,0.058,0.055,,
3,2008,econ,int,Net interest,,,,,,,,,,,,,
3,2008,econ,int,Debt service,-7.3138991159798494E-2,-0.4837326430175973,-1.564681515745335,-3.35692649414364,-5.291310680068889,-6.97342563281612,-8.432387504410263,-9.736885332007288,-11.0486572785555,-12.43079893931945,-13.92626672628579,,
3,2008,econ,int,Rate effect/inflation,-9.7240000000000002,-31.44,-24.953,-18.879,-9.296,-7.086,-5.016,-2.915,-2.269,-2.382,-2.161,,
3,2008,tech,out,Technical,,,,,,,,,,,,,
3,2008,tech,out,Mandatory,,,,,,,,,,,,,
3,2008,tech,out,Medicare,0.90700000000000003,4.799,8.393,13.464,12.407,16.488,20.497,23.416,26.049,26.207,25.776,,
3,2008,tech,out,Veterans' benefits and services,1.0960000000000001,1.113,1.381,1.686,1.607,1.754,1.902,1.905,2.232,2.132,2.226,,
3,2008,tech,out,Spectrum auction & OCS receipts,-10.742000000000001,0.5860000000000001,-0.794,-0.408,-0.548,-0.596,-0.733,-0.613,-0.686,-0.702,-0.976,,
3,2008,tech,out,Other,-1.1759999999999999,2.222,0.5149999999999988,1.225999999999999,0.7780000000000005,0.2519999999999989,0.684000000000001,0.357999999999997,0.1110000000000007,0.4690000000000012,1.526,,
3,2008,tech,out,Discretionary,2.7490000000000001,1.545,1.677,1.854,1.438,1.178,1.491,1.302,1.448,1.316,2.536,,
3,2008,tech,int,Net interest,,,,,,,,,,,,,
3,2008,tech,int,Debt service,0.38127965009837128,0.06783969803080044,0.4407131111878407,1.385110823364677,2.695622685684483,3.65143334700024,5.049353853498277,6.872505058700111,8.947332218764402,11.16180158640873,13.2963996964598,,
3,2008,tech,int,Other,7.85,1.096,-2.384,1.483,1.183,-0.632,-0.519,-0.788,-1.701,-2.093,0.101,,
3,2008,baseline,def,March 2008 Baseline,356.83942453173734,206.7374340341821,213.082400209149,93.43428271058043,-104.7268712670747,-69.7134038271881,-90.3803179616452,-104.2576791161119,-78.88476512834283,-133.63658539526938,-201.6608545329741,,
8,2008,other,,Revenues,,,,,,,,,,,,,
8,2008,leg,rev,Legislative,-1.097,-10.67178,4.687939999999999,4.842275000000001,-1.179405,17.84072,-6.652,3.486,3.445,3.179,3.298,,
8,2008,econ,rev,Economic,-4.4380989811597527,-13.64837493869476,-28.60164005010063,-24.82539374311481,-14.55039256143259,-3.402563996767211,-2.309126387000276,-1.295893101294845,-4.318360071401095,-10.60042686520483,-20.39345912711752,,
8,2008,tech,rev,Technical,6.9392090107386606,-49.06253739664747,-11.27057534751369,-2.705943395420646,3.592880641596076,4.617894531045226,8.086992534844468,7.894648599707586,7.282959417413205,7.415423829642696,7.506674819799748,,
8,2008,other,,Outlays,,,,,,,,,,,,,
8,2008,leg,out,Legislative,,,,,,,,,,,,,
8,2008,leg,out,Mandatory,,,,,,,,,,,,,
8,2008,leg,out,Veterans Benefits and Services,-0.14099999999999999,0.372,3.624,5.502,6.92,6.696,6.635,7.118,7.776,8.126,8.476,,
8,2008,leg,out,Unemployment Benefits,4.79,7.765,0,0,0,0,0,-0.2,-0.25,-0.3,-0.35,,
8,2008,leg,out,Housing Bill,0.39,25.643,7.525,1.383,1.188,1.134,0.803,0.847,0.882,0.918,0.958,,
8,2008,leg,out,Other,1.597,11.154,5.558,0.7559999999999985,-4.464,-4.503,1.247000000000001,2.568999999999999,-0.16,-4.585,-4.576000000000001,,
8,2008,leg,out,Discretionary,,,,,,,,,,,,,
8,2008,leg,out,Defense,28.681999999999999,64.333,85.483,95.775,98.358,101.83,104.465,106.769,109.728,111.422,113.104,,
8,2008,leg,out,Nondefense,1.6,8.538,13.914,16.962,18.896,20.277,21.336,21.925,22.411,22.911,23.418,,
8,2008,leg,int,Net interest (Debt service),9.8838999999999996E-2,2.913570488,8.74401457,15.8443382095,23.0249563325,30.1514064565,38.044336883,47.0115828625,56.2130431495,65.83399045649999,75.95204084399998,,
8,2008,econ,out,Economic,,,,,,,,,,,,,
8,2008,econ,out,Mandatory,,,,,,,,,,,,,
8,2008,econ,out,Social Security,0,13.2529345070994,19.68205306441433,22.17300162934684,23.239,23.43,23.50090068459281,23.43265957005647,23.42040284743747,22.98116039929543,22.5,,
8,2008,econ,out,Oil and Gas Receipts,-2.4729999999999999,-6.275,-7.23,-7.771,-7.917,-9.236,-9.165,-9.475,-9.781,-9.702,-11.098,,
8,2008,econ,out,Other COLA Programs,0,4.218,6.05,7.103,6.99,7.449,7.658,7.878,8.377,8.323,8.259,,
8,2008,econ,out,Medicare,0,2.047,3.181,4.03,4.098,4.597,4.884,5.196,5.759,5.951,6.08,,
8,2008,econ,out,Food Stamps,3.2647786150080821E-2,2.609735590718743,3.944435050916826,4.185172401882889,3.743728602782335,3.430832931469001,3.398722514203457,3.527995282176665,3.646898063532942,3.775562586291574,3.951219923643446,,
8,2008,econ,out,Earned Income Credit,0,-0.116,0.367,1.878,2.536,3.16,3.316,3.357,3.307,3.471,3.56,,
8,2008,econ,out,Unemployment Benefits,2.5999999999999999E-2,1.981,6.008,4.501,0.421,0.162,0.167,0.147,0.181,0.156,0.161,,
8,2008,econ,out,Other,0.34200000000000008,1.597000000000001,1.613,1.63300000000001,1.872999999999998,1.862000000000002,1.970999999999989,2.021999999999998,1.923999999999999,2.167999999999999,2.597000000000008,,
8,2008,econ,out,Discretionary,0,5.201,10.608,11.62,12.004,12.163,12.83,13.269,13.24,13.336,13.24,,
8,2008,econ,int,Net interest,,,,,,,,,,,,,
8,2008,econ,int,Debt service,3.8157499404917403E-2,1.071313853976988,4.006384862672648,8.624618178011973,13.10954398658702,17.06467472874509,20.88924678556987,24.89075784546786,29.14228586991842,33.86477701163084,39.20585133204351,,
8,2008,econ,int,Rate effect/inflation,12.31021454227378,7.771578951525165,5.100856575903464,11.79506598572419,7.033867599687103,7.727060763842394,7.301942192266333,6.87864967192228,7.170216981136111,7.748973392678589,7.643545638958394,,
8,2008,tech,out,Technical,,,,,,,,,,,,,
8,2008,tech,out,Mandatory,,,,,,,,,,,,,
8,2008,tech,out,Deposit Insurance,16.54,-0.57,-4.22,-4.6,-4.02,-2.37,0.23,0.03,0.23,0.03,-0.12,,
8,2008,tech,out,Social Security,0.45,1.199065492900598,1.200946935585667,1.29199837065316,1.604,1.922,2.215099315407191,2.505340429943528,2.794597152562535,3.094839600704567,3.352,,
8,2008,tech,out,Agriculture Programs,-1.708,0.971,0.86,1.804,5.243,3.171,0.633,0.067,0.137,0.032,0.043,,
8,2008,tech,out,Other,-11.164,-0.393,0.6559999999999999,0.5169999999999997,0.8189999999999991,1.159,1.516,0.585,0.2639999999999998,0.6584374137084268,1.282780076356554,,
8,2008,tech,out,Discretionary,2.73,2.107,2.082,1.5,1.153,0.97,1.207,1.197,1.158,1.292,1.249,,
8,2008,tech,int,Net interes,,,,,,,,,,,,,
8,2008,tech,int,Debt service,1.40035005950826E-2,0.7451156580230113,2.090600567327353,2.906043612488027,3.246499680912982,3.487918814754914,3.696416331430137,3.837659292032138,3.949670980581577,4.107232531869172,4.357107823956503,,
8,2008,tech,int,Other,-2.1446905009972719,-0.04446374548633867,1.454742237158128,-0.9570438056500388,-0.6793987190829939,-0.2235433007385773,0.5463690695490423,0.9780380705360712,0.8927177392921276,1.796997859497682,3.328396623393977,,
8,2008,baseline,def,August 2008 Baseline,407.44548632958498,438.2119771662818,430.5697094707418,324.57953943107293,125.83024313614828,146.74189603310674,169.81984966652942,162.02124841011036,207.11846830960627,173.780388892469,134.50187203669606,,
1,2009,other,,Changes to Revenue Projections,,,,,,,,,,,,,
1,2009,leg,rev,Legislative,-104.1616195074774,-6.177253618930448,-3.431950365804004,-2.905110697696145,-1.492862691333229,-2.259050849218944,-0.05188353053937445,0.6276859474739162,8.277129516211835,3.821292076912163,,,
1,2009,econ,rev,Economic,-105.99369957437349,-203.8294060692011,-241.8489999470711,-243.2498863512361,-215.5524767919671,-191.4003977673154,-187.2623883622401,-198.0018154687328,-211.6712967084815,-225.5760467783719,,,
1,2009,tech,rev,Technical,-152.18030508527369,-138.1052894946993,-107.5641459983646,-80.40796900237315,-48.41110620608154,-32.0832780413791,-23.90132486420424,-17.99814091392835,-15.49822762848214,-14.90663335608881,,,
1,2009,other,,Changes to Outlay Projections,,,,,,,,,,,,,
1,2009,leg,out,Legislative,,,,,,,,,,,,,
1,2009,leg,out,Mandatory outlays,,,,,,,,,,,,,
1,2009,leg,out,TARP,183.90700000000001,5.006,0.005,0.006,0.006,0.006,0.006,0.007,0.007,0.007,,,
1,2009,leg,out,Unemployment compensation,9.1300000000000008,0,0,0,0,0,0,0,0,0,,,
1,2009,leg,out,Other,4.617999999999995,2.313999999999999,1.425,1.53,0.213,-0.009,0.026,0.097,0.566,-1.194,,,
1,2009,leg,out,Discretionary outlays,,,,,,,,,,,,,
1,2009,leg,out,Defense,-21.728000000000002,-61.013,-88.4,-99.24,-104.605,-107.868,-110.686,-113.813,-115.723,-117.174,,,
1,2009,leg,out,Nondefense,0.11,-5.504,-8.647,-11.524,-13.26,-13.614,-13.502,-13.995,-14.369,-14.461,,,
1,2009,leg,int,Net interest outlays (Debt service),3.0373516849424789,8.0863358651598,10.25186832801277,11.61339478623328,5.910860324246858,-2.816207145239087,-9.962169472608402,-18.59236703093709,-28.1714603518245,-46.82698587121958,,,
1,2009,econ,out,Economic,,,,,,,,,,,,,
1,2009,econ,out,Mandatory outlays,,,,,,,,,,,,,
1,2009,econ,out,Social Security,0.5,-10.3,-19.8,-25,-28,-29.7,-31.8,-34.7,-38.3,-42.4,,,
1,2009,econ,out,Other COLA programs,0.17499999999999999,-3.414,-6.628,-7.385,-8.09,-8.01,-7.973,-8.297,-8.198,-8.093,,,
1,2009,econ,out,SNAP,4.8440000000000003,10.811,14.33,15.035,12.408,10.155,7.959,5.66,3.653,1.572,,,
1,2009,econ,out,Unemployment compensation,11.723000000000001,20.96,13.123,7.991,3.432,-0.482,-0.66,-0.697,-0.739,-0.671,,,
1,2009,econ,out,Medicare,-1.280448156269655,-1.816402110246087,-4.964342680836551,-6.239564226355754,-7.394982503946713,-9.921099039794054,-12.64024980114071,-14.39613813526201,-15.09346953995273,-15.37722829633815,,,
1,2009,econ,out,Medicaid,1.948,3.733,2.634,-0.425,-3.471,-6.096,-7.961,-9.468,-10.854,-12.352,,,
1,2009,econ,out,Earned income credit,-0.29799999999999999,-1.118,-3.525,-3.439,-3.305,-3.009,-2.413,-2.269,-2.221,-2.354,,,
1,2009,econ,out,Oil and gas receiptsa,6.056,7.085,7.517,8.231,8.39,8.174,7.946,8.046,7.872,7.91,,,
1,2009,econ,out,Student loans,-5.1840000000000002,-8.125,-6.984,-4.23,-1.092,-0.128,-0.198,-0.278,-0.378,-0.473,,,
1,2009,econ,out,Other,1.0239999999999969,1.266999999999999,0.5390000000000046,0.4819999999999993,-0.1809999999999938,-0.6690000000000111,-1.196999999999996,-1.671999999999997,-2.280999999999992,-2.884000000000015,,,
1,2009,econ,out,Discretionary outlays,0.22900000000000001,-1.458,-8.095,-13.29,-15.932,-18.213,-19.521,-20.464,-20.978,-21.931,,,
1,2009,econ,int,Net interest outlays,,,,,,,,,,,,,
1,2009,econ,int,Debt service,0.33501772123614909,1.778395657013432,5.273721573767087,13.07967723250732,23.6979472081773,32.46550877342841,40.29564852744526,47.89789236208245,56.13495024549785,64.96840881809734,,,
1,2009,econ,int,Rate effect/inflation,-44.018612092213793,-79.2994607783285,-104.4653748914961,-80.53061904918017,-42.59498484476995,-27.86497314474745,-20.00610051820317,-13.96822529369858,-9.685486615555048,-8.159895314482775,,,
1,2009,tech,out,Technical,,,,,,,,,,,,,
1,2009,tech,out,Mandatory outlays,,,,,,,,,,,,,
1,2009,tech,out,Fannie/Freddie,217.7,15.4,14.4,8.2,5.6,3.1,3.5,3.7,3.8,3.9,,,
1,2009,tech,out,Deposit insurance,24.128,27.018,3.706,-18.913,-16.764,-9.566,-3.423,-1.631,0.164,-1.402,,,
1,2009,tech,out,Social Security,0.64700000000000002,2.938,5.714,8.312,9.978,11.12,11.67,11.873,11.86,11.81,,,
1,2009,tech,out,Medicare,4.5074481562696551,-5.572597889753913,-9.67065731916345,-3.772435773644246,-8.845017496053288,-6.392900960205945,-5.815750198859292,-9.219861864737986,-10.19053046004727,-12.25877170366184,,,
1,2009,tech,out,Medicaid,-2.7719999999999998,-2.899,-2.244,-3.91,-6.132,-8.437,-10.498,-13.36,-16.184,-19.343,,,
1,2009,tech,out,Spectrum auction,-17,0.5,-0.4,0,0,0,0,0,0,0,,,
1,2009,tech,out,Other,-9.717000000000013,4.290999999999997,7.602000000000002,-2.183,2.755999999999997,5.378000000000002,6.106999999999999,7.022,6.363000000000003,7.11,,,
1,2009,tech,out,Discretionary outlays,4.101,-1.874,-2.676,-0.401,0.506,0.635,0.508,0.588,1.087,1.335,,,
1,2009,tech,int,Net interest outlays,,,,,,,,,,,,,
1,2009,tech,int,Debt service,0.48504522898371122,3.049421340877375,9.814688127453763,22.44642938791969,33.74641801403777,38.66051135861839,42.43150276647609,45.31850751333312,47.66848155798407,49.76203968025405,,,
1,2009,tech,int,Other,7.99219745705145,-7.671692084722119,-8.797903137737492,-5.217882357480136,-2.224240701691982,-2.761839842060275,-1.48588130310976,-3.986807550779921,-4.744484836102369,-3.785567312649037,,,
1,2009,other,,Total Deficit,,,,,,,,,,,,,
1,2009,baseline,def_pre,as Projected in January 2009,1185.7466013334065,702.8536586535727,498.4626357423126,263.6192091874537,256.9513417224886,249.6985763244429,233.94384516709408,271.8927387447934,233.73778371322084,188.39726009424467,235.30453495444,,
1,2009,baseline,def,January 2009 exact,1185.7482699816351,702.854085194152,498.4613463311343,263.6191440984521,256.9507681137316,249.7007658993371,233.9742631157674,271.8921635206234,233.7385196139558,188.3977341617183,235.30453495444,,
3,2009,other,,Changes to Revenue Projections,,,,,,,,,,,,,
3,2009,leg,rev,Legislative,-60.990597741935481,-172.5545197983871,-0.8400021774193558,17.40209805107527,10.43537689516129,12.54319510080645,14.01868266129032,12.58920836021505,11.79873608870968,11.72267046370968,6.776452735215053,,
3,2009,econ,rev,Economic,-44.561135471885002,-14.19937055606887,-23.91936308796476,-44.70225484977431,-71.24869374158271,-109.2227966689567,-145.0186066076598,-175.2671907923835,-201.2501266822147,-231.7823128114402,-259.4501319387743,,
3,2009,tech,rev,Technical,-66.042142838646072,-12.19104132177772,-16.7042086385911,-10.67502203286812,-11.16804108619368,-11.34158760204539,-5.70567663798748,-5.205110419827145,-5.569527718175411,-5.645206242795556,-5.051631788480055,,
3,2009,,,Changes to Outlay Projections,,,,,,,,,,,,,
3,2009,leg,out,Legislative,,,,,,,,,,,,,
3,2009,leg,out,Mandatory outlays,,,,,,,,,,,,,
3,2009,leg,out,Stimulus,90.256,115.776,55.609,11.681,9.928,16.159,5.752,-3.637,-3.089,-1.474,-1.433,,
3,2009,leg,out,CHIP,2.4510000000000001,4.796,7.289,8.157,9.21,3.309,1,1.004,1.001,1.004,1.012,,
3,2009,leg,out,Other,2.4810000000000092,-0.2289999999999992,0.144999999999996,0.6159999999999997,0.5219999999999985,3.695,4.967,5.373,5.798999999999999,6.263999999999999,6.701000000000001,,
3,2009,leg,out,Discretionary outlays,,,,,,,,,,,,,
3,2009,leg,out,Stimulus,29.759,103.443,70.624,34.507,20.415,11.791,6.102,2.225,0.731,0.501,0.294,,
3,2009,leg,out,Defense,0.59799999999999998,1.115,1.248,1.289,1.308,1.321,1.345,1.366,1.394,1.427,1.459,,
3,2009,leg,out,Nondefense,8.2460000000000004,19.245,22.888,23.899,24.416,24.689,25.302,25.738,26.211,26.733,27.306,,
3,2009,leg,int,Net interest outlays (Debt service),0.52591031390322585,5.440441179185483,13.04303676022177,21.54631577202822,31.0814830531008,40.5028130775074,47.92729795080174,53.69284444000268,58.59185909187903,63.38543116851343,68.67638826155309,,
3,2009,econ,out,Economic,,,,,,,,,,,,,
3,2009,econ,out,Mandatory outlays,,,,,,,,,,,,,
3,2009,econ,out,Social Security,0,0,-5.9,-17.4,-28,-38.5,-47.8,-54,-58.1,-62,-66.6,,
3,2009,econ,out,Other COLA programs,0,-0.031,-2.036,-5.602,-9.073000000000002,-12.37,-15.24,-20.698,-18.244,-18.552,-20.096,,
3,2009,econ,out,Medicare,-0.64100000000000001,0.162,-2.078,-5.967,-11.736,-17.177,-21.885,-26.372,-30.863,-35.882,-41.869,,
3,2009,econ,out,Medicaid,0.749,0.437,-2.596,-5.707,-9.461,-13.632,-16.712,-19.138,-21.646,-24.399,-27.367,,
3,2009,econ,out,Unemployment,4.7249999999999996,1.591,0.732,-0.223,-1.082,-1.787,-2.208,-2.66,-2.875,-3.135,-3.376,,
3,2009,econ,out,Other,-1.210999999999999,-2.171,-1.766,-1.460000000000008,-1.84,-0.5169999999999959,-1.585000000000008,0.1080000000000041,-4.24199999999999,-4.38300000000001,-4.453000000000003,,
3,2009,econ,out,Discretionary outlays,0.105,0.731,-3.623,-13.283,-27.453,-40.648,-51.055,-58.403,-64.128,-70.063,-76.144,,
3,2009,econ,int,Net interest outlays,,,,,,,,,,,,,
3,2009,econ,int,Debt service,0.1159883615254144,0.6639066106448192,1.252444538402034,1.512973904536724,0.5123843505847128,-1.3284243370462,-2.876211725803718,-3.914709245550018,-4.469697919016455,-4.377378656180453,-3.50607957203339,,
3,2009,econ,int,Rate effect/inflation,-5.3294830550648591,4.555537065727804,3.402517495750172,-19.30885765407916,-38.00377808614527,-23.85133714565385,-12.96547488453105,-5.252929218053026,-1.540352139279516,2.591035199050916,5.442362923183202,,
3,2009,tech,out,Technical,,,,,,,,,,,,,
3,2009,tech,out,Mandatory outlays,,,,,,,,,,,,,
3,2009,tech,out,TARP,152,15,0,0,0,0,0,0,0,0,0,,
3,2009,tech,out,Fannie/Freddie,51.607999999999997,5.332,6.822,7.67,8.21,2.205,0.83,-0.205,-0.78,-1,-1.1,,
3,2009,tech,out,Medicare,-2.4430000000000001,-1.956,4.161,10.942,13.443,18.582,13.443,11.378,14.719,21.28,16.569,,
3,2009,tech,out,Deposit insurance,-4.75,5.55,10.41,10.545,7.41,-0.16,-6.01,-6.2,-6.51,-6.48,0.155,,
3,2009,tech,out,Other,3.488,2.453999999999997,3.657999999999998,1.806999999999995,2.435,2.068000000000001,2.651999999999999,1.628,3.029,2.968,4.311,,
3,2009,tech,out,Discretionary outlays,-2.3420000000000001,-10.365,4.725,0.363,0.544,0.573,-0.317,0.162,0.031,-0.24,0.083,,
3,2009,tech,int,Net interest outlays,,,,,,,,,,,,,
3,2009,tech,int,Debt service,0.76110132457135982,2.546652210169698,4.097518701376193,7.848710323435054,16.23413259631448,26.6606112595388,32.80891377500198,38.18586480554734,43.66483882713743,49.76994748766702,56.4676913104803,,
3,2009,tech,int,Other,-21.291,-37.295,-39.337,-44.45,-48.143,-48.869,-51.97,-53.087,-55.406,-33.488,-12.069,,
3,2009,other,,Total Deficit,,,,,,,,,,,,,
3,2009,baseline,def_pre,as Projected in March 2009,1667.2036629790368,1138.5905539361136,692.6954377308598,330.57746527594014,299.8093479602014,310.4376179238789,282.1853888155932,327.06832715456596,312.03808578635676,324.55261795129525,423.49320886966245,,
3,2009,baseline,def,March 2009 exact,1667.2041460340999,1138.59001687039,692.695920235109,330.57732293002,299.808126046347,310.429955069532,282.178863700123,327.068256372619,312.038437925637,324.552582752246,423.49484594648,,
8,2009,other,,Changes to Revenue Projections,,,,,,,,,,,,,
8,2009,leg,rev,Legislative,8.0075985228866831E-3,6.905899348345409,3.079933333333343,-9.820066666666664,-11.77106666666667,12.09093333333334,-0.020066666666663,0.1599333333333381,0.2139333333333321,0.2819333333333383,0.3759333333333309,,
8,2009,econ,rev,Economic,11.24575830327133,-5.636641912931911,-30.94760109702498,-30.64478936863055,-12.93278132752028,-10.72286248868801,-4.419601238598176,3.002070976352635,12.34949660730813,27.24637040223995,46.26799715533711,,
8,2009,tech,rev,Technical,-96.717230406874151,-71.62762905900232,-38.93822926293694,-35.8937925494278,-36.02917966421855,-34.507920913669,-28.16538154614678,-27.26176352381984,-30.95121266128984,-30.15729437061714,-34.00010595373627,,
8,2009,other,,Changes to Outlay Projections,,,,,,,,,,,,,
8,2009,leg,out,Legislative,,,,,,,,,,,,,
8,2009,leg,out,Mandatory outlays,,,,,,,,,,,,,
8,2009,leg,out,Deposit Insurance,1.8480000000000001,11.909,-1.006,0.224,-1.073,-2.348,-3.344,-3.42,-2.231,-0.746,-0.068,,
8,2009,leg,out,Other,-0.19500000000000009,0.1269999999999989,0.02900000000000003,-0.003,0.03099999999999992,0.145,0.09699999999999998,0.214,0.2429999999999999,0.007,0.02400000000000001,,
8,2009,leg,out,Discretionary outlays,,,,,,,,,,,,,
8,2009,leg,out,Defense,24.582000000000001,55.155,72.263,78.124,81.163,82.508,83.705,85.647,86.461,87.298,89.535,,
8,2009,leg,out,Nondefense,5.13,19.124,23.128,25.866,26.272,27.865,28.944,29.423,29.941,30.49,31.056,,
8,2009,leg,int,Net interest outlays (Debt service),1.5678496200738599E-2,0.967410680591171,2.8040785023766,6.52167158741176,13.3618887344693,20.7508536772691,27.9914623320689,36.01128250304451,44.76891903563821,54.2224933180684,64.1089869604445,,
8,2009,econ,out,Economic,,,,,,,,,,,,,
8,2009,econ,out,Mandatory outlays,,,,,,,,,,,,,
8,2009,econ,out,Social Security,0,0,-0.2,0.6,1.5,2.6,4.8,5.7,6.2,7,8.2,,
8,2009,econ,out,Unemployment Compensation,8.6340000000000003,13.526,18.927,9.623,-1.244,-2.665,-2.501,-0.498,-0.487,-0.505,-0.492,,
8,2009,econ,out,Medicare,0,-2.202,-5.724,-5.458,-4.214,-2.674,-1.525,-1.226,-1.632,-2.111,-2.699,,
8,2009,econ,out,Other,4.1329999999999991,4.143000000000001,3.141999999999999,3.622000000000002,2.393,3.051,4.714,5.378000000000001,4.415999999999999,4.089,3.849000000000001,,
8,2009,econ,out,Discretionary outlays,0.125,-2.852,-3.98,-2.739,-0.197,2.564,5.129,6.219,7.568,9.472,10.773,,
8,2009,econ,int,Net interest outlays,,,,,,,,,,,,,
8,2009,econ,int,Debt service,2.2661208483643401E-3,0.239170034176386,0.8348250678083701,1.72535441865856,2.8022878994611,4.02564645985752,5.50358616507185,7.01005218059103,8.345719942998299,9.2711294143062,9.45745418666393,,
8,2009,econ,int,Rate effect/inflation,1.3859999999999999,5.19,-7.651,-17.81,-0.677,8.833,9.976,8.621,10.625,12.734,14.235,,
8,2009,tech,out,Technical,,,,,,,,,,,,,
8,2009,tech,out,Mandatory outlays,,,,,,,,,,,,,
8,2009,tech,out,TARP,-203,60,15,10,3,-0.025,-0.026,-0.029,-0.031,-0.029,-0.031,,
8,2009,tech,out,Medicare,0.65200000000000002,0.723,1.475,2.412,3.563,4.858,6.141,7.647,8.953,9.196,8.695,,
8,2009,tech,out,Medicaid,-3.97,0.577,0.865,1.153,0.737,0.85,1.147,1.464,1.597,1.473,1.242,,
8,2009,tech,out,Unemployment Compensation,6.5119999999999996,1.291,0.907,0.745,0.605,0.563,0.575,0.613,0.643,0.661,0.688,,
8,2009,tech,out,First Time Home Buyers Credit,7.3,0.56,0,0,0,0,0,0,0,0,0,,
8,2009,tech,out,Deposit Insurance,-2.0150000000000001,-22.17,0.082,12.697,6.078,0.203,-0.606,-0.371,-0.055,1.099,2.17,,
8,2009,tech,out,Other,-12.52000000000001,-1.847999999999992,5.245999999999999,4.199000000000009,3.936,4.202999999999993,3.979,4.054,1.393000000000001,1.718,2.004000000000001,,
8,2009,tech,out,Discretionary outlays,-9.4529999999999994,4.562,-6.026,1.563,1.318,1.493,1.177,0.881,0.849,0.891,0.907,,
8,2009,tech,int,Net interest outlays,,,,,,,,,,,,,
8,2009,tech,int,Debt service,-2.594461704910294E-2,1.355419285232443,4.31809642981503,10.03797399392968,18.5898233660696,34.34149986287338,41.423951502859254,39.51466531636446,46.7213610213635,49.2593772676254,55.85155885289157,,
8,2009,tech,int,Other,5.5469999999999997,21.292,37.2,39.654,19.746,23.564,26.169,36.398,40.853,19.428,12.005,,
8,2009,other,,Total Deficit,,,,,,,,,,,,,
8,2009,baseline,def_pre,as Projected in August 2009,1587.3556105391799,1380.6173884939788,921.1358172617377,589.6929715147451,538.2321537047526,558.2758051385556,558.2539131515346,620.419015586753,625.5682206462855,622.0995733872899,722.3620214115458,,
8,2009,baseline,def,August 2009 exact,1587.3556105391799,1380.61738849397,921.135817261737,589.692971514745,538.232153704752,558.275805138555,558.253913151535,620.419015586753,625.568220646285,622.09957338729,722.362021411546,,
1,2010,other,,Changes to Revenue Projections,,,,,,,,,,,,,
1,2010,leg,rev,Legislative,-44,4,7,8,26,-14,5,5,3,1,,,
1,2010,econ,rev,Economic,51,46,25,30,62,76,79,81,75,74,,,
1,2010,tech,rev,Technical,-96,-97,-79,-41,-25,-15,-7,3,12,17,,,
1,2010,other,,Changes to Outlay Projections,,,,,,,,,,,,,
1,2010,leg,out,Legislative chnages,,,,,,,,,,,,,
1,2010,leg,out,Mandatory outlays,,,,,,,,,,,,,
1,2010,leg,out,Unemploymentcompensation,14,0,0,0,0,0,0,0,0,0,,,
1,2010,leg,out,Other,4,1,0,1,-1,0,0,0,-1,0,,,
1,2010,leg,out,Discretionary outlays,,,,,,,,,,,,,
1,2010,leg,out,Defense,0,-3,-8,-10,-10,-11,-11,-11,-11,-11,,,
1,2010,leg,out,Nondefense,13,11,8,5,3,1,0,0,1,1,,,
1,2010,leg,int,Netinterestoutlays(Debtservice),0,1,2,2,1,1,1,0,0,-1,,,
1,2010,econ,out,Economic changes,,,,,,,,,,,,,
1,2010,econ,out,Mandatory outlays,,,,,,,,,,,,,
1,2010,econ,out,Medicare,4,13,10,9,18,16,16,18,20,28,,,
1,2010,econ,out,Medicaid,0,2,2,2,2,4,5,7,8,10,,,
1,2010,econ,out,SocialSecurity,0,0,5,7,6,3,2,2,2,2,,,
1,2010,econ,out,Unemploymentcompensation,-1,3,5,5,4,4,2,2,2,2,,,
1,2010,econ,out,Studentloans,-4,-5,-5,-4,-4,-3,-2,-1,-1,-1,,,
1,2010,econ,out,Other,2,2,5,6,5,4,5,4,4,5,,,
1,2010,econ,out,Discretionaryoutlays,0,4,7,10,13,15,17,18,19,20,,,
1,2010,econ,int,Netinterestoutlays,,,,,,,,,,,,,
1,2010,econ,int,Debtservice,0,-1,-2,-4,-7,-11,-16,-20,-25,-29,,,
1,2010,econ,int,Rateeffectandinflation,-6,-17,-21,-36,-49,-44,-38,-32,-28,-27,,,
1,2010,tech,,Technical outlays,,,,,,,,,,,,,
1,2010,tech,out,Mandatory outlays,,,,,,,,,,,,,
1,2010,tech,out,TARP,-147,-11,-6,0,3,0,0,0,0,0,,,
1,2010,tech,out,VeteransBenefitsandservices,2,7,7,9,10,10,11,9,8,8,,,
1,2010,tech,out,SNAP,4,6,5,6,8,9,10,10,9,9,,,
1,2010,tech,out,Medicaid,-4,-2,-4,-3,-3,-6,-7,-7,-9,-10,,,
1,2010,tech,out,SocialSecurity,3,4,4,4,4,5,5,6,6,6,,,
1,2010,tech,out,BuildAmericaBonds,2,3,3,3,3,3,3,3,3,3,,,
1,2010,tech,out,Studentloans,-4,-3,-3,-2,-2,-2,-1,-1,-1,-1,,,
1,2010,tech,out,FannieMaeandFreddieMac,-5,-8,-5,-6,1,2,2,1,0,0,,,
1,2010,tech,out,Unemploymentcompensation,11,2,0,0,0,0,0,0,0,0,,,
1,2010,tech,out,Depositinsurance,-18,7,1,-8,-2,1,2,4,5,2,,,
1,2010,tech,out,Other,14,-1,5,8,9,2,-4,-2,1,-1,,,
1,2010,tech,out,Discretionaryoutlays,-20,-11,-6,-6,-7,-7,-6,-6,-7,-7,,,
1,2010,tech,int,Net interest outlays,,,,,,,,,,,,,
1,2010,tech,int,Debtservice,0,1,4,9,14,16,19,22,29,35,,,
1,2010,tech,int,Other,15,7,0,-9,-39,-43,-37,-38,-24,-24,,,
1,2010,baseline,def,Total Deficit as Projected in January 2010,1348.6173884939788,980.1358172617377,649.6929715147451,539.2321537047526,475.2758051385556,480.25391315153456,521.419015586753,524.5682206462855,542.0995733872899,649.3620214115458,686.613446108725,,
3,2010,other,,Changes to Revenue Projections,,,,,,,,,,,,,
3,2010,leg,rev,Legislative changes,-0.74399999999999999,-0.4770000000000001,-0.253,-0.255,-0.18,-0.08999999999999998,-0.06000000000000001,0.005,0.015,0.015,0.015,,
3,2010,tech,rev,Technical changes,2.253567901791965,3.680615901791967,3.53607156845871,3.554071568458717,3.582071568458602,3.892071568458658,3.876071568458595,3.847071568458659,3.826071568458659,3.804071568458657,3.780071568458659,,
3,2010,other,,Changes to Outlay Projections,,,,,,,,,,,,,
3,2010,leg,out,Legislative changes,,,,,,,,,,,,,
3,2010,leg,out,Mandatory outlays,7.9059999999999997,0.015,-0.125,-0.082,-0.156,0.054,0.024,0.013,0.013,0.013,0.013,,
3,2010,leg,out,Discretionary outlays,2.1000000000000001E-2,0.046,0.056,0.062,0.063,0.064,0.065,0.067,0.069,0.07,0.072,,
3,2010,leg,int,Net interest,4.5956299999999999E-2,0.1401096,0.1944092,0.2722447000000001,0.3464992,0.4072202,0.4730238999999999,0.5320904999999999,0.5919592,0.6344386999999999,0.6926642000000001,,
3,2010,tech,out,Technical changes,,,,,,,,,,,,,
3,2010,tech,out,Mandatory outlays,,,,,,,,,,,,,
3,2010,tech,out,Medicaid,-2.7930000000000001,-5.21,-5.369,-7.898,-10.892,-11.457,-10.519,-10.111,-11.201,-12.63,-13.973,,
3,2010,tech,out,Student Loans,-8.1059999999999999,0.03,-2.872,-3.212,-3.321,-3.173,-2.998,-2.672,-2.559,-2.599,-2.728,,
3,2010,tech,out,Medicare,5.7039999999999997,5.916,-2.38,-3.032,-0.823,2.242,4.322,4.338,3.803,4.468,5.054,,
3,2010,tech,out,Social Security,2.0990000000000002,2.433,2.014,1.83,1.534,1.527,1.67,2.043,2.413,3.143,3.924,,
3,2010,tech,out,Veterans Benefits and Services,4.8719999999999999,4.317,0.639,1.418,1.935,1.997,2.018,1.985,2.056,2.164,2.033,,
3,2010,tech,out,Unemployment,4.4589999999999996,3.665,0,0,0,0,0,0,0,0,0,,
3,2010,tech,out,TARP,10.736000000000001,0.281,-0.153,0.017,-0.204,-0.029,-0.063,-0.108,-0.138,-0.149,-0.155,,
3,2010,tech,out,Other,-1.26,1.237999999999998,1.239999999999998,-2.683,0.6429999999999989,3.365000000000003,3.832,3.932999999999999,1.136,1.412000000000001,2.750000000000001,,
3,2010,tech,out,Discretionary outlays,-4.3659999999999997,1.54,0.207,-1.255,-0.988,-1.244,-0.881,-1.199,-1.483,-1.677,-1.148,,
3,2010,tech,int,Net interest,,,,,,,,,,,,,
3,2010,tech,int,Debt service,1.156292119713938,2.226534877229462,0.97944547128969,1.249592418112757,1.239283389370228,1.033583227149096,1.719708727508974,3.079090045882378,4.813469214174144,6.37449987528712,8.515662354523718,,
3,2010,tech,int,Other,0.91300000000000003,1.947,1.008,2,1.505,0.848,-3.945,-2,-3.581,-6,-3.74,,
3,2010,other,,Total Deficit as Projected in,,,,,,,,,,,,,
3,2010,baseline,def,March 2010,1368.4950690119006,995.5168458371752,641.8487546175761,524.6199192544066,462.7555161594672,472.086645010225,513.3206766458034,520.6163296237091,534.1919302330053,640.7668884183743,684.1287010947901,,
8,2010,leg,,LegislativeChanges,,,,,,,,,,,,,
8,2010,leg,rev,ChangestoRevenueProjections,,,,,,,,,,,,,
8,2010,leg,rev,PPACAandtheReconciliationAct,-3,3,5,27,57,65,83,89,95,104,115,,
8,2010,leg,rev,Other,-6,-5,1,4,18,5,-9,5,6,12,4,,
8,2010,leg,,ChangestoOutlayProjections,,,,,,,,,,,,,
8,2010,leg,out,Mandatoryoutlays,,,,,,,,,,,,,
8,2010,leg,out,PPACAandtheReconciliationAct(Healthprovisions),4,5,-9,-23,8,49,89,95,92,91,87,,
8,2010,leg,out,ReconciliationAct(Educationprovisions),0,0,4,-6,-2,-5,-4,-2,-2,-2,-2,,
8,2010,leg,out,Unemploymentcompensation,21,25,0,0,0,0,0,0,0,0,0,,
8,2010,leg,out,Financialregulation,-11,4,5,3,1,2,1,1,1,1,2,,
8,2010,leg,out,Other,3,28,2,1,-2,-3,-1,1,0,1,1,,
8,2010,leg,out,Discretionaryoutlays,,,,,,,,,,,,,
8,2010,leg,out,Defense,5,23,30,32,33,34,35,35,36,37,38,,
8,2010,leg,out,Nondefense,0,5,9,11,12,13,14,14,14,14,15,,
8,2010,leg,int,Netinterestoutlays(Debtservice),0,1,2,4,4,5,9,13,16,19,22,,
8,2010,econ,,EconomicChanges,,,,,,,,,,,,,
8,2010,econ,rev,ChangestoRevenueProjections,-4,15,20,22,47,65,89,110,133,147,147,,
8,2010,econ,out,ChangestoOutlayProjections,,,,,,,,,,,,,
8,2010,econ,out,Mandatoryoutlays,,,,,,,,,,,,,
8,2010,econ,out,MedicareandMedicaid,0,-2,-1,0,1,6,11,17,22,27,32,,
8,2010,econ,out,SocialSecurity,0,-1,-5,-6,-3,2,6,9,13,17,22,,
8,2010,econ,out,Studentloans,0,-3,-3,0,4,5,5,4,3,3,3,,
8,2010,econ,out,Unemploymentcompensation,-5,-15,0,3,2,1,2,2,2,3,3,,
8,2010,econ,out,Other,0,1,-1,-2,0,2,3,5,8,9,10,,
8,2010,econ,out,Discretionaryoutlays,0,1,4,9,16,23,32,39,44,49,54,,
8,2010,econ,int,Netinterestoutlays,,,,,,,,,,,,,
8,2010,econ,int,Debtservice,0,0,-1,-3,-6,-8,-9,-10,-11,-12,-12,,
8,2010,econ,int,Effectofratesandinflation,-6,-11,-24,-19,0,17,32,35,35,37,39,,
8,2010,tech,,TechnicalChanges,,,,,,,,,,,,,
8,2010,tech,rev,ChangestoRevenueProjections,-21,-38,-40,-38,-29,-20,-5,-3,13,22,23,,
8,2010,tech,out,ChangestoOutlayProjections,,,,,,,,,,,,,
8,2010,tech,out,Mandatoryoutlays,,,,,,,,,,,,,
8,2010,tech,out,Medicare,-13,-11,0,1,-10,-4,-5,0,5,-7,-8,,
8,2010,tech,out,SocialSecurity,-2,-2,-3,-3,-3,-4,-4,-4,-5,-5,-5,,
8,2010,tech,out,Otherhealthcareprograms,-2,1,2,2,-1,0,-2,-3,-4,-5,-10,,
8,2010,tech,out,Unemploymentcompensation,-1,-6,-2,-1,-1,-1,-1,-1,-1,-1,-2,,
8,2010,tech,out,FannieMaeandFreddieMac,20,1,-2,-3,-3,-3,-2,-1,0,1,0,,
8,2010,tech,out,Depositinsurance,-13,2,-1,4,2,2,1,-2,-4,-4,-1,,
8,2010,tech,out,TroubledAssetReliefProgram,-39,2,2,1,1,0,0,0,0,0,0,,
8,2010,tech,out,Other,-4,-2,1,1,2,2,2,3,2,2,3,,
8,2010,tech,out,Discretionaryoutlays,-14,2,1,1,1,0,-1,-1,-1,-1,-1,,
8,2010,tech,int,Netinterestoutlays,,,,,,,,,,,,,
8,2010,tech,int,Debtservice,0,0,0,1,3,5,6,6,6,5,3,,
8,2010,tech,int,Other,-3,-3,-1,7,9,10,11,4,4,-1,-3,,
8,2010,baseline,def,TotalDeficitasProjectedinAugust2010,1342.4950690119006,1065.5168458371752,664.8487546175761,524.6199192544066,437.7555161594672,507.086645010225,585.3206766458034,578.6163296237091,562.1919302330053,633.7668884183743,685.1287010947901,,
1,2011,other,,Changes to Revenue Projections,,,,,,,,,,,,,
1,2011,leg,rev,Legislative,,,,,,,,,,,,,
1,2011,leg,rev,Individualincometaxes,-227,-238,-48,-3,10,8,6,5,4,3,,,
1,2011,leg,rev,Corporateincometaxes,-87,-40,7,23,41,-10,9,5,3,2,,,
1,2011,leg,rev,Socialinsurancetaxes,-87,-30,0,-1,-1,-1,-1,-1,-1,-1,,,
1,2011,leg,rev,Other,-9,-27,-27,-3,-2,0,0,1,1,1,,,
1,2011,econ,rev,Economic,,,,,,,,,,,,,
1,2011,econ,rev,Individualincometaxes,6,-4,-36,-62,-71,-73,-79,-77,-73,-72,,,
1,2011,econ,rev,Corporateincometaxes,-22,-22,-29,-32,-21,-10,-6,-6,-7,-6,,,
1,2011,econ,rev,Socialinsurancetaxes,5,-1,-16,-26,-26,-25,-25,-27,-23,-23,,,
1,2011,econ,rev,Other,-1,-2,-2,-7,-10,-9,-9,-9,-9,-9,,,
1,2011,tech,rev,Technical,,,,,,,,,,,,,
1,2011,tech,rev,Individualincometaxes,7,-34,11,-6,-13,-23,-15,-24,-26,-24,,,
1,2011,tech,rev,Corporateincometaxes,1,-13,-21,-12,-2,1,3,4,4,5,,,
1,2011,tech,rev,Socialinsurancetaxes,-21,-5,-3,2,-2,-5,-9,-20,-29,-28,,,
1,2011,tech,rev,Other,13,18,17,9,5,5,0,2,6,9,,,
1,2011,other,,Changes to Outlay Projections,,,,,,,,,,,,,
1,2011,leg,out,Legislative,,,,,,,,,,,,,
1,2011,leg,out,Mandatory outlays,,,,,,,,,,,,,
1,2011,leg,out,Earnedincomeandchildtaxcredits,0,36,37,0,0,0,0,0,0,0,,,
1,2011,leg,out,Unemploymentcompensation,35,20,-1,0,0,0,0,0,0,0,,,
1,2011,leg,out,Medicare,11,6,0,0,0,0,0,0,0,0,,,
1,2011,leg,out,Other,8,2,6,1,1,6,-2,-7,-5,-4,,,
1,2011,leg,out,Discretionary outlays,,,,,,,,,,,,,
1,2011,leg,out,Defense,-9,-14,-16,-17,-18,-19,-20,-20,-21,-21,,,
1,2011,leg,out,Nondefense,-6,-6,-16,-18,-20,-21,-21,-22,-23,-23,,,
1,2011,leg,int,Netinterestoutlays(Debtservice),3,12,21,27,29,30,32,33,34,34,,,
1,2011,econ,out,Economic,,,,,,,,,,,,,
1,2011,econ,out,Mandatory outlays,,,,,,,,,,,,,
1,2011,econ,out,MedicareandMedicaid,1,1,4,6,6,4,5,7,12,14,,,
1,2011,econ,out,Studentloans,-1,-2,-4,-6,-7,-6,-5,-5,-5,-5,,,
1,2011,econ,out,SocialSecurity,0,3,3,2,0,-3,-5,-7,-9,-12,,,
1,2011,econ,out,Unemploymentcompensation,4,2,6,11,8,2,-1,-1,0,0,,,
1,2011,econ,out,Other,0,1,4,4,4,3,1,2,2,2,,,
1,2011,econ,out,Discretionaryoutlays,0,0,-1,-3,-7,-14,-17,-17,-16,-15,,,
1,2011,econ,int,Net interest outlays,,,,,,,,,,,,,
1,2011,econ,int,Debtservice,0,1,2,6,11,14,17,20,23,25,,,
1,2011,econ,int,Effectofratesandinflation,-2,-6,-17,-35,-54,-64,-64,-67,-72,-76,,,
1,2011,tech,out,Technical,,,,,,,,,,,,,
1,2011,tech,out,Mandatory outlays,,,,,,,,,,,,,
1,2011,tech,out,SocialSecurity,2,5,7,9,11,12,13,14,16,16,,,
1,2011,tech,out,TARP,-31,-2,-2,-3,1,0,0,0,0,0,,,
1,2011,tech,out,MedicareandMedicaid,-6,-8,-8,-1,-2,2,-4,-6,-4,-3,,,
1,2011,tech,out,Studentloans,3,3,2,2,2,2,2,2,2,2,,,
1,2011,tech,out,Other,-2,1,18,8,7,2,-3,-9,-8,-13,,,
1,2011,tech,out,Discretionaryoutlays,-14,-16,-2,-1,0,-2,-1,-1,-1,0,,,
1,2011,tech,int,Net interest outlays,,,,,,,,,,,,,
1,2011,tech,int,Debtservice,0,-1,-1,-1,-1,0,1,1,3,5,,,
1,2011,tech,int,Other,-4,-1,-10,-14,-19,-16,-16,-16,-16,-15,,,
1,2011,other,,Total Deficit as Projected in,,,,,,,,,,,,,
1,2011,baseline,def,January 2011,1479.5168458371752,1099.848754617576,703.6199192544066,532.7555161594672,551.0866450102251,659.3206766458034,616.6163296237091,610.1919302330053,695.7668884183743,739.1287010947901,763,,
3,2011,tech,rev,Changes to Revenue Projections (Technical),1.739706701439268,3.306772635589898,-2.756807326749094,-1.642615493039533,-8.667555900598092,-6.744882061491342,-3.706442109152676,-3.221792107278503,-6.473057614303618,-9.472191496728788,-11.97064785874057,,
3,2011,other,,Changes to Outlay Projections,,,,,,,,,,,,,
3,2011,leg,out,Legislative changes,,,,,,,,,,,,,
3,2011,leg,out,Discretionary outlays,,,,,,,,,,,,,
3,2011,leg,out,Defense,0,0,0,0,0,0,-0.508,-0.518,-0.529,-0.539,-0.549,,
3,2011,leg,out,Nondefense,-0.51100000000000001,-1.867,-2.805,-3.26,-3.466,-3.608,-3.724,-3.815,-3.898,-3.986,-4.071,,
3,2011,leg,int,Net interest,0,0,0,0,0,-0.7277840000000001,-1.0065131,-1.2790288,-1.5777648,-1.8927096,-2.2246624,,
3,2011,tech,out,Technical changes,,,,,,,,,,,,,
3,2011,tech,out,Mandatory outlays,,,,,,,,,,,,,
3,2011,tech,out,Medicare,-6.3380000000000001,-0.973,-3.438,-7.431,-13.752,-21.079,-20.72,-23.255,-30.579,-30.623,-34.084,,
3,2011,tech,out,Medicaid,0.69799999999999995,-4.737,-3.284,-6.792,-9.78,-14.859,-18.627,-20.328,-22.376,-25.073,-27.331,,
3,2011,tech,out,Exchange subsidies,0,0,0,3.982,7.086,5.645,5.331,6.384,7.372,9.263,9.076,,
3,2011,tech,out,Other,-47.253,5.427,2.558,-3.601000000000001,-3.531000000000002,-1.458999999999996,2.23899999999999,3.061,2.080999999999996,2.749000000000002,-2.036999999999992,,
3,2011,tech,out,Discretionary outlays,-12.898999999999999,-5.66,-4.098,-3.722,-1.657,-1.709,-2.211,-2.384,-2.31,-1.547,-1.26,,
3,2011,tech,int,Net interest,,,,,,,,,,,,,
3,2011,tech,int,Debt service,-1.706901014738661,-1.101907447294703,-1.269535608919506,-1.419402710316499,-1.351608111159093,-1.493996091415705,-3.275966268382279,-3.320012589088346,-4.718944875851082,-6.217692184922091,-7.971261209953228,,
3,2011,tech,int,Other,-10.46716378526134,-7,-2.225104491080494,1,5,8,12.63447936838228,17,19.49870967585108,19.23840178492209,24.27092360995323,,
3,2011,other,,Total Deficit as Projected in,,,,,,,,,,,,,
3,2011,baseline,def,March 2011,1399.3000743357361,1080.6300745346916,691.8150864811557,513.1547289421903,538.3025927996641,634.774778615879,590.4547717328618,584.9596809511954,665.2029460326778,709.9728925915189,728.7896478587405,,
8,2011,leg,,Legislative Changes,,,,,,,,,,,,,
8,2011,leg,rev,Changes to Revenue Projections,,,,,,,,,,,,,
8,2011,leg,rev,Individualincometaxes,0,0,-2,-2,-1,-1,-1,-1,-1,-1,-1,,
8,2011,leg,rev,Socialinsurancetaxes,0,0,0,0,0,0,-1,-1,-1,-1,-1,,
8,2011,leg,rev,Corporateincometaxes,0,0,-1,0,0,0,-1,-1,-1,-1,-1,,
8,2011,leg,rev,Other,0,0,0,0,0,0,0,0,0,0,0,,
8,2011,leg,,Changes to Outlay Projections,,,,,,,,,,,,,
8,2011,leg,out,Mandatoryoutlays,0,6,5,2,-4,-5,-6,-5,-5,-6,-6,,
8,2011,leg,out,Discretionaryoutlays,3,-27,-55,-70,-79,-87,-95,-103,-112,-120,-128,,
8,2011,leg,out,Debtservice,0,0,-1,-2,-4,-8,-14,-21,-27,-35,-43,,
8,2011,leg,out,Changes Related to the Joint Select Committee on Deficit Reduction,,,,,,,,,,,,,
8,2011,leg,out,Policychanges,0,0,-111,-111,-111,-111,-111,-111,-111,-111,-111,,
8,2011,leg,int,Debtservice,0,0,-1,-3,-6,-12,-20,-27,-35,-42,-50,,
8,2011,econ,,Economic Changes,,,,,,,,,,,,,
8,2011,econ,rev,Changes to Revenue Projections,,,,,,,,,,,,,
8,2011,econ,rev,Individualincometaxes,-2,-18,-45,-51,-21,0,14,21,25,26,23,,
8,2011,econ,rev,Socialinsurancetaxes,-5,-10,-21,-24,-10,1,7,8,8,9,9,,
8,2011,econ,rev,Corporateincometaxes,14,6,-11,-3,15,16,8,6,14,17,13,,
8,2011,econ,rev,Other,2,14,26,22,8,-2,-6,-8,-10,-12,-14,,
8,2011,econ,,Changes to Outlay Projections,,,,,,,,,,,,,
8,2011,econ,out,Mandatory Outlays,,,,,,,,,,,,,
8,2011,econ,out,SocialSecurity,0,9,13,11,7,4,2,1,1,2,2,,
8,2011,econ,out,SNAP,0,0,0,3,3,3,3,3,2,2,2,,
8,2011,econ,out,Studentloans,0,-1,-4,-4,-3,-2,-1,0,0,0,0,,
8,2011,econ,out,Medicaid,-1,0,1,3,3,2,1,1,1,1,2,,
8,2011,econ,out,Unemploymentcompensation,-4,0,4,6,2,-1,1,0,0,0,0,,
8,2011,econ,out,Other,0,4,6,7,5,3,1,0,-1,-2,-2,,
8,2011,econ,int,Net interest outlays,,,,,,,,,,,,,
8,2011,econ,int,Debtservice,0,0,0,0,-1,-5,-10,-15,-19,-24,-29,,
8,2011,econ,int,Effectsofratesandinflation,7,-16,-52,-96,-110,-100,-75,-56,-47,-43,-39,,
8,2011,tech,,Technical Changes,,,,,,,,,,,,,
8,2011,tech,rev,Changes to Revenue Projections,,,,,,,,,,,,,
8,2011,tech,rev,Individualincometaxes,93,100,41,50,44,29,18,14,14,11,7,,
8,2011,tech,rev,Socialinsurancetaxes,3,-8,-10,-11,-14,-15,-18,-18,-18,-16,-16,,
8,2011,tech,rev,Corporateincometaxes,-24,-5,4,7,6,1,-2,-3,-2,-2,-1,,
8,2011,tech,rev,Other,1,-1,0,-6,-3,-6,-2,-3,-3,-3,-1,,
8,2011,tech,,Changes to Outlay Projections,,,,,,,,,,,,,
8,2011,tech,out,Mandatory outlays,,,,,,,,,,,,,
8,2011,tech,out,SocialSecurity,-1,-1,0,1,2,3,4,5,6,7,8,,
8,2011,tech,out,Healthcareprograms,-11,-3,1,-2,-2,-4,-5,-6,-7,-4,-4,,
8,2011,tech,out,Unemploymentcompensation,0,-4,-5,-5,-2,-1,-1,-1,-1,-1,-1,,
8,2011,tech,out,Other,-16,8,6,1,3,3,1,1,2,2,2,,
8,2011,tech,out,Discretionaryoutlays,-11,-2,-1,0,-1,0,-1,-2,-2,-2,-2,,
8,2011,tech,int,Net interest outlays,,,,,,,,,,,,,
8,2011,tech,int,Debtservice,0,-3,-4,-7,-12,-17,-19,-21,-23,-25,-26,,
8,2011,tech,int,Other,1,0,-3,0,1,1,2,-3,-3,-5,-8,,
8,2011,baseline,def,Total Deficit Projected in August 2011,1284.3000743357361,972.6300745346916,509.8150864811558,265.15472894219033,205.30259279966413,277.774778615879,231.4547717328618,210.95968095119545,259.2029460326778,276.97289259151887,278.7896478587405,,
1,2012,leg,,Legislative Changes,,,,,,,,,,,,,
1,2012,leg,,ChangesinRevenues,,,,,,,,,,,,,
1,2012,leg,rev,Individualincometaxes,0,0,0,-1,-1,-1,-1,-1,-1,-1,,,
1,2012,leg,rev,Corporateincometaxes,0,-6,0,0,2,-3,-1,-1,-1,-1,,,
1,2012,leg,rev,Socialinsurancetaxes,-19,-2,0,0,0,0,0,0,0,0,,,
1,2012,leg,rev,Other,-2,-1,-1,-1,-1,-1,-1,-2,-2,-2,,,
1,2012,leg,,Changes in Outlays,,,,,,,,,,,,,
1,2012,leg,out,Mandatory,,,,,,,,,,,,,
1,2012,leg,out,FannieMaeandFreddieMac,-1,-4,-4,-3,-3,-3,-4,-4,-4,-4,,,
1,2012,leg,out,Healthcareprograms,3,0,-1,-2,-3,-3,-3,-3,-3,-4,,,
1,2012,leg,out,Unemploymentcompensation,8,0,0,0,0,0,0,0,0,0,,,
1,2012,leg,out,Other,5,1,0,-1,-1,0,1,0,-3,-4,,,
1,2012,leg,out,Discretionary,2,-11,-21,-25,-27,-28,-29,-31,-32,-32,,,
1,2012,leg,int,Debtservice,0,0,0,0,-1,-2,-4,-6,-8,-10,,,
1,2012,econ,,Economic Changes,,,,,,,,,,,,,
1,2012,econ,,Changes in Revenues,,,,,,,,,,,,,
1,2012,econ,rev,Individualincometaxes,-16,-41,-64,-79,-70,-58,-52,-50,-45,-40,,,
1,2012,econ,rev,Corporateincometaxes,49,40,32,37,47,48,41,24,10,4,,,
1,2012,econ,rev,Socialinsurancetaxes,-8,-17,-27,-36,-34,-26,-17,-12,-7,-4,,,
1,2012,econ,rev,Other,0,-2,-1,-2,-2,-2,-2,-2,-2,-3,,,
1,2012,econ,,Changes in Outlays,,,,,,,,,,,,,
1,2012,econ,out,Mandatory Outlays,,,,,,,,,,,,,
1,2012,econ,out,Studentloans,-8,-13,-13,-12,-11,-10,-7,-5,-4,-4,,,
1,2012,econ,out,SupplementalNutritionAssistanceProgram,1,2,6,7,8,8,8,8,8,8,,,
1,2012,econ,out,MedicareandMedicaid,0,-1,2,5,7,7,7,8,8,10,,,
1,2012,econ,out,Unemploymentcompensation,0,2,5,10,9,5,3,3,2,2,,,
1,2012,econ,out,SocialSecurity,4,6,7,7,6,4,1,-3,-6,-8,,,
1,2012,econ,out,Other,2,4,5,6,7,6,6,6,6,6,,,
1,2012,econ,out,Discretionary,0,0,1,0,0,0,0,0,0,0,,,
1,2012,econ,int,Net interest,,,,,,,,,,,,,
1,2012,econ,int,Debtservice,0,0,0,0,1,1,0,0,-1,-1,,,
1,2012,econ,int,Interestrates,-16,-30,-43,-52,-63,-77,-78,-67,-59,-54,,,
1,2012,tech,,Technical Changes,,,,,,,,,,,,,
1,2012,tech,,Changes in Revenues,,,,,,,,,,,,,
1,2012,tech,rev,Individualincometaxes,-34,-6,-5,2,1,-1,3,8,16,25,,,
1,2012,tech,rev,Corporateincometaxes,-78,-50,-36,-11,2,1,0,0,0,1,,,
1,2012,tech,rev,Socialinsurancetaxes,-2,-1,-12,-10,-12,-11,-12,-15,-20,-22,,,
1,2012,tech,rev,Other,-4,5,5,4,5,5,0,-2,0,0,,,
1,2012,tech,,NetEffectofIncorporatingtheAutomaticEnforcementProcedures,0,46,20,13,12,13,14,15,16,18,,,
1,2012,tech,,Other Changes in Outlays,,,,,,,,,,,,,
1,2012,tech,out,Mandatory,,,,,,,,,,,,,
1,2012,tech,out,Medicare,0,-2,-2,-3,-5,-6,-7,-10,-13,-20,,,
1,2012,tech,out,CLASS,0,3,7,11,12,12,11,9,7,6,,,
1,2012,tech,out,Unemploymentcompensation,-4,-5,-7,-13,-9,-8,-6,-5,-4,-3,,,
1,2012,tech,out,Other,4,16,20,22,19,17,21,19,23,26,,,
1,2012,tech,out,Discretionary,-10,-12,-5,-1,3,2,1,0,-1,0,,,
1,2012,tech,int,Net interest,,,,,,,,,,,,,
1,2012,tech,int,Debtservice,0,2,3,5,8,10,13,16,19,21,,,
1,2012,tech,int,Other,2,-3,-2,-3,-3,-2,2,4,6,8,,,
1,2012,baseline,def,Deficit in CBO's January 2012 Baseline,-1079,-585,-345,-269,-302,-220,-196,-258,-280,-279,-339,,
3,2012,leg,,Legislative,,,,,,,,,,,,,
3,2012,leg,rev,Revenues,-70,-23,-42,5,37,4,2,-2,7,3,3,,
3,2012,leg,out,Outlays,,,,,,,,,,,,,
3,2012,leg,out,Mandatory,,,,,,,,,,,,,
3,2012,leg,out,Unemployment compensation,20,10,0,0,0,0,0,0,0,0,0,,
3,2012,leg,out,Medicare,9,5,-1,-1,0,0,0,0,0,-1,-1,,
3,2012,leg,out,Spectrum auctions,0,3,0,-3,-4,-4,-3,-2,-1,-1,0,,
3,2012,leg,out,Other,0,1,-1,-2,-1,-1,-1,-1,-1,-5,-1,,
3,2012,leg,int,Debt service,0,1,2,3,3,3,4,4,4,4,5,,
3,2012,tech,,Technical,,,,,,,,,,,,,
3,2012,tech,rev,Revenues,3,3,11,17,17,23,26,30,32,33,33,,
3,2012,tech,out,Outlays,,,,,,,,,,,,,
3,2012,tech,out,Mandatory,,,,,,,,,,,,,
3,2012,tech,out,Medicaid,-4,-5,8,15,18,19,18,19,18,17,17,,
3,2012,tech,out,Social security,-1,-1,-1,-1,-2,-2,-3,-3,-4,-4,-6,,
3,2012,tech,out,Other,6,-6,5,-1,-3,-2,2,-7,-5,5,11,,
3,2012,tech,out,Discretionary,-5,-1,-1,-1,0,0,-1,-1,-1,-1,0,,
3,2012,tech,int,Net Interest,,,,,,,,,,,,,
3,2012,tech,int,Debt service,0,0,0,-1,-2,-2,-3,-5,-7,-9,-11,,
3,2012,tech,int,Other,0,0,-2,2,2,-3,-6,-10,-10,-11,-14,,
3,2012,baseline,def,Deficit in CBO's March 2012 Baseline,-1171,-612,-385,-257,-259,-201,-175,-224,-234,-237,-303,,
8,2012,leg,,Legislative,,,,,,,,,,,,,
8,2012,leg,rev,Revenues,,,,,,,,,,,,,
8,2012,leg,rev,Individual income taxes,0,0,0,0,0,0,0,0,0,0,0,,
8,2012,leg,rev,Corporate income taxes,1,2,4,4,3,1,0,-1,-2,-2,-2,,
8,2012,leg,rev,Social insurance taxes,0,0,0,0,0,0,0,0,0,0,0,,
8,2012,leg,rev,Other,0,0,0,0,0,0,0,0,0,0,0,,
8,2012,leg,out,Outlays,,,,,,,,,,,,,
8,2012,leg,out,Mandatory,2,3,-1,-1,-2,-2,-2,-1,-1,-1,-1,,
8,2012,leg,int,Debt service,0,0,0,0,0,0,-1,-1,-1,-1,-1,,
8,2012,econ,,Economic,,,,,,,,,,,,,
8,2012,econ,rev,Revenues,,,,,,,,,,,,,
8,2012,econ,rev,Individual income taxes,6,-12,-29,-35,-22,5,26,34,35,36,35,,
8,2012,econ,rev,Corporate income taxes,16,5,-9,-8,5,23,28,25,25,27,33,,
8,2012,econ,rev,Social insurance taxes,4,1,-5,-8,-5,4,14,18,17,15,11,,
8,2012,econ,rev,Other,0,-2,-5,-2,-4,-5,-5,-6,-6,-5,-4,,
8,2012,econ,out,Outlays,,,,,,,,,,,,,
8,2012,econ,out,Mandatory,,,,,,,,,,,,,
8,2012,econ,out,Medicare,0,1,0,2,6,10,15,19,23,27,31,,
8,2012,econ,out,Social Security,0,-1,0,3,5,8,9,10,10,11,13,,
8,2012,econ,out,Student loans,-3,-8,-8,-6,-4,-2,-1,0,0,0,0,,
8,2012,econ,out,Medicaid,0,-1,-2,-1,1,3,4,4,5,6,7,,
8,2012,econ,out,Other,-4,-4,-2,0,4,4,2,2,2,2,2,,
8,2012,econ,out,Discretionary,0,0,0,0,1,1,1,2,2,2,2,,
8,2012,econ,int,Net Interest,,,,,,,,,,,,,
8,2012,econ,int,Debt service,0,0,0,0,0,-1,-4,-7,-9,-11,-13,,
8,2012,econ,int,Interest rates,-2,-12,-19,-40,-55,-40,-28,-19,-13,-9,-6,,
8,2012,tech,,Technical,,,,,,,,,,,,,
8,2012,tech,rev,Revenues,,,,,,,,,,,,,
8,2012,tech,rev,Individual income taxes,-43,-28,-33,-22,-19,-18,-11,-11,-12,-13,-13,,
8,2012,tech,rev,Corporate income taxes,-32,-30,-18,-4,1,-1,0,1,1,1,-1,,
8,2012,tech,rev,Social insurance taxes,23,4,4,1,3,1,-2,-3,-2,0,3,,
8,2012,tech,rev,Other,4,4,16,25,19,5,7,11,15,17,17,,
8,2012,tech,out,Outlays,,,,,,,,,,,,,
8,2012,tech,out,Mandatory,-5,-7,-30,-41,-44,-38,-32,-31,-31,-34,-37,,
8,2012,tech,out,Medicaid,-19,-10,-13,-14,-16,-18,-20,-20,-20,-19,-17,,
8,2012,tech,out,Medicare,,,,,,,,,,,,,
8,2012,tech,out,Insurance subsidies and other health care,-1,1,7,12,18,22,22,23,22,22,23,,
8,2012,tech,out,Social Security,-2,-3,-3,-3,-3,-3,-2,-2,-2,-2,-2,,
8,2012,tech,out,Other,-17,6,1,-1,0,0,0,0,0,0,1,,
8,2012,tech,out,Discretionary,-14,13,-1,0,0,1,1,1,1,1,1,,
8,2012,tech,int,Net Interest,,,,,,,,,,,,,
8,2012,tech,int,Debt service,0,0,0,0,0,-2,-4,-5,-7,-9,-12,,
8,2012,tech,int,Other,1,-5,-2,-3,-3,-6,1,-1,-2,-2,-2,,
8,2012,baseline,def,Deficit in CBO's August 2012 Baseline,-1128,-641,-387,-213,-186,-123,-79,-130,-142,-144,-213,,
2,2013,leg,,Legislative,,,,,,,,,,,,,
2,2013,leg,rev,Changes in Revenues,,,,,,,,,,,,,
2,2013,leg,rev,Individual income taxes,-224,-258,-254,-277,-304,-330,-351,-379,-410,-443,,,
2,2013,leg,rev,Corporate income taxes,-55,-15,9,5,4,2,0,-1,-2,-2,,,
2,2013,leg,rev,Social insurance taxes,0,-1,-1,-1,-1,-1,-1,-1,-1,-1,,,
2,2013,leg,rev,Other,0,-25,-30,-33,-36,-39,-42,-45,-48,-51,,,
2,2013,leg,out,Changes in Outlays,,,,,,,,,,,,,
2,2013,leg,out,Mandatory,,,,,,,,,,,,,
2,2013,leg,out,Refundable tax credits,0,36,37,37,37,37,23,23,23,23,,,
2,2013,leg,out,Unemployment compensation,22,8,0,0,0,0,0,0,0,0,,,
2,2013,leg,out,Medicare,13,4,-3,-3,-3,0,0,-1,-1,-1,,,
2,2013,leg,out,Other,5,0,0,2,4,1,0,0,0,-4,,,
2,2013,leg,out,Discretionary,9,-8,-7,-3,2,5,7,9,10,11,,,
2,2013,leg,int,Debt service,1,5,7,20,42,73,96,122,153,185,,,
2,2013,econ,,Economic,,,,,,,,,,,,,
2,2013,econ,,Changes in Revenues,,,,,,,,,,,,,
2,2013,econ,rev,Individual income taxes,20,32,34,29,24,10,0,-3,-4,0,,,
2,2013,econ,rev,Corporate income taxes,-13,-1,-5,0,9,12,11,10,7,2,,,
2,2013,econ,rev,Social insurance taxes,4,6,0,-5,-9,-15,-19,-20,-19,-16,,,
2,2013,econ,rev,Other,1,3,2,-1,1,3,1,1,1,1,,,
2,2013,econ,,Changes in Outlays,,,,,,,,,,,,,
2,2013,econ,out,Mandatory,,,,,,,,,,,,,
2,2013,econ,out,Student loans,2,3,4,5,6,5,3,2,2,2,,,
2,2013,econ,out,Social Security,4,4,4,5,4,2,1,0,-1,-3,,,
2,2013,econ,out,Other,-4,-5,0,1,1,2,2,2,0,-2,,,
2,2013,econ,out,Discretionary,-1,0,0,0,-1,-1,-2,-2,-2,-2,,,
2,2013,econ,int,Net interest,,,,,,,,,,,,,
2,2013,econ,int,Debt service,0,0,0,-1,-1,-1,0,2,4,5,,,
2,2013,econ,int,Other,0,7,8,8,14,31,31,30,28,28,,,
2,2013,tech,,Technical,,,,,,,,,,,,,
2,2013,tech,,Changes in Revenues,,,,,,,,,,,,,
2,2013,tech,rev,Individual income taxes,43,38,40,37,21,15,3,-2,-8,-14,,,
2,2013,tech,rev,Corporate income taxes,21,10,4,2,8,10,11,10,10,10,,,
2,2013,tech,rev,Social insurance taxes,-9,-3,-5,-8,-13,-16,-17,-19,-21,-25,,,
2,2013,tech,rev,Other,8,10,37,26,-21,-42,-48,-61,-47,-22,,,
2,2013,tech,,Changes in Outlays,,,,,,,,,,,,,
2,2013,tech,out,Mandatory,,,,,,,,,,,,,
2,2013,tech,out,Medicaid,-2,-9,-11,-10,-16,-24,-31,-38,-44,-52,,,
2,2013,tech,out,Medicare,-6,-9,-9,-9,-10,-11,-15,-18,-22,-29,,,
2,2013,tech,out,Veterans' compensation and pensions,5,8,9,12,12,11,13,13,12,13,,,
2,2013,tech,out,Fannie Mae and Freddie Mac,-29,0,0,0,-1,-1,-1,-2,-3,-6,,,
2,2013,tech,out,Other,1,-8,-1,-3,5,8,4,2,1,4,,,
2,2013,tech,out,Discretionary,-27,-15,-3,-8,-4,1,2,2,2,2,,,
2,2013,tech,int,Net interest,,,,,,,,,,,,,
2,2013,tech,int,Debt service,0,1,6,4,-7,-17,-18,-23,-22,-17,,,
2,2013,tech,int,Other,7,3,7,7,11,14,13,23,28,26,,,
2,2013,baseline,def,Deficit in CBO's February 2013 Baseline,-845,-616,-430,-476,-535,-605,-710,-798,-854,-957,,,
5,2013,tech,,Technical,,,,,,,,,,,,,
5,2013,tech,,Changes in Revenues,,,,,,,,,,,,,
5,2013,tech,rev,Individual income taxes,69.149568639548519,25.34320441541583,18.81961034664106,17.26797764373869,16.17944614181646,12.69845794521573,11.18553884330754,10.22281025134269,9.239916049514536,10.2788001122446,11.93348920627335,,
5,2013,tech,rev,Corporate income taxes,39.999906792279518,23.52418627647057,7.049397058823558,0,0,0,0,0,0,0,0,,
5,2013,tech,rev,Social insurance taxes,-0.68265246014475167,-1.680781813484032,-2.807924629542782,-2.865624696909052,-2.831516271365814,-3.966359107107735,-4.983213597215993,-5.62138985150731,-5.802084893946628,-5.800695727640644,-5.283894206860424,,
5,2013,tech,rev,Other,-3.2928060760453088,-8.01318187780052,2.50778331164793,0.7297076988113407,0.2239004738785457,-2.316441792247161,-4.021139856627628,-4.501441611053538,-5.758778213875074,-6.911494351317621,-8.608387033886817,,
5,2013,tech,,Changes in Outlays,,,,,,,,,,,,,
5,2013,tech,out,Mandatory,-1.663,-5.64,-7.629,-8.627,-9.023,-9.418,-9.71,-9.504,-9.4,-9.095,-8.389,,
5,2013,tech,out,Social Security,-6.157,-3.878,-7.963,-6.623,-8.425,-14.566,-11.112,-11.545,-11.142,-0.712,-8.581,,
5,2013,tech,out,Net Medicare,-0.16700000000000001,1.244,-2.883,-2.661,-3.578,-4.678,-7.636,-10.449,-12.712,-15.267,-18.097,,
5,2013,tech,out,Medicaid,-95.4,-2.3,0.4,1.6,1.1,-0.1,-2,-1.7,-2.1,-2.8,-3.1,,
5,2013,tech,out,Fannie Mae and Freddie Maca,6.875,1.757000000000001,2.119999999999999,0.1750000000000007,-1.312000000000001,-1.536999999999995,-1.298999999999999,-0.767000000000003,-2.304999999999993,-2.882000000000001,-2.582000000000001,,
5,2013,tech,out,Other,,,,,,,,,,,,,
5,2013,tech,out,Discretionary,-0.13200000000000001,-1.853,-2.422,-2.922,-4.017,-7.006,-7.436,-8.26,-9.145,-9.533,-9.201,,
5,2013,tech,int,Net interest,,,,,,,,,,,,,
5,2013,tech,int,Debt service,-0.38047003379127359,-1.707918773466841,-2.736682440258233,-4.999191167228387,-9.931071334740889,-15.23300012837266,-19.56049962736975,-23.41641799546137,-27.64209199639658,-31.5925347437076,-35.98944975598842,,
5,2013,tech,int,Other,-0.96152996620872633,-4.042081226533159,-4.771317559741767,-5.064808832771612,-4.010928665259113,-4.359999871627337,-0.7485003726302457,0.1744179954613683,-0.1879080036034247,1.045534743707594,1.522449755988426,,
5,2013,leg,rev,Legislative,0,0,0,0,0,0,0,0,0,0,0,,
5,2013,leg,out,Legislative,0,0,0,0,0,0,0,0,0,0,0,,
5,2013,baseline,def,Deficit in CBO's May 2013 Baseline,-641.83916483891505,-560.1028475965505,-378.0778834018728,-431.7320723910834,-482.1772666587917,-541.5449048846191,-648.4732879060782,-732.7907529271979,-781.5098056379768,-888.6388663878009,-895.2420635835618,,
2,2014,other,,Revenues,,,,,,,,,,,,,
2,2014,leg,rev,Legislative Changes,0,0,0,0,1,1,1,1,1,1,,,
2,2014,econ,rev,Economic Changes,,,,,,,,,,,,,
2,2014,econ,rev,Individual income taxes,45,23,-14,-58,-83,-100,-117,-135,-150,-162,,,
2,2014,econ,rev,Corporate income taxes,16,-10,-26,-43,-49,-44,-39,-36,-34,-31,,,
2,2014,econ,rev,Social insurance taxes,14,3,-13,-29,-38,-44,-52,-59,-64,-67,,,
2,2014,econ,rev,Other,2,0,-13,-6,2,1,0,-1,-2,-2,,,
2,2014,tech,,Technical Changes,,,,,,,,,,,,,
2,2014,tech,rev,Individual income taxes,-44,-39,-30,-16,-7,-3,0,5,6,4,,,
2,2014,tech,rev,Corporate income taxes,-45,-43,-24,-10,-6,-3,-2,-1,-1,0,,,
2,2014,tech,rev,Social insurance taxes,-1,1,1,1,0,0,2,3,3,0,,,
2,2014,tech,rev,Other,-1,-29,-7,13,8,22,32,19,-1,-2,,,
2,2014,tech,,Outlays,,,,,,,,,,,,,
2,2014,leg,out,Legislative Changes,,,,,,,,,,,,,
2,2014,leg,out,Mandatory outlays,,,,,,,,,,,,,
2,2014,leg,out,Medicare,4,3,1,0,0,0,0,0,-8,-15,,,
2,2014,leg,out,Student loans,10,8,2,-3,-5,-6,-6,-5,-5,-5,,,
2,2014,leg,out,Transportation,-1,-1,-1,-1,-1,-1,-1,-2,-2,-2,,,
2,2014,leg,out,Other,-1,-3,-3,-2,2,-2,-2,-3,-10,-15,,,
2,2014,leg,out,Discretionary outlays,,,,,,,,,,,,,
2,2014,leg,out,Defense,14,12,5,2,2,1,1,1,0,0,,,
2,2014,leg,out,Nondefense,18,2,-13,-29,-37,-42,-45,-47,-49,-51,,,
2,2014,leg,int,Net interest outlays (Debt service),0,1,1,1,-1,-2,-4,-7,-10,-14,,,
2,2014,econ,,Economic Changes,,,,,,,,,,,,,
2,2014,econ,out,Mandatory outlays,,,,,,,,,,,,,
2,2014,econ,out,Medicare,-1,-7,-14,-18,-12,-16,-18,-20,-24,-24,,,
2,2014,econ,out,Medicaid,-2,-5,-6,-6,-7,-7,-8,-8,-9,-10,,,
2,2014,econ,out,Other,-5,-7,-8,-4,-3,-2,-1,1,2,3,,,
2,2014,econ,out,Discretionary outlays,0,-1,-1,-1,-2,-2,-2,-2,-2,-2,,,
2,2014,econ,int,Net interest outlays,,,,,,,,,,,,,
2,2014,econ,int,Debt service,-1,-1,-1,1,6,12,18,26,34,44,,,
2,2014,econ,int,Effect of rates and inflation,-1,4,11,5,-8,-14,-20,-25,-29,-31,,,
2,2014,tech,,Technical Changes,,,,,,,,,,,,,
2,2014,tech,out,Mandatory outlays,,,,,,,,,,,,,
2,2014,tech,out,Fannie Mae and Freddie Mac,-88,-1,-1,0,0,-1,0,0,-1,0,,,
2,2014,tech,out,Earned income tax credit,3,4,5,5,5,4,4,4,3,3,,,
2,2014,tech,out,Veterans' benefits and services,2,3,3,4,4,4,4,4,5,5,,,
2,2014,tech,out,Social Security,-2,-7,-9,-8,-6,-4,-3,-1,1,3,,,
2,2014,tech,out,Medicaid,2,5,5,4,2,4,3,3,3,3,,,
2,2014,tech,out,Civil Service Retirement,1,2,2,2,2,2,3,3,3,4,,,
2,2014,tech,out,SNAP,2,2,2,2,2,2,3,3,3,2,,,
2,2014,tech,out,Other,-5,1,4,7,3,7,9,8,5,4,,,
2,2014,tech,out,Discretionary outlays,-6,-8,-4,-7,-5,-4,-4,-6,-6,-6,,,
2,2014,tech,int,Net interest outlays,,,,,,,,,,,,,
2,2014,tech,int,Debt service,0,0,1,2,2,2,2,1,1,1,,,
2,2014,tech,int,Other,-3,0,0,-5,-2,-1,-5,-2,-5,-4,,,
2,2014,baseline,def,Deficit in CBO's February 2014 Baseline,-514.10284759655053,-478.0778834018728,-538.7320723910834,-581.1772666587917,-654.5449048846191,-752.4732879060782,-835.7907529271979,-911.5098056379768,-1030.638866387801,-1047.242063583562,,,
4,2014,other,,Changes to Revenue Projections,,,,,,,,,,,,,
4,2014,leg,rev,Legislative Changes,0.01,0.018,0.016,0.014,0.019,0.024,0.023,0.031,0.043,0.051,0.057,,
4,2014,tech,,Technical Changes,,,,,,,,,,,,,
4,2014,tech,rev,Individual income taxes,1.2170000000000001,2.979,1.906,0.253,-0.931,-0.941,-0.946,-1.278,-1.643,-2.718,-3.749,,
4,2014,tech,rev,Corporate income taxes,6.0000000000000001E-3,0.007,0.003,0.007,0.011,0.044,0.056,0.065,0.072,0.077,0.074,,
4,2014,tech,rev,Social insurance taxes,-0.27100000000000002,0.476,-0.661,-2.217,-0.052,0.64,1.006,1.04,0.989,0.146,-0.897,,
4,2014,tech,rev,Other,1.84,-3.311,-6.983,-8.27,-5.407,-5.334,-4.938,-4.247,-3.958,-3.503,-3.913,,
4,2014,other,,Changes to Outlay Projections,,,,,,,,,,,,,
4,2014,leg,out,Legislative Changes,,,,,,,,,,,,,
4,2014,leg,out,Mandatory outlays,7.6369999999999996,3.757,0.392,0.666,-0.616,-1.88,-3.83,-3.76,-4.056,-4.148,-18.367,,
4,2014,leg,int,Net interest outlays (Debt service),1.7999999999999999E-2,0.118,0.209,0.329,0.404,0.386,0.303,0.178,0.036,-0.132,-0.646,,
4,2014,tech,,Technical Changes,,,,,,,,,,,,,
4,2014,tech,out,Mandatory outlays,,,,,,,,,,,,,
4,2014,tech,out,Health insurance subsidies and related spending,-3.0539999999999998,-12.186,-10.199,-14.357,-18.212,-18.154,-19.619,-20.246,-20.696,-23.693,-28.867,,
4,2014,tech,out,Medicare,1.048,3.397,5.196,1.357,-13.179,-12.215,-13.567,-13.229,-10.595,-16.873,-28.789,,
4,2014,tech,out,Medicaid,0.82799999999999996,1.283,0.021,2.578,4.17,3.045,3.394,2.87,2.362,2.423,6.812,,
4,2014,tech,out,SNAP,-2.2200000000000002,-2.57,-2.752,-2.627,-2.523,-2.421,-2.339,-2.255,-2.174,-2.111,-2.061,,
4,2014,tech,out,Social Security,-1.399,-2.599,-2.699,-2.6,-2.001,-1.701,-1.3,-0.8,-0.101,1.099,2.1,,
4,2014,tech,out,Other,-2.9790000000000001,5.643,6.542,5.225,2.53,1.504,1.984,0.917,0.471,-0.363,-3.381,,
4,2014,tech,out,Discretionary outlays,-14.178000000000001,-3.816,-2.293,-1.454,-1.869,-2.137,-1.725,-1.852,-2.202,-2.6,-3.267,,
4,2014,tech,int,Net interest outlays,,,,,,,,,,,,,
4,2014,tech,int,Debt service,0.245,0.878,1.458,1.937,1.589,0.597,-0.432,-1.393,-2.152,-3.429,-5.264,,
4,2014,tech,int,Other,-5.8620000000000001,-3.474,-4.642,-5.543,-4.534,-2.547,0.819,1.336,1.42,2.616,2.355,,
4,2014,baseline,def,Deficit in CBO's April 2014 Baseline,-491.60099999999994,-468.569,-535.77,-576.4209999999999,-626.71,-722.3059999999999,-804.092,-877.986,-998.2190000000002,-1005.2499999999998,-1002.662,,
8,2014,other,,Revenues,,,,,,,,,,,,,
8,2014,leg,rev,Legislative,,,,,,,,,,,,,
8,2014,leg,rev,Individual Income Taxes,0,0,0,0,0,0,0,0,0,0,0,,
8,2014,leg,rev,Corporate Income Taxes,1,2,4,4,3,2,0,-2,-3,-3,-3,,
8,2014,leg,rev,Payroll taxes,0,0,0,0,0,0,0,0,0,0,0,,
8,2014,leg,rev,Other,0,0,0,0,0,0,0,0,0,0,0,,
8,2014,econ,rev,Economic,,,,,,,,,,,,,
8,2014,econ,rev,Individual Income Taxes,-6,-26,-42,-37,-37,-38,-38,-41,-47,-54,-62,,
8,2014,econ,rev,Corporate Income Taxes,-5,-11,-9,0,9,12,13,11,10,9,9,,
8,2014,econ,rev,Payroll taxes,-1,-5,-11,-15,-17,-16,-16,-18,-19,-21,-26,,
8,2014,econ,rev,Other,1,-1,13,25,12,0,-1,-2,-3,-5,-6,,
8,2014,tech,,Technical,,,,,,,,,,,,,
8,2014,tech,rev,Individual Income Taxes,13,6,15,20,22,22,23,23,24,25,26,,
8,2014,tech,rev,Corporate Income Taxes,-33,-5,-21,-11,-1,1,0,-1,-2,-2,-3,,
8,2014,tech,rev,Payroll taxes,-7,-1,-2,-1,-5,-2,7,4,2,0,-1,,
8,2014,tech,rev,Other,12,16,0,-1,-2,1,-3,-2,-3,1,0,,
8,2014,tech,,Outlays,,,,,,,,,,,,,
8,2014,leg,out,Legislative,,,,,,,,,,,,,
8,2014,leg,out,Mandatory,1,7,3,1,1,1,0,-1,-1,-1,-4,,
8,2014,leg,out,Discretionary,0,0,0,0,0,0,0,0,0,0,0,,
8,2014,leg,int,Net interest (Debt service),0,0,0,0,0,0,0,0,0,0,0,,
8,2014,econ,,Economic,,,,,,,,,,,,,
8,2014,econ,out,Mandatory,,,,,,,,,,,,,
8,2014,econ,out,Medicare,0,-1,-1,-2,-3,-4,-5,-6,-8,-9,-10,,
8,2014,econ,out,Medicaid,-1,-2,-2,-2,-3,-3,-4,-5,-6,-6,-7,,
8,2014,econ,out,SNAP,0,1,2,2,2,2,2,2,2,2,2,,
8,2014,econ,out,Unemployment compensation,-3,-4,-3,-2,-2,-2,-2,-1,-1,-1,-1,,
8,2014,econ,out,Other,1,5,6,5,3,1,-1,-2,-5,-4,-3,,
8,2014,econ,out,Discretionary,0,-1,-1,-1,-1,0,-1,-1,-2,-3,-4,,
8,2014,econ,int,Net interest outlays,,,,,,,,,,,,,
8,2014,econ,int,Debt service,0,0,1,1,0,0,-1,-2,-2,-2,-2,,
8,2014,econ,int,Other,4,-10,-26,-49,-66,-58,-53,-51,-50,-52,-55,,
8,2014,tech,,Technical,,,,,,,,,,,,,
8,2014,tech,out,Mandatory,,,,,,,,,,,,,
8,2014,tech,out,Refundable tax credits,0,0,-1,-1,-1,-3,-3,-4,-4,-4,-4,,
8,2014,tech,out,Social Security,0,0,0,0,-1,-1,-1,-2,-2,-3,-3,,
8,2014,tech,out,Medicare,-9,-5,-3,-1,0,0,0,0,0,0,-1,,
8,2014,tech,out,Other,5,-9,-1,-3,0,3,0,1,0,0,1,,
8,2014,tech,out,Discretionary,-10,0,3,3,1,0,0,0,1,0,0,,
8,2014,tech,int,Net interest outlays,,,,,,,,,,,,,
8,2014,tech,int,Debt service,0,0,-1,-1,-2,-4,-5,-7,-9,-11,-13,,
8,2014,tech,int,Other,1,-6,-9,-12,-11,-11,-8,-7,-6,-4,-5,,
8,2014,baseline,def,Deficit in August 2014,-505.60099999999989,-468.569,-555.77,-530.4209999999999,-559.71,-661.3059999999999,-737.092,-819.986,-946.219,-957.2499999999998,-959.662,,
1,2015,leg,,Legislative,,,,,,,,,,,,,
1,2015,leg,rev,Revenues,-81.387999999999991,18.279,10.812,7.226,4.738,1.28,-0.01700000000000003,-1.175,-1.658,-1.643,,,
1,2015,leg,out,Outlays,,,,,,,,,,,,,
1,2015,leg,out,Non-interest,0.50421919999999987,-12.534814176,-10.63484134528,-14.5623907936384,-12.49785817344755,-16.64456282665098,-16.13038576945051,-17.44628438253402,-17.47135899401004,-17.90355511983034,,,
1,2015,leg,int,Interest (imputed),0,2.456766575999999,1.679758145279999,1.137138393638399,0.5517149734475514,0.0677421266509779,-0.4659302305494927,-0.9772876174659776,-1.524063405989957,-2.089907980169655,,,
1,2015,econ,,Economic,,,,,,,,,,,,,
1,2015,econ,rev,Revenues,29.155999999999999,11.232,-17.02,-34.024,-36.369,-38.767,-42.995,-40.14700000000001,-35.764,-29.146,,,
1,2015,econ,out,Outlays,-24.620227779691341,-25.8955989499538,-28.6378196138402,-22.42283793576315,-27.997326104712432,-30.52764799351735,-30.29754914758992,-28.29032666150319,-26.94106827795163,-25.96558782833347,,,
1,2015,tech,,Technical,,,,,,,,,,,,,
1,2015,tech,rev,Revenues,-40.367999999999853,7.449000000000017,-10.77599999999988,-6.2930000000001884,-11.39599999999975,-20.13799999999997,-9.410999999999762,-14.8909999999999,-15.72200000000039,-15.59400000000005,,,
1,2015,tech,out,Outlays,-70.009991420308651,-16.42435345004619,-20.7940971861598,-17.47690966423684,-11.90553069528757,-7.966531306482647,-11.46713485241008,-7.201101338496816,-10.91550932204836,-9.465949071666529,,,
1,2015,baseline,def,Deficit in CBO's January 2015,-467.50699999999972,-466.8530000000002,-488.8079999999997,-539.7120000000006,-652.3719999999997,-739.4129999999994,-813.941999999999,-947.821,-953.3719999999994,-950.8250000000004,-1087.578,,
3,2015,other,,Changes to Revenue Projections,,,,,,,,,,,,,
3,2015,leg,rev,Legislative Changes,1E-3,0.202,0.4649999999999999,0.5760000000000001,0.758,0.4699999999999999,0.463,0.355,0.319,0.379,0.071,,
3,2015,tech,,Technical Changes,,,,,,,,,,,,,
3,2015,tech,rev,Individual income taxes,2.6949999999999998,7.968,10.961,11.223,9.843,9.567,9.569,9.377,10.116,8.465,8.074,,
3,2015,tech,rev,Payroll taxes,0.67900000000008731,1.788000000000115,2.54199999999992,2.488999999999975,2.710000000000058,2.493999999999918,2.598000000000164,2.497000000000089,2.149999999999834,1.488999999999871,1.320999999999913,,
3,2015,tech,rev,Othera,-0.47599999999999998,0.9120000000000008,-0.2360000000000007,-1.186999999999999,-3.583,-3.396000000000001,-5.725000000000001,-6.598000000000001,-7.535,-8.036,-8.733,,
3,2015,other,,Changes to Outlay Projections,,,,,,,,,,,,,
3,2015,leg,out,Legislative Changes,,,,,,,,,,,,,
3,2015,leg,out,Mandatory outlays,0.121,0.281,0.419,0.4959999999999999,0.538,0.57,0.4430000000000001,0.295,0.209,0.159,0.141,,
3,2015,leg,out,Discretionary outlays,0.58299999999999996,0.496,0.483,0.461,0.407,0.296,0.24,0.361,0.396,0.348,0.401,,
3,2015,leg,int,Net interest outlays (Debt service),9.8419999999999996E-4,0.018518,0.0336337,0.0586007,0.0743596,0.091253,0.1095496,0.1264461,0.1453821,0.160336,0.1802085,,
3,2015,tech,,Technical Changes,,,,,,,,,,,,,
3,2015,tech,out,Mandatory outlays,,,,,,,,,,,,,
3,2015,tech,out,Health insurance subsidies and related spending,-3.516,-11.381,-14.59,-18.138,-19.66,-21.53,-23.935,-25.263,-25.304,-24.797,-24.794,,
3,2015,tech,out,Medicare,4.3049999999999997,-2.047,-5.576,-3.589,0.739,0.75,1.37,9.896,9.141,2.686,4.903,,
3,2015,tech,out,Medicaid,8.0820000000000007,6.455,2.506,-0.755,-4.852,-7.762,-9.255,-10.513,-10.829,-11.437,-12.128,,
3,2015,tech,out,Student loans,10.24789256446577,2.002911224127185,2.275185731847451,2.432498803858875,2.598995317204259,2.722,2.783,2.882,2.969,3.064,3.16,,
3,2015,tech,out,Other,-0.26389256446576681,0.5210887758728155,-6.749185731847451,-15.32749880385888,-7.964995317204256,1.722000000000005,-0.9950000000000044,-2.807999999999996,0.1149999999999949,-0.3049999999999962,-1.434999999999999,,
3,2015,tech,out,Discretionary outlays,-0.59699999999999998,1.855,2.081,1.003,0.78,0.296,0.376,0.406,0.047,-0.111,0.214,,
3,2015,tech,int,Net interest outlays,,,,,,,,,,,,,
3,2015,tech,int,Debt service,-0.1029842,-0.519518,-1.0086337,-2.2346007,-3.7113596,-5.350252999999999,-7.2605496,-9.3594461,-11.5333821,-13.574336,-15.5852085,,
3,2015,tech,int,Other,2.12,1.237,-0.118,-2.202,-4.669,-6.394,-8.303,-7.836,-6.243,-5.372,-3.501,,
3,2015,baseline,def,Deficit in CBO's March 2015,-485.58800000000002,-454.9019999999999,-454.8319999999996,-488.8160000000005,-606.9240000000007,-695.6889999999983,-762.6099999999999,-900.3770000000007,-907.4350000000004,-899.3489999999999,-1038.401000000001,,
8,2015,other,,Changes to Revenue Projections,,,,,,,,,,,,,
8,2015,leg,rev,Legislative Changes,,,,,,,,,,,,,
8,2015,leg,rev,Individual income taxes,0.27600000000000002,0.527,1.083,0.934,0.657,0.663,0.729,0.7769999999999999,0.833,0.8740000000000001,0.914,,
8,2015,leg,rev,Corporate income taxes,2.8000000000000001E-2,0.049,0.302,0.053,0.039,5.801,-5.714,0.076,0.104,0.108,0.11,,
8,2015,leg,rev,Payroll taxes,0.11899999999999999,0.158,0.387,0.312,0.097,0.087,0.096,0.09799999999999998,0.103,0.11,0.116,,
8,2015,leg,rev,Other,-1.407,-1.079,-1.152,-0.641,-0.49,-0.5179999999999998,-0.624,-0.6799999999999999,-0.715,-0.7559999999999999,-0.8,,
8,2015,econ,,Economic Changes,,,,,,,,,,,,,
8,2015,econ,rev,Individual income taxes,-1.298,1.983,12.248,14.117,10.525,6.486,4.924,5.626,6.111,7.489,9.755,,
8,2015,econ,rev,Corporate income taxes,-13.62,-18.394,-18.923,-22.846,-23.018,-20.176,-19.243,-17.652,-15.126,-12.589,-9.795,,
8,2015,econ,rev,Payroll taxes,5.2389999999999999,3.763,8.122,10.461,10.457,8.398,6.631,8.292,7.579,6.891,5.62,,
8,2015,econ,rev,Other,0.157,15.041,22.924,20.334,3.662,2.440000000000001,2.977,4.283,4.297000000000001,4.483,4.881999999999999,,
8,2015,tech,,Technical Changes,,,,,,,,,,,,,
8,2015,tech,rev,Individual income taxes,35.776000000000003,11.174,-2.341,-8.444,-13.057,-19.614,-23.774,-25.03,-28.13,-30.784,-32.056,,
8,2015,tech,rev,Corporate income taxes,33.286999999999999,33.714,11.607,-3.866,-7.741,-7.122999999999999,-6.442000000000001,-5.925999999999999,-5.327,-4.797,-4.585999999999999,,
8,2015,tech,rev,Payroll taxes,4.2610000000000001,-0.9,-3.912,-4.02,-4.504,-4.694999999999999,-4.926,-5.292,-5.593,-5.64,-6.143,,
8,2015,tech,rev,Other,-3.0459999999999998,-2.026,-3.526,-4.995000000000005,-4.222999999999999,-2.545,-1.647999999999996,-0.679,-0.041,0.553,1.345,,
8,2015,other,,Changes to Outlay Projections,,,,,,,,,,,,,
8,2015,leg,out,Legislative Changes,,,,,,,,,,,,,
8,2015,leg,out,Mandatory outlays,,,,,,,,,,,,,
8,2015,leg,out,Medicare,6.9450000000000003,14.264,14.491,8.087,8.424,8.172,11.039,14.005,15.125,14.909,15.202,,
8,2015,leg,out,CHIP,0,1.715,7.631,5.38,0.194,0,0,0,0,0,0,,
8,2015,leg,out,Health insurance subsidies and related spending,0,-1.137,-2.608,-2.421,-1.262,-1.21,-1.29,-1.375,-1.45,-1.535,-1.615,,
8,2015,leg,out,Other,1.5289999999999999,3.720000000000002,2.356999999999999,4.169000000000002,3.590999999999999,2.232,1.149000000000001,-0.3330000000000002,-1.317,-4.07,-8.768999999999998,,
8,2015,leg,out,Discretionary outlays,0,0,0,0,0,0,0,0,0,1.56,1.6,,
8,2015,leg,int,Net interest outlays (Debt service),2.4E-2,0.385,0.753,1.488,2.222,2.67,3.226,3.938,4.605,5.217,5.7,,
8,2015,econ,,Economic Changes,,,,,,,,,,,,,
8,2015,econ,out,Mandatory outlays,,,,,,,,,,,,,
8,2015,econ,out,Social Security,0,-5.8,-12.70000000000001,-14.60000000000001,-14.99999999999999,-14.99999999999999,-14.50000000000001,-14.29999999999998,-13.9,-13.59999999999999,-13.3,,
8,2015,econ,out,Unemployment compensation,-0.69339179993949807,-1.690747333636511,-2.053983660307895,-2.162457022613336,-2.687540154485418,-2.089051975755283,-2.019975893407391,-1.947340172360881,-2.00490815865829,-2.079688422604711,-2.097560114222382,,
8,2015,econ,out,Other,-1.3345997214367109,-4.528670975095978,-9.10785828617567,-9.817729213173198,-11.45690179414142,-9.356308214273836,-11.39026166817761,-12.66201341657957,-13.0439662425022,-12.96056697249278,-13.79402385361541,,
8,2015,econ,out,Discretionary outlays,0,0.314,-0.093,-0.179,-0.34,-0.362,-0.308,-0.206,-0.178,-0.89,-1.229,,
8,2015,econ,int,Net interest outlays,,,,,,,,,,,,,
8,2015,econ,int,Effect of rates and inflation,-7.9119065370186537,-14.06110886906306,-23.8455271631293,-34.89104713916705,-30.27051509300857,-28.70009538938401,-31.31672088758803,-35.17227273743515,-38.27580356801965,-41.67323019999601,-45.39968430546803,,
8,2015,econ,int,Debt service,-1.0447451459871531E-3,-0.4159349244673556,-1.424856850624187,-4.082163851518893,-7.217396738153834,-9.89384811969748,-12.44213705010669,-15.28141663691108,-18.55701861062532,-22.13289169079825,-26.08811606369355,,
8,2015,tech,,Technical Changes,,,,,,,,,,,,,
8,2015,tech,out,Mandatory outlays,,,,,,,,,,,,,
8,2015,tech,out,Medicare,6.5259999999999998,7.059,10.281,10.595,12.187,11.867,13.103,9.919,15.107,21.513,18.283,,
8,2015,tech,out,Veterans' compensation and pensions,2,2.22,2.438,2.641,2.845,3.057,3.257,3.461,3.665,3.868,4.072,,
8,2015,tech,out,Social Security,-1.0569999999999999,-2.403000000000017,-2.487999999999989,-2.597999999999989,-2.709000000000011,-2.532000000000007,-3.281999999999995,-3.202000000000016,-3.404000000000005,-3.794000000000005,-4.278,,
8,2015,tech,out,Earned income and child tax credits,-2.0640000000000001,-2.186,-2.491,-2.96,-2.968,-2.928,-2.749,-2.771,-2.825,-2.98,-2.871,,
8,2015,tech,out,Medicaid,6.96,7.682,8.328,6,3,1.5,0,0,0,0,0,,
8,2015,tech,out,Other,4.6319915213762108,1.844418308732489,-0.975158053516436,2.54718623578654,1.353441948626841,0.4843601900291095,0.915237561584993,-0.1606464110595622,0.7148744011604844,0.7912553950974939,0.9215839678377886,,
8,2015,tech,out,Discretionary outlays,-12.702999999999999,-2.253,1.352,0.915,0.643,0.354,0.039,-0.206,-0.212,-0.259,-0.339,,
8,2015,tech,int,Net interest outlays,,,,,,,,,,,,,
8,2015,tech,int,Debt service,-0.10360025485401241,-0.9168742755326448,-0.450700149375815,0.2986273515188964,1.479756138153835,3.076482519697478,4.868008550106684,6.676275336911083,8.862621110625328,11.40513009079825,14.02134366369355,,
8,2015,tech,int,Other,-2.7497909629813471,-0.9325368309369388,-1.778134236870697,-1.51212976083294,-0.90984060699142,-1.235379410615969,-1.232397312411929,-1.375775162564809,-0.7833927319803042,-1.175591400003941,-1.356214794531901,,
8,2015,baseline,def,Deficit in CBO's August 2015,-425.81299999999982,-413.7700000000005,-415.6269999999999,-454.3140000000002,-595.638,-686.5920000000003,-766.6900000000006,-885.4909999999995,-895.4690000000004,-885.5200000000002,-1007.702000000001,,
1,2016,leg,,Legislative Changes,,,,,,,,,,,,,
1,2016,leg,,Changes in Revenues,,,,,,,,,,,,,
1,2016,leg,rev,Individual income taxes,-56.017000000000003,-29.346,-23.706,-20.942,-9.323,-4,-7.883,-10.232,-13.2,-15.198,,,
1,2016,leg,rev,Corporate income taxes,-95.59,-51.923,-40.138,-27.111,-0.146,6.735,-5.625,-15.232,-22.876,-28.441,,,
1,2016,leg,rev,Payroll taxes,6.6000000000000003E-2,0.301,-0.3,-0.366,-0.102,0.652,1.001,0.924,1.002,1.069,,,
1,2016,leg,rev,Other,17.858000000000001,-10.425,1.829,0.759,1.338,5.034,5.426,5.815,6.313,6.86,,,
1,2016,leg,,Changes in Outlays,,,,,,,,,,,,,
1,2016,leg,out,Mandatory outlays,,,,,,,,,,,,,
1,2016,leg,out,Refundable tax credits,0,-0.619,-0.648,21.744,21.927,22.01,22.172,22.324,22.557,22.705,,,
1,2016,leg,out,Military retirement,0,1.719,2.347,2.648,2.966,3.298,3.633,3.972,4.326,4.702,,,
1,2016,leg,out,Medicare,5.2279999999999998,1.388,-2.148,-3.02,-3.264,-2.327,-1.457,1.196,1.839,-18.637,,,
1,2016,leg,out,Strategic Petroleum Reserve,0,0,-0.25,-0.25,-0.25,-0.3,-0.45,-1.6,-2.3,-2.4,,,
1,2016,leg,out,Pension Benefit Guaranty Corporation,0,0,-0.265,-0.55,-0.855,-0.835,-0.625,-0.675,-0.66,-3.66,,,
1,2016,leg,out,Other,-0.45900000000000002,0.031,-0.934,-2.569,-0.696,0.139,-0.704,-1.38,-1.675,-8.256,,,
1,2016,leg,,Discretionary outlays,,,,,,,,,,,,,
1,2016,leg,out,Defense,1.633,0.63,-4.552,-4.904,-4.239,-4.567,-5.05,-5.065,-5.109,-5.701,,,
1,2016,leg,out,Nondefense,23.027999999999999,24.431,14.959,6.086,5.486,4.287,3.797,3.801,3.707,3.695,,,
1,2016,leg,int,Debt service,0.66900000000000004,3.788,7.443,11.514,14.106,15.767,17.44,19.638,22.336,24.642,,,
1,2016,econ,,Economic Changes,,,,,,,,,,,,,
1,2016,econ,,Changes in Revenues,,,,,,,,,,,,,
1,2016,econ,rev,Individual income taxes,-8.0190000000000001,-11.263,-12.898,-15.987,-23.736,-36.275,-43.004,-49.292,-55.269,-60.758,,,
1,2016,econ,rev,Corporate income taxes,-27.248999999999999,-28.914,-26.585,-22.242,-20.188,-18.265,-18.057,-20.326,-23.778,-26.649,,,
1,2016,econ,rev,Payroll taxes,3.3610000000000002,-0.018,-4.583,-12.656,-19.178,-22.813,-27.134,-30.135,-32.98,-35.66,,,
1,2016,econ,rev,Other,-1.194,0.75,3.752,-2.363,-4.026,-5.002,-6.626,-7.796,-8.383,-9.343,,,
1,2016,econ,,Changes to Outlays,,,,,,,,,,,,,
1,2016,econ,out,Mandatory outlays,,,,,,,,,,,,,
1,2016,econ,out,Medicaid,-1.6220000000000001,-2.872,-3.479,-3.429,-3.691,-4.14,-4.636,-5.231,-5.876,-5.968,,,
1,2016,econ,out,Unemployment compensation,-2.464,-3.981,-3.831,-2.828,-2.551,-2.632,-2.977,-3.151,-3.354,-3.503,,,
1,2016,econ,out,Social Security,0.1,-3.8,-4.2,-3,-2.5,-1.5,-0.9,-2.1,-4.2,-4.6,,,
1,2016,econ,out,Outer Continental Shelf,1.825,1.725,1.575,1.525,1.625,1.7,1.8,1.9,1.9,1.9,,,
1,2016,econ,out,Medicare,9.9000000000000005E-2,-0.896,-1.427,-1.612,-1.793,-1.849,-1.93,-2.147,-2.398,-1.673,,,
1,2016,econ,out,Other,-0.83,-3.698,-3.748,-3.397,-3.229,-2.877,-2.624,-2.703,-2.826,-2.597,,,
1,2016,econ,out,Discretionary outlays,0,-0.874,-1.696,-2.515,-3.364,-3.62,-3.924,-3.91,-3.747,-3.615,,,
1,2016,econ,int,Net interest outlays,,,,,,,,,,,,,
1,2016,econ,int,Debt service,6.8000000000000005E-2,0.425,0.864,1.528,2.422,3.844,5.699,7.963,10.596,13.613,,,
1,2016,econ,int,Effects of rates and inflation,-13.565,-9.041,-15.626,-20.276,-23.655,-24.82,-27.67,-28.824,-31.608,-33.115,,,
1,2016,tech,,Technical Changes,,,,,,,,,,,,,
1,2016,tech,,Changes in Revenues,,,,,,,,,,,,,
1,2016,tech,rev,Individual income taxes,19.86,11.603,13.214,12.745,6.161,9.162,9.517,10.529,12.285,11.86,,,
1,2016,tech,rev,Corporate income taxes,4.8259999999999996,-0.305,-6.841,-11.418,-13.658,-16.438,-14.494,-13.849,-14.088,-15.224,,,
1,2016,tech,rev,Payroll taxes,-2.5169999999999999,0.177,-1.122,-0.322,-3.668,-5.258,-5.695,-6.832,-7.942,-7.819,,,
1,2016,tech,rev,Other,5.7030000000000003,1.939,0.945,0.005,-0.382,-2.008,-2.595,-2.867,-2.872,-2.557,,,
1,2016,tech,out,Changes in Outlays,,,,,,,,,,,,,
1,2016,tech,out,Mandatory outlays,,,,,,,,,,,,,
1,2016,tech,out,Medicaid,5.9960000000000004,10.343,13.623,15.779,18.241,20.961,22.656,24.549,26.739,28.215,,,
1,2016,tech,out,Veterans' compensation and pensions,5.33,8.122,8.78,11.582,13.663,15.991,20.42,21.396,21.484,25.267,,,
1,2016,tech,out,Social Security,-1.8919999999999999,-3.377,-5.564,-7.302,-9.697,-11.674,-13.151,-14.343,-14.948,-15.028,,,
1,2016,tech,out,Fannie Mae and Freddie Mac,-22.9,-0.9,-1.3,-0.8,-0.6,-0.3,-0.6,-0.8,-0.8,-0.7,,,
1,2016,tech,out,Medicare,3.9660000000000002,2.383,5.229,4.397,4.073,3.793,2.917,-2.739,-3.993,8.245,,,
1,2016,tech,out,Other,-17.137,-1.564,6.417,13.335,8.989,2.374,3.351,1.939,0.209,-0.997,,,
1,2016,tech,out,Discretionary outlays,-3.3540000000000001,-3.9,-0.128,0.832,1.147,1.593,1.53,1.576,1.947,1.996,,,
1,2016,tech,int,Net interest outlays,,,,,,,,,,,,,
1,2016,tech,int,Debt service,-0.21199999999999999,-0.77,-0.45,0.606,2.093,3.922,5.829,7.792,9.714,12.097,,,
1,2016,tech,int,Other,7.4390000000000001,9.722,10.567,7.32,0.174,-0.562,-0.846,-0.672,-1.845,-0.084,,,
1,2016,baseline,def,Deficit in CBO's January 2016,-543.62599999999998,-561.465,-572.304,-737.978,-810.029,-892.841,-1044.362,-1077.469,-1089.322,-1226.104,-1366.168,,
3,2016,leg,,Legislative Changes,-1E-3,0.036,0.035,0.018,0.002,-0.036,-0.07,-0.076,-0.074,0.233,-0.058,,
3,2016,econ,,Economic Changes,,,,,,,,,,,,,
3,2016,econ,,Changes in Revenues,,,,,,,,,,,,,
3,2016,econ,rev,Individual income taxes,2.27,5.278,8.934,11.051,8.012,6.296,5.072,3.815,4.117,5.292,4.208,,
3,2016,econ,rev,Corporate income taxes,-0.53400000000000003,-0.661,0.145,0.509,0.679,0.886,0.654,0.533,0.552,0.375,0.318,,
3,2016,econ,rev,Payroll taxes,0.35099999999999998,5.152,9.269,10.486,7.37,4.483,4.14,5.145,6.306,7.556,9.519,,
3,2016,econ,rev,Other,-1.542,-1.821,-0.925,0.243,0.419,0.166,0.138,0.128,0.135,0.226,0.286,,
3,2016,econ,,Changes to Outlays,,,,,,,,,,,,,
3,2016,econ,out,Mandatory outlays,,,,,,,,,,,,,
3,2016,econ,out,Social Security,0,-1.35,-1.923,-2.012,-1.98,-2.827,-4.118,-4.503,-4.503,-4.536,-4.477,,
3,2016,econ,out,Other,0.504,-1.037,-1.281,-0.608,-0.156,-0.58,-1.157,-1.168,-0.922,-1.121,-1.304,,
3,2016,econ,int,Net interest outlays,,,,,,,,,,,,,
3,2016,econ,int,Debt service,-3.0000000000000001E-3,-0.12,-0.477,-1.362,-2.128,-2.746,-3.276,-3.806,-4.346,-4.944,-5.6,,
3,2016,econ,int,Effects of rates and inflation,-0.88,0.953,1.081,1.431,2.333,3.289,4.073,4.935,5.656,6.316,6.997,,
3,2016,tech,,Technical Changes,,,,,,,,,,,,,
3,2016,tech,,Changes in Revenues,,,,,,,,,,,,,
3,2016,tech,rev,Individual income taxes,2.085,-0.284,-0.251,-0.285,2.326,1.744,1.417,1.133,1.112,2.399,2.348,,
3,2016,tech,rev,Corporate income taxes,-1.044,-2.388,-2.066,-0.047,1.416,1.157,1.017,1.118,1.335,0.387,-0.81,,
3,2016,tech,rev,Payroll taxes,2.4809999999999999,3.35,3.356,3.458,1.241,0.021,0.018,0.011,0.005,0.003,0.001,,
3,2016,tech,rev,Other,-16.007000000000001,-11.359,-6.454,-0.898,-7.35,-8.69,-8.985,-9.105,-8.926,-8.647,-8.928,,
3,2016,tech,,Changes in Outlays,,,,,,,,,,,,,
3,2016,tech,out,Mandatory outlays,,,,,,,,,,,,,
3,2016,tech,out,Health insurance subsidies and related spending,-6.6219999999999999,-14.306,-11.278,-8.165,-5.851,-5.069,-6.043,-5.628,-5.328,-5.108,-5.271,,
3,2016,tech,out,Social security,0.8,2.25,2.823,3.311,3.48,3.926,4.518,4.803,5.102,5.636,6.077,,
3,2016,tech,out,Medicaid,-9.9860000000000007,-8.25,-5.113,-2.426,-1.42,-0.827,-0.682,-0.714,-0.757,-0.908,-18.983,,
3,2016,tech,out,Student loans,10.101000000000001,1.109,1.393,1.601,1.731,1.843,1.953,2.052,2.145,2.232,2.323,,
3,2016,tech,out,Other,-12.561,9.64,6.63,5.271,2.142,-0.156,0.65,3.602,4.825,1.502,-2.995,,
3,2016,tech,out,Discretionary outlays,-1.6080000000000001,-0.194,1.099,0.61,0.87,1.77,0.529,0.183,0.1,0.002,0.145,,
3,2016,tech,int,Net interest outlays,,,,,,,,,,,,,
3,2016,tech,int,Debt service,-0.155,-0.561,-0.889,-1.302,-1.462,-1.317,-1.028,-0.594,0.053,0.729,0.793,,
3,2016,tech,int,Other,-1.5349999999999999,-2.727,-3.787,0.624,4.406,6.341,6.356,6.461,7.206,7.633,6.453,,
3,2016,baseline,def,Deficit in CBO's March 2016,-533.62099999999998,-549.568,-548.539,-710.416,-797.879,-890.46,-1042.737,-1080.389,-1093.992,-1225.713,-1343.441,,
8,2016,leg,,Legislative Changes,,,,,,,,,,,,,
8,2016,leg,rev,Changes in Revenues,0,0.2,0.157,0.014,0.015,0.023,0.026,0.022,0.028,0.029,0.029,,
8,2016,leg,out,Changes in Outlays,0,-0.012,-0.03,-0.027,-0.005,0.115,0.012,-0.044,-0.05,-0.062,-0.068,,
8,2016,econ,,Economic Changes,,,,,,,,,,,,,
8,2016,econ,,Changes in Revenues,,,,,,,,,,,,,
8,2016,econ,rev,Individual income taxes,-15.565,-30.741,-22.243,-13.08,-9.668,-11.947,-14.729,-19.473,-23.959,-28.223,-31.558,,
8,2016,econ,rev,Corporate income taxes,-12.154,-16.937,-21.251,-21.754,-24.676,-27.832,-29.513,-29.064,-27.218,-24.832,-23.445,,
8,2016,econ,rev,Payroll taxes,-0.503,-1.204,-2.345,-4.1,-6.244,-8.039,-9.931,-12.389,-15.891,-19.757,-23.867,,
8,2016,econ,rev,Federal Reserve remittances,5.1230000000000002,22.456,31.579,26.937,17.28,10.56,9.004,8.569,8.278,7.791,8.051,,
8,2016,econ,rev,Other,-1.0189999999999999,-2.138,-2.367,-1.991,-2.178,-2.144,-1.915,-1.86,-2.224,-2.685,-3.299,,
8,2016,econ,,Changes to Outlays,,,,,,,,,,,,,
8,2016,econ,out,Mandatory outlays,,,,,,,,,,,,,
8,2016,econ,out,Social Security,0,-1,-2.1,-3.3,-4.6,-5.1,-5.5,-5.8,-6,-7.6,-9.4,,
8,2016,econ,out,Medicare,0,-1.4,-1.862,-1.994,-3.873,-3.212,-3.793,-4.841,-4.349,-6.104,-6.133,,
8,2016,econ,out,Higher education,1.64,-4.853,-5.177,-4.484,-3.828,-3.028,-2.536,-2.349,-2.311,-2.366,-2.444,,
8,2016,econ,out,Other,-1.0089999999999999,-1.263,-1.393,-1.959,-3.169,-4.077,-4.71,-5.081,-5.576,-6.17,-6.397,,
8,2016,econ,out,Discretionary outlays,0,-0.134,-0.201,-0.213,-0.424,-0.537,-0.606,-0.699,-0.765,-0.859,-0.921,,
8,2016,econ,int,Net interest outlays,,,,,,,,,,,,,
8,2016,econ,int,Effects of rates and inflation,-4.4489999999999998,-36.013,-65.484,-88.284,-95.205,-97.983,-100.043,-102.429,-103.625,-105.811,-109.706,,
8,2016,econ,int,Debt service,0.01,0.025,-0.476,-2.251,-4.797,-7.669,-10.319,-13.005,-15.581,-18.195,-20.819,,
8,2016,tech,,Technical Changes,,,,,,,,,,,,,
8,2016,tech,,Changes in Revenues,,,,,,,,,,,,,
8,2016,tech,rev,Individual income taxes,-56.686999999999998,-46.467,-32.795,-23.444,-19.596,-10.6,-4.108,-0.652,2.686,3.001,4.302,,
8,2016,tech,rev,Corporate income taxes,-17.303999999999998,-19.087,-7.911,1.032,5.975,6.765,6.483,6.416,6.522,6.73,7.053,,
8,2016,tech,rev,Payroll taxes,15.638,10.443,10.152,8.871,6.667,6.843,7.323,7.682,8.018,9.101,10.624,,
8,2016,tech,rev,Other,-4.7249999999999996,-3.351,1.593,1.147,2.077,2.488,2.566,2.74,3.099,2.866,3.038,,
8,2016,tech,,Changes in Outlays,,,,,,,,,,,,,
8,2016,tech,out,Mandatory outlays,,,,,,,,,,,,,
8,2016,tech,out,Medicare,0.45500000000000002,0.302,0.633,0.934,1.786,2.497,3.177,2.876,4.384,4.644,5.876,,
8,2016,tech,out,Earned income and child tax credits,-2.4750000000000001,-2.046,-2.035,-2.308,-2.705,-2.974,-3.065,-3.204,-3.059,-3.003,-2.98,,
8,2016,tech,out,Other,-10.651999999999999,2.244,1.463,-11.242,-1.719,-1.19,-0.731,-0.533,-0.908,-1.135,-0.764,,
8,2016,tech,out,Discretionary outlays,-14.601000000000001,1.235,0.352,0.366,-0.03,-0.076,-0.258,0.023,0.006,-0.003,-0.004,,
8,2016,tech,int,Net interest outlays,,,,,,,,,,,,,
8,2016,tech,int,Debt service,0.11799999999999999,1.466,2.695,3.837,4.933,5.543,5.728,5.766,5.627,5.602,5.656,,
8,2016,tech,int,Other,0.16300000000000001,-1.041,-0.7,-0.612,-0.68,-1.064,-1.141,-1.322,-2.098,-2.154,-1.753,,
8,2016,baseline,def,Deficit in CBO's August 2016,-590.01700000000005,-593.904,-519.656,-625.248,-713.911,-805.589,-953.747,-987.755,-1000.347,-1128.476,-1242.656,,
1,2017,leg,,Legislative Changes,,,,,,,,,,,,,
1,2017,leg,rev,Changes in Revenues,-0.13400000000000001,-0.07,-0.076,0.027,0.056,0.078,0.105,0.158,0.194,0.262,,,
1,2017,leg,,Changes in Outlays,,,,,,,,,,,,,
1,2017,leg,out,Mandatory outlays,-0.73899999999999999,-1.707,-1.985,-0.998,0.565,0.596,0.019,-0.645,-0.589,-0.332,,,
1,2017,leg,out,Discretionary outlays,8.9890000000000008,10.726,17.042,10.978,11.632,11.176,11.311,11.546,11.607,11.784,,,
1,2017,leg,int,Debt service,5.5E-2,0.162,0.456,0.827,1.287,1.77,2.23,2.692,3.16,3.645,,,
1,2017,econ,,Economic Changes,,,,,,,,,,,,,
1,2017,econ,,Changes in Revenues,,,,,,,,,,,,,
1,2017,econ,rev,Individual income taxes,-4.1619999999999999,-11.652,-9.092,-2.226,-0.214,-0.242,-1.624,-3.661,-5.682,-7.978,,,
1,2017,econ,rev,Corporate income taxes,16.309999999999999,14.311,8.428,9.001,10.532,9.647,7.85,5.872,3.479,1.764,,,
1,2017,econ,rev,Payroll taxes,-1.2110000000000001,-0.813,0.796,-0.812,-3.028,-2.967,-3.454,-4.225,-5.146,-6.065,,,
1,2017,econ,rev,Other,-1.0620000000000001,-1.886,0.496,-0.882,-2.899,-4.382,-4.82,-4.845,-5.015,-4.325,,,
1,2017,econ,,Changes to Outlays,,,,,,,,,,,,,
1,2017,econ,out,Mandatory outlays,,,,,,,,,,,,,
1,2017,econ,out,Medicare,-0.214,-0.097,0.667,2.399,4.591,7.227,9.514,11.768,15.165,18.892,,,
1,2017,econ,out,Earned income and child tax credits,0.76700000000000002,1.193,1.927,2.566,3.077,3.553,4.184,4.834,5.445,6.123,,,
1,2017,econ,out,Supplemental Nutrition Assistance Program,-8.4000000000000005E-2,-2.274,-2.269,-2.245,-2.206,-2.196,-2.185,-2.176,-2.177,-2.274,,,
1,2017,econ,out,Social Security,-0.85199999999999998,-0.477,-0.455,-0.218,-0.447,-0.707,-1.135,-1.672,-2.421,-3.309,,,
1,2017,econ,out,Other,1.226,-1.962,-4.669,-4.644,-2.424,-1.525,-1.16,-1.12,-1.198,-1.573,,,
1,2017,econ,out,Discretionary outlays,0,0.8,0.662,0.51,0.482,0.545,0.533,0.546,0.634,0.732,,,
1,2017,econ,int,Net interest outlays,,,,,,,,,,,,,
1,2017,econ,int,Effect of rates and inflation,5.1349999999999998,-0.007,-11.666,-17.773,-13.088,-8.138,-5.04,-3.098,-0.963,1.428,,,
1,2017,econ,int,Debt service,-2.5999999999999999E-2,-0.065,-0.287,-0.792,-1.471,-1.875,-1.937,-1.678,-1.091,-0.147,,,
1,2017,tech,,Technical Changes,,,,,,,,,,,,,
1,2017,tech,,Changes in Revenues,,,,,,,,,,,,,
1,2017,tech,rev,Individual income taxes,-11.497,12.08,3.606,-9.181,-17.188,-23.609,-26.404,-31.496,-35.022,-38.667,,,
1,2017,tech,rev,Corporate income taxes,-16.794,-11.342,-8.135,-7.923,-7.542,-7.321,-7.003,-6.069,-6.126,-6.775,,,
1,2017,tech,rev,Payroll taxes,1.534,3.341,1.322,-0.691,-0.131,2.858,6.251,6.966,8.142,9.833,,,
1,2017,tech,rev,Other,-4.0000000000000001E-3,-0.215,-9.503,-9.464,-8.314,-10.5,-10.436,-9.989,-9.658,-9.121,,,
1,2017,tech,,Changes in Outlays,,,,,,,,,,,,,
1,2017,tech,out,Mandatory outlays,,,,,,,,,,,,,
1,2017,tech,out,Social Security,-3.2719999999999998,-3.656,-4.672,-6.677,-7.847,-9.176,-10.838,-12.009,-13.544,-14.857,,,
1,2017,tech,out,Medicare,-1.2649999999999999,-1.962,-5.335,-7.6,-7.905,-10.276,-10.845,-8.961,-15.654,-12.561,,,
1,2017,tech,out,Medicaid,-4.4779999999999998,-6.456,-7.725,-6.912,-7.114,-7.609,-7.482,-6.687,-5.141,-3.569,,,
1,2017,tech,out,Earned income and child tax credits,-0.53500000000000003,-1.917,-2.544,-3.318,-4.074,-4.88,-5.791,-7.033,-7.921,-9.146,,,
1,2017,tech,out,Deposit insurance,-3.0379999999999998,0.483,3.828,5.657,4.81,4.162,4.976,5.324,5.698,6.216,,,
1,2017,tech,out,Pension Benefit Guaranty Corporation,-2.081,-2.103,-3.12,-2.785,-2.636,-2.251,-1.893,-2.484,-2.534,-2.352,,,
1,2017,tech,out,Fannie Mae and Freddie Mac,-17.3,-0.2,-0.2,0,-0.3,0.9,1,1.1,1,0.8,,,
1,2017,tech,out,Other,-22.625,-7.03,-7.236,-10.863,-3.701,-2.045,-2.22,-1.786,0.153,-1.082,,,
1,2017,tech,out,Discretionary outlays,-6.2249999999999996,-5.871,-2.007,-3.14,-3.353,-2.913,-3.073,-2.668,-2.489,-1.841,,,
1,2017,tech,int,Net interest outlays,,,,,,,,,,,,,
1,2017,tech,int,Debt service,-0.124,-0.018,-0.131,-0.077,0.286,0.941,1.496,1.9,2.187,2.379,,,
1,2017,tech,int,Other,-5.5330000000000004,-6.032,-6.608,-7.336,-7.837,-8.065,-8.552,-8.025,-7.181,-5.903,,,
1,2017,baseline,def,Deficit in CBO's January 2017,-558.70699999999999,-487.431,-601.081,-683.621,-796.643,-959.399,-1000.401,-1027.304,-1165.456,-1296.782,-1407.585,,
6,2017,leg,,Legislative Changes,,,,,,,,,,,,,
6,2017,leg,rev,Changes in Revenues,1E-3,-0.021,-0.008,0.001,0.001,0,0,0,0,0,0,,
6,2017,leg,,Changes in Outlays,,,,,,,,,,,,,
6,2017,leg,out,Mandatory outlays,4.1000000000000002E-2,0.693,0.482,0.52,0.538,0.549,0.562,0.583,0.609,-0.745,0.661,,
6,2017,leg,out,Discretionary outlays,,,,,,,,,,,,,
6,2017,leg,out,Defense,7.6790000000000003,11.303,14.495,16.689,17.948,18.607,19.18,19.586,20.03,20.464,20.893,,
6,2017,leg,out,Nondefense,2.911,5.429,5.365,6.183,6.191,5.962,6.015,6.041,6.078,6.196,6.294,,
6,2017,leg,int,Debt service,4.3999999999999997E-2,0.263,0.788,1.544,2.429,3.359,4.35,5.399,6.488,7.6,8.757,,
6,2017,econ,,Economic Changes,,,,,,,,,,,,,
6,2017,econ,,Changes in Revenues,,,,,,,,,,,,,
6,2017,econ,rev,Individual income taxes,5.4809999999999999,17.401,16.275,10.524,5.847,3.344,2.888,3.139,3.527,4.275,5.372,,
6,2017,econ,rev,Corporate income taxes,-1.944,2.382,7.608,8.305,8.556,9.858,10.487,10.095,8.653,6.62,4.465,,
6,2017,econ,rev,Payroll taxes,0.81599999999999995,2.468,0.349,2.498,1.625,1.7,2.394,3.28,4.34,5.921,7.477,,
6,2017,econ,rev,Other,-3.2509999999999999,-3.263,-6.378,-4.781,-1.571,1.288,3.46,4.553,5.22,6.863,7.728,,
6,2017,econ,,Changes to Outlays,,,,,,,,,,,,,
6,2017,econ,out,Mandatory outlays,-0.39400000000000002,-3.455,-2.695,-2.128,-1.486,-0.718,0.146,0.659,1.777,2.632,3.48,,
6,2017,econ,int,Net interest outlays,,,,,,,,,,,,,
6,2017,econ,int,Effect of rates and inflation,1.2E-2,11.921,25.682,35.633,36.36,33.934,33.548,33.136,31.916,30.549,29.65,,
6,2017,econ,int,Debt service,-6.0000000000000001E-3,-0.085,-0.207,0.046,0.588,1.219,1.787,2.302,2.787,3.239,3.646,,
6,2017,tech,,Technical Changes,,,,,,,,,,,,,
6,2017,tech,,Changes in Revenues,,,,,,,,,,,,,
6,2017,tech,rev,Individual income taxes,-82.944999999999993,-74.344,-54.665,-34.385,-22.263,-15.856,-5.533,-3.87,-4.482,-6.023,-6.448,,
6,2017,tech,rev,Corporate income taxes,-8.4670000000000005,-17.696,-15.646,-9.992,-3.298,-0.874,-0.84,-0.867,-0.89,-0.905,-0.917,,
6,2017,tech,rev,Payroll taxes,13.842000000000001,1.775,4.782,2.527,2.083,1.843,1.781,1.403,0.871,-0.753,-0.245,,
6,2017,tech,rev,Other,-12.826000000000001,-0.942,1.263,0.522,1.278,1.151,0.91,0.784,0.682,0.598,0.624,,
6,2017,tech,,Changes in Outlays,,,,,,,,,,,,,
6,2017,tech,out,Mandatory outlays,,,,,,,,,,,,,
6,2017,tech,out,Social Security,-1.117,-5.918,-6.085,-6.083,-6.476,-6.608,-6.917,-7.322,-7.745,-8.351,-9.066,,
6,2017,tech,out,Medicaid,-3.2930000000000001,3.417,5.898,5.428,5.879,5.999,6.059,5.646,5.175,5.328,5.502,,
6,2017,tech,out,Medicare,-2.0550000000000002,-5.899,-6.741,-3.625,-2.454,-3.046,-3.156,-3.398,-1.752,-4.321,-9.099,,
6,2017,tech,out,Student loans,47.523000000000003,1.647,1.803,2.018,2.307,2.469,2.591,2.721,2.864,3.015,3.162,,
6,2017,tech,out,Other,11.377000000000001,-9.837,2.318,5.469,8.775,2.119,1.331,1.091,2.385,0.519,2.078,,
6,2017,tech,out,Discretionary outlays,-16.576000000000001,-5.539,-2.77,-1.729,-1.823,-1.045,-1.008,-0.86,-0.973,-1.048,-1.053,,
6,2017,tech,int,Net interest outlays,,,,,,,,,,,,,
6,2017,tech,int,Debt service,-0.31900000000000001,-1.63,2.894,4.276,5.467,6.15,6.464,6.765,7.054,7.286,7.196,,
6,2017,tech,int,Other,-0.65100000000000002,0.713,0.196,1.915,0.783,1.081,1.531,1.743,0.366,-0.677,0.998,,
6,2017,baseline,def,Deficit in CBO's June 2017,-693.17499999999995,-562.695,-688.923,-774.558,-879.411,-1026.976,-1057.336,-1082.88,-1224.594,-1351.872,-1462.627,,
4,2018,leg,,Legislative Changes,,,,,,,,,,,,,
4,2018,leg,,Changes in Revenues,,,,,,,,,,,,,
4,2018,leg,rev,Individual income taxes,-65.320999999999998,-162.145,-169.32,-166.295,-158.546,-147.744,-150.448,-150.833,-40.924,43.074,,,
4,2018,leg,rev,Corporate income taxes,-94.38,-95.83,-79.939,-56.961,-31.9,-7.383,9.777,14.129,-9.033,-57.566,,,
4,2018,leg,rev,Payroll taxes,-0.36,-0.255,-0.132,0.792,2.825,6.119,7.523,6.952,6.408,5.874,,,
4,2018,leg,rev,Other,-2.8769999999999998,-26.94,-15.539,-16.997,-15.41,-14.286,-14.996,-15.859,-16.01,-9.498,,,
4,2018,leg,,Changes in Outlays,,,,,,,,,,,,,
4,2018,leg,out,Mandatory outlays,,,,,,,,,,,,,
4,2018,leg,out,Medicaid,1.8779999999999999,-3.756,-11.736,-21.384,-25.085,-27.04,-28.509,-30.678,-32.63,-34.244,,,
4,2018,leg,out,Health insurance subsidies and related spending,-0.63800000000000001,-5.03,-10.528,-20.819,-24.833,-26.135,-27.46,-28.906,-29.791,-32.008,,,
4,2018,leg,out,Refundable tax credits,-10.75,12.635,12.762,12.353,11.914,12.593,12.105,11.292,24.5,-4.613,,,
4,2018,leg,out,Children's Health Insurance Program,2.7250000000000001,9.89,8.509,6.943,7.338,7.774,8.23,8.698,9.161,9.642,,,
4,2018,leg,out,Other,16.946000000000002,8.58,6.314,5.584,5.673,4.706,9.414,9.888,-12.827,-27.711,,,
4,2018,leg,out,Discretionary outlays,,,,,,,,,,,,,
4,2018,leg,out,Defense,39.698999999999998,56.428,12.949,-2.189,-7.716,-12.188,-14.562,-15.102,-15.523,-15.906,,,
4,2018,leg,out,Nondefense,54.423000000000002,82.691,71.063,49.603,51.314,55.721,60.436,66.872,73.506,77.933,,,
4,2018,leg,int,Debt service,3.468,12.637,30.384,45.267,56.706,63.79,67.963,73.562,78.913,82.362,,,
4,2018,econ,,Economic Changes,,,,,,,,,,,,,
4,2018,econ,,Changes in Revenues,,,,,,,,,,,,,
4,2018,econ,rev,Individual income taxes,-15.776999999999999,27.907,68.799,71.019,60.86,48.216,44.511,48.996,55.474,58.383,,,
4,2018,econ,rev,Corporate income taxes,44.828000000000003,72.859,65.536,57.32,47.737,40.34,36.586,36.996,36.791,37.384,,,
4,2018,econ,rev,Payroll taxes,-22.289000000000001,-8.377,6.841,13.156,12.248,14.346,13.854,18.084,20.504,23.961,,,
4,2018,econ,rev,Other,-3.21,-4.145,-2.909,4.719,8.014,10.015,10.686,9.51,8.333,9.645,,,
4,2018,econ,,Changes to Outlays,,,,,,,,,,,,,
4,2018,econ,out,Mandatory outlays,,,,,,,,,,,,,
4,2018,econ,out,Social Security,-3,-4.7,-4.9,-4.7,-4.5,-4.5,-5,-5.4,-5.5,-4.9,,,
4,2018,econ,out,Unemployment compensation,-2.0880000000000001,-7.415,-9.871,-7.683,-3.366,-2.062,-1.084,-0.516,-0.113,0.044,,,
4,2018,econ,out,Medicare,-1.1679999999999999,-2.35,-2.684,-2.281,-2.313,-2.606,-3.124,-4.022,-4.528,-4.986,,,
4,2018,econ,out,Other,-2.238,-4.897,-6.222,-5.477,-3.808,-3.563,-3.09,-2.916,-2.901,-3.232,,,
4,2018,econ,out,Discretionary outlays,0.45300000000000001,1.572,1.265,1.711,2.247,2.34,2.444,2.876,3.115,3.279,,,
4,2018,econ,int,Net interest outlays,,,,,,,,,,,,,
4,2018,econ,int,Effect of rates and inflation,6.6859999999999999,21.198,40.714,58.458,68.183,61.584,40.324,22.408,10.826,5.522,,,
4,2018,econ,int,Debt service,1.9E-2,-1.391,-5.156,-9.463,-12.839,-15.015,-17.106,-20.186,-24.247,-29.058,,,
4,2018,tech,,Technical Changes,,,,,,,,,,,,,
4,2018,tech,,Changes in Revenues,,,,,,,,,,,,,
4,2018,tech,rev,Individual income taxes,-3.1579999999999999,45.496,0.47,-40.551,-48.324,-54.789,-49.402,-51.485,-28.833,-10.39,,,
4,2018,tech,rev,Corporate income taxes,-32.069000000000003,-44.593,-58.573,-56.367,-52.511,-40.019,-30.832,-20.168,-6.662,8.865,,,
4,2018,tech,rev,Payroll taxes,5.4930000000000003,5.078,7.346,7.539,12.584,15.015,24.752,27.715,31.588,35.027,,,
4,2018,tech,rev,Other,-4.7759999999999998,-5.929,1.636,-2.056,-3.881,-3.502,-3.182,-3.608,-4.046,-3.732,,,
4,2018,tech,,Changes in Outlays,,,,,,,,,,,,,
4,2018,tech,out,Mandatory outlays,,,,,,,,,,,,,
4,2018,tech,out,Medicare,-1.2889999999999999,-6.498,-11.913,-15.882,-20.983,-20.836,-31.645,-29.559,-28.968,-18.879,,,
4,2018,tech,out,Medicaid,-28.082999999999998,-25.407,-21.664,-17.572,-13.065,-10.212,-6.992,-4.418,-2.823,-1.684,,,
4,2018,tech,out,Health insurance subsidies and related spending,-1.6819999999999999,-5.084,-7.667,2.334,9.232,8.567,7.696,8.495,9.245,12.748,,,
4,2018,tech,out,Other,9.6539999999999999,-5.978,-6.661,-4.328,0.146,-0.212,-0.405,-2.428,-13.392,-2.913,,,
4,2018,tech,out,Discretionary outlays,-36.250999999999998,-34.29,-22.93,-7.055,-4.922,-4.249,-4.092,-3.995,-3.819,-3.632,,,
4,2018,tech,int,Net interest outlays,,,,,,,,,,,,,
4,2018,tech,int,Debt service,-1.591,-2.84,-4.376,-4.282,-2.595,-0.713,0.243,0.628,0.045,-1.318,,,
4,2018,tech,int,Other,0.46500000000000002,-1.161,-0.336,-0.564,-3.904,-6.216,-6.089,-8.463,-10.138,-12.211,,,
4,2018,baseline,def,Deficit in CBO's April 2018,-804.23099999999999,-980.633,-1007.656,-1122.667,-1276.103,-1272.536,-1243.75,-1352.296,-1320.392,-1315.833,-1526.052,,
5,2018,tech,,Technical Changes,,,,,,,,,,,,,
5,2018,tech,rev,Changes in Revenuesa,1.218,0.724,1.89,2.291,3.628,4.184,3.983,4.412,1.315,1.898,-0.096,,
5,2018,tech,,Changes in Outlaysb,,,,,,,,,,,,,
5,2018,tech,out,Mandatory,-4.2480000000000002,-2.919,-0.216,1.158,1.442,2.346,1.916,0.738,-1.972,-3.997,-4.529,,
5,2018,tech,out,Discretionary,-6.0330000000000004,-3.805,-1.528,-2.237,1.664,3.145,3.777,4.64,4.958,5.286,5.835,,
5,2018,tech,out,Net interest,-0.14699999999999999,-0.399,-0.697,-0.911,-1.029,-1.011,-0.929,-0.894,-0.872,-0.884,-0.898,,
5,2018,leg,rev,Legislative,0,0,0,0,0,0,0,0,0,0,0,,
5,2018,leg,out,Legislative,0,0,0,0,0,0,0,0,0,0,0,,
5,2018,baseline,def,Deficit in CBO's Adjusted April (May) 2018,-792.58500000000004,-972.787,-1003.325,-1118.388,-1274.554,-1272.835,-1244.534,-1352.372,-1321.198,-1314.347,-1526.556,,
1,2019,leg,,Legislative Changes,,,,,,,,,,,,,
1,2019,leg,rev,Changes in Revenues,0.35699999999999998,-0.358,-0.088,-0.007,-0.02,-0.026,-0.027,-0.028,-0.029,-0.033,,,
1,2019,leg,,Changes in Outlays,,,,,,,,,,,,,
1,2019,leg,out,Mandatory outlays,3.496,2.862,-0.477,0.245,1.073,0.335,-0.174,-0.542,-1.562,-1.836,,,
1,2019,leg,out,Discretionary outlays,,,,,,,,,,,,,
1,2019,leg,out,Defense,-0.80100000000000005,-2.586,-4.051,-5.17,-5.779,-6.239,-6.607,-6.881,-7.142,-7.399,,,
1,2019,leg,out,Nondefense,-15.012,-33.818,-39.831,-54.497,-63.16,-71.378,-78.675,-85.983,-92.774,-98.185,,,
1,2019,leg,int,Debt service,-0.14399999999999999,-0.998,-2.396,-4.252,-6.548,-9.008,-11.791,-14.947,-18.639,-22.735,,,
1,2019,econ,,Economic Changes,,,,,,,,,,,,,
1,2019,econ,,Changes in Revenues,,,,,,,,,,,,,
1,2019,econ,rev,Individual income taxes,23.076000000000001,16.563,17.954,17.24,15.537,13.47,8.937,2.289,-3.88,-9.373,,,
1,2019,econ,rev,Corporate income taxes,-13.801,-13.687,-12.087,-8.738,-3.509,0.524,2.085,2.547,2.838,3.234,,,
1,2019,econ,rev,Payroll taxes,0.69799999999999995,-3.229,-2.549,-3.884,-3.962,-3.903,-4.339,-6.588,-8.071,-9.13,,,
1,2019,econ,rev,Other,3.0739999999999998,5.534,5.662,4.712,3.43,4.517,5.778,6.634,6.453,7.557,,,
1,2019,econ,,Changes to Outlays,,,,,,,,,,,,,
1,2019,econ,out,Mandatory outlays,,,,,,,,,,,,,
1,2019,econ,out,Social Security,3.9,3.3,3.6,4.8,5.49999999999999,5.9,6,4.49999999999999,2.4,0.2,,,
1,2019,econ,out,Other,-1.7150000000000001,-3.347,-4.434,-2.27,1.53,2.41,3.262,4.017,5.173,7.208,,,
1,2019,econ,out,Discretionary outlays,8.9999999999999993E-3,0.346,0.245,0.118,-0.222,-0.497,-0.715,-0.837,-0.881,-0.983,,,
1,2019,econ,int,Net interest outlays,,,,,,,,,,,,,
1,2019,econ,int,Effect of rates and inflation,-0.17699999999999999,-0.889,-2.191,-4.073,-6.041,-7.608,-8.826,-9.729,-10.358,-10.683,,,
1,2019,econ,int,Debt service,-4.6820000000000004,-17.218,-39.162,-50.459,-47.062,-33.256,-24.274,-17.298,-12.811,-8.48,,,
1,2019,tech,,Technical Changes,,,,,,,,,,,,,
1,2019,tech,,Changes in Revenues,,,,,,,,,,,,,
1,2019,tech,rev,Customs duties,33.886000000000003,36.965,36.644,36.884,37.463,38.092,38.668,39.293,39.62,39.897,,,
1,2019,tech,rev,Individual income taxes,-11.2,-13.165,-7.606,-17.129,-25.509,-31.637,-38.485,-56.022,-49.978,-54.073,,,
1,2019,tech,rev,Corporate income taxes,-17.454000000000001,-19.467,-22.491,-24.813,-26.444,-22.6,-20.54,-24.14,-25.344,-25.402,,,
1,2019,tech,rev,Payroll taxes,1.5649999999999999,-1.129,-4.937,-8.123,-8.052,-8.876,-9.686,-9.16,-9.837,-10.726,,,
1,2019,tech,rev,Other,4.2969999999999997,-1.752,1.116,0.472,-12.683,10.487,-2.611,-2.258,1.279,-15.927,,,
1,2019,tech,,Changes in Outlays,,,,,,,,,,,,,
1,2019,tech,out,Mandatory outlays,,,,,,,,,,,,,
1,2019,tech,out,Social Security,-8.0670000000000002,-11.156,-12.436,-12.368,-12.767,-13.064,-13.552,-13.943,-14.429,-14.924,,,
1,2019,tech,out,Medicare,-7.4139999999999997,-6.821,-10.421,-9.59,-9.184,-8.626,-10.081,-11.379,-12.479,-8,,,
1,2019,tech,out,Health insurance subsidies and related spending,0.79600000000000004,-6.001,-7.261,-7.977,-8.755,-7.837,-6.969,-6.468,-6.509,-6.799,,,
1,2019,tech,out,Earned income and child tax credits,-4.734,-5.358,-5.726,-5.838,-6.097,-6.395,-6.678,-7.034,-4.57,-4.64,,,
1,2019,tech,out,Medicaid,5.1150000000000002,3.596,2.987,2.262,2.352,2.009,2.895,4.55,5.891,8.271,,,
1,2019,tech,out,Veterans' compensation and pensions,3.661,4.527,3.499,3.763,3.549,3.319,3.698,3.782,3.87,3.796,,,
1,2019,tech,out,Fannie Mae and Freddie Mac,-26.5,0,1.2,1.6,0.9,0.9,1.4,1.8,2,1.9,,,
1,2019,tech,out,Other,10.179,-7.821,-8.126,-1.432,-2.017,-0.247,-4.098,-3.645,-4.031,-4.511,,,
1,2019,tech,out,Discretionary outlays,-8.0839999999999996,-7.211,-3.292,-2.626,-1.748,0.298,-1.156,-1.661,-2.231,-2.139,,,
1,2019,tech,int,Net interest outlays,,,,,,,,,,,,,
1,2019,tech,int,Debt service,-2.0699999999999998,-5.724,-7.484,-8.808,-9.219,-9.43,-9.807,-9.79,-9.676,-9.333,,,
1,2019,tech,int,Other,1.288,0.567,2.727,6.321,5.702,5.166,6.029,7.272,9.737,13.462,,,
1,2019,baseline,def,Deficit in CBO's January 2019,-897.33199999999999,-903.3,-973.74,-1127.689,-1138.591,-1091.238,-1212.473,-1204.415,-1192.275,-1434.721,-1369.585,,
5,2019,leg,,Legislative Changes,,,,,,,,,,,,,
5,2019,leg,rev,Changes in Revenues,-0.124,-0.001,-0.001,-0.101,-0.001,0.049,0.024,0.049,0.049,0.049,-0.001,,
5,2019,leg,,Changes in Outlays,,,,,,,,,,,,,
5,2019,leg,out,Mandatory outlays,4.3999999999999997E-2,0.111,0.114,0.147,0.033,0.067,0.075,0.101,0.089,0.077,0.009,,
5,2019,leg,out,Discretionary outlays,,,,,,,,,,,,,
5,2019,leg,out,Defense,0.08,0.059,0.055,0.033,0.02,0.016,0.007,0.001,0.012,0.02,0.003,,
5,2019,leg,out,Nondefense,4.4390000000000001,2.683,1.011,0.14,0.685,0.654,0.782,1.004,1.249,1.451,1.658,,
5,2019,leg,int,Debt service,0.03,0.195,0.277,0.317,0.342,0.368,0.398,0.439,0.494,0.556,0.63,,
5,2019,tech,,Technical Changes,,,,,,,,,,,,,
5,2019,tech,,Changes in Revenues,,,,,,,,,,,,,
5,2019,tech,rev,Individual income taxes,-4.1760000000000002,-4.341,-3.938,-5.507,-7.072,-7.726,-8.618,-8.42,-8.635,-9.983,-10.902,,
5,2019,tech,rev,Corporate income taxes,0,0,0,0,0,0,0,0,0,0,0,,
5,2019,tech,rev,Payroll taxes,0,0,0,-0.937,-1.437,-1.536,-1.576,-1.862,-2.193,-2.539,-2.241,,
5,2019,tech,rev,Other,0.35,-0.545,-2.692,-1.562,-0.151,0.142,0.16,0.583,0.944,3.395,4.637,,
5,2019,tech,,Changes in Outlays,,,,,,,,,,,,,
5,2019,tech,out,Mandatory outlays,,,,,,,,,,,,,
5,2019,tech,out,Social Security,-1.4990000000000001,-3,-4.9,-7.2,-9.699,-12.099,-14.898,-17.598,-19.698,-21.897,-24.097,,
5,2019,tech,out,Health insurance subsidies and related spending,0.67600000000000005,-0.032,-5.189,-10.038,-8.843,-8.665,-7.636,-5.313,-5.944,-7.444,-8.06,,
5,2019,tech,out,Medicaid,-1.43,-2.056,-2.273,-2.835,-3.971,-4.816,-5.455,-6.109,-6.514,-7.036,-7.678,,
5,2019,tech,out,Medicare,-1.8080000000000001,-3.903,0.643,8.922,2.181,-0.77,0.538,-0.017,-0.444,1.302,-17.039,,
5,2019,tech,out,Other,5.4340000000000002,-0.609,-3.558,-4.723,-3.728,-1.846,-3.854,-3.788,-4.66,-5.779,-6.359,,
5,2019,tech,out,Discretionary outlays,-8.9489999999999998,-5.538,-0.674,-1.018,0.538,0.25,-0.078,-0.139,0,0.13,0.401,,
5,2019,tech,int,Net interest outlays,,,,,,,,,,,,,
5,2019,tech,int,Debt service,-0.114,-0.784,-1.244,-1.659,-2.166,-2.852,-3.661,-4.592,-5.687,-6.957,-8.687,,
5,2019,tech,int,Other,-1.7849999999999999,-3.691,-3.004,-1.587,-1.13,0.028,-0.002,0.598,0.861,0.567,0.863,,
5,2019,baseline,def,Deficit in CBO's May 2019 Baseline,-896.4,-891.622,-961.629,-1116.295,-1121.514,-1070.644,-1188.699,-1178.652,-1161.868,-1398.789,-1309.736,,
8,2019,leg,,Legislative Changes,,,,,,,,,,,,,
8,2019,leg,rev,Changes in Revenues,0,0.005,0.013,-0.008,-0.024,-0.028,-0.029,-0.03,-0.031,-0.032,-0.034,,
8,2019,leg,,Changes in Outlays,,,,,,,,,,,,,
8,2019,leg,out,Mandatory outlays,0.19500000000000001,0.548,0.031,0.093,0.075,0.04,0.042,0.033,6.364,-24.061,-37.334,,
8,2019,leg,out,Discretionary outlays,,,,,,,,,,,,,
8,2019,leg,out,Defense,0.63400000000000001,51.951,69.437,77.284,82.52,85.982,88.819,91.133,93.462,95.681,97.974,,
8,2019,leg,out,Nondefense,5.0579999999999998,56.215,77.199,85.893,90.697,93.924,96.636,99.388,102.033,104.695,107.306,,
8,2019,leg,int,Debt service,1.4999999999999999E-2,1.471,4.329,8.196,13.043,18.421,24.222,30.363,37.101,43.898,50.494,,
8,2019,econ,,Economic Changes,,,,,,,,,,,,,
8,2019,econ,,Changes in Revenues,,,,,,,,,,,,,
8,2019,econ,rev,Payroll taxes,-11.439,-11.353,-9.433,-8.035,-10.455,-10.777,-13.488,-14.393,-14.833,-14.904,-15.588,,
8,2019,econ,rev,Individual income taxes,-20.47,-9.278,6.287,11.863,14.24,9.513,4.573,5.2,4.563,4.028,3.828,,
8,2019,econ,rev,Corporate income taxes,-7.7569999999999997,-8.377,-2.82,-0.776,-2.14,-3.847,-5.026,-2.859,-0.786,-1.025,-0.225,,
8,2019,econ,rev,Other,1.901,9.99,-0.649,-6.183,-8.998,-13.208,-14.257,-14.531,-13.751,-13.558,-14.355,,
8,2019,econ,,Changes in Outlays,,,,,,,,,,,,,
8,2019,econ,out,Mandatory outlays,,,,,,,,,,,,,
8,2019,econ,out,Social Security,0,-2.4,-5.8,-8.1,-9,-9.6,-10.3,-11.1,-11.6,-12.3,-12.9,,
8,2019,econ,out,Student loans,0,-4.548,-4.75,-3.993,-4.053,-4.226,-3.999,-3.839,-4.396,-4.675,-4.183,,
8,2019,econ,out,Medicare,0,-0.25,-0.049,0.349,1.227,1.665,2.741,3.391,3.877,5.326,6.065,,
8,2019,econ,out,Medicaid,-0.88100000000000001,-0.903,-1.317,-1.809,-2.006,-2.088,-2.221,-2.348,-2.477,-2.537,-2.479,,
8,2019,econ,out,Unemployment compensation,1.01,0.425,-4.93,-7.558,-1.003,1.105,-1.055,-0.981,-1.065,-1.146,-1.151,,
8,2019,econ,out,Other,0.67100000000000004,0.945,0.439,0.011,-0.585,-0.716,-1.251,-1.654,-1.883,-2.275,-2.174,,
8,2019,econ,out,Discretionary outlays,0,-0.557,-0.576,-0.499,-0.199,-0.249,-0.473,-0.539,-0.677,-0.757,-0.738,,
8,2019,econ,int,Net interest,,,,,,,,,,,,,
8,2019,econ,int,Effect of interest rates and inflation,-9.85,-68.519,-102.651,-126.637,-135.424,-136.385,-130.951,-130.326,-130.5,-133.034,-136.156,,
8,2019,econ,int,Debt service,7.1999999999999995E-2,-0.104,-2.016,-5.184,-9.212,-13.318,-17.291,-21.262,-25.544,-30.105,-34.877,,
8,2019,tech,,Technical Changes,,,,,,,,,,,,,
8,2019,tech,rev,Changes in Revenues,,,,,,,,,,,,,
8,2019,tech,rev,Individual income taxes,-8.9220000000000006,-20.528,-21.503,-20.815,-20.759,-24.004,-22.613,-15.207,-10.21,-17.49,-12.706,,
8,2019,tech,rev,Corporate income taxes,-33.363999999999997,-23.478,-18.057,-16.782,-15.649,-14.104,-13.455,-16.025,-16.323,-17.849,-19.882,,
8,2019,tech,rev,Payroll taxes,24.545000000000002,12.389,11.997,10.863,9.735,11.22,14.017,14.244,14.96,15.682,16.125,,
8,2019,tech,rev,Other,-4.4020000000000001,-10.405,-7.437,-3.53,-2.495,-2.287,-2.041,-2.167,-2.311,-2.419,-1.543,,
8,2019,tech,,Changes in Outlays,,,,,,,,,,,,,
8,2019,tech,out,Mandatory outlays,,,,,,,,,,,,,
8,2019,tech,out,Medicare,5.2190000000000003,2.349,-4.82,-12.19,-7.22,-6.565,-8.26,-9.637,-11.506,-13.45,-13.085,,
8,2019,tech,out,Student loans,0,3.357,3.569,3.119,2.885,2.818,2.903,3.158,3.583,4.055,4.13,,
8,2019,tech,out,Other,4.5999999999999996,13.426,0.262,-2.46,-1.258,-1.48,-1.576,-1.655,-3.008,-3.604,-3.62,,
8,2019,tech,out,Discretionary outlays,-2.9540000000000002,-0.459,0.34,0.267,-0.217,-0.136,-0.126,-0.121,-0.109,-0.108,-0.112,,
8,2019,tech,int,Net interest outlays,,,,,,,,,,,,,
8,2019,tech,int,Debt service,7.1999999999999995E-2,1.352,2.372,3.084,3.811,4.641,5.406,6.037,6.466,6.882,7.274,,
8,2019,tech,int,Other,-0.30199999999999999,0.726,-0.448,-0.79,-0.68,-0.82,-0.146,-0.219,-0.446,-0.175,-0.701,,
8,2019,baseline,def,Deficit in CBO's August 2019 Baseline,-959.86699999999996,-1007.683,-1033.852,-1158.775,-1181.459,-1151.179,-1284.139,-1274.24,-1260.264,-1478.665,-1377.849,,
1,2020,leg,,Legislative Changes,,,,,,,,,,,,,
1,2020,leg,rev,Changes in Revenues,-34.465000000000003,-26.509,-27.747,-33.535,-36.389,-42.656,-45.682,-52.039,-57.23,-65.559,,,
1,2020,leg,,Changes in Outlays,,,,,,,,,,,,,
1,2020,leg,out,Mandatory outlays,4.9740000000000002,4.966,1.043,1.667,1.834,3.183,2.861,1.799,1.785,1.749,,,
1,2020,leg,,Discretionary outlays,,,,,,,,,,,,,
1,2020,leg,out,Defense,6.1070000000000002,5.44,3.98,3.622,3.532,3.617,3.705,3.791,3.908,3.812,,,
1,2020,leg,out,Nondefense,2.7149999999999999,-2.777,1.129,-3.779,-5.467,-4.312,-5.176,-5.127,-6.3,-7.807,,,
1,2020,leg,int,Debt service,0.29399999999999998,1.16,1.956,2.913,3.996,5.258,6.663,8.256,10.035,12.037,,,
1,2020,econ,,Economic Changes,,,,,,,,,,,,,
1,2020,econ,,Changes in Revenues,,,,,,,,,,,,,
1,2020,econ,rev,Payroll taxes,35.996000000000002,32.573,33.838,32.3,29.441,23.679,17.078,12.118,5.923,-0.292,,,
1,2020,econ,rev,Individual income taxes,-16.062999999999999,-15.728,-13.798,-13.383,-12.155,-10.926,-11.026,-10.388,-9.347,-8.066,,,
1,2020,econ,rev,Corporate income taxes,17.337,18.7,18.458,16.174,12.487,10.094,7.403,4.475,2.182,-1.125,,,
1,2020,econ,rev,Other,8.1199999999999992,12.058,9.127,4.762,0.829,-0.661,-1.042,-1.585,-1.955,-0.356,,,
1,2020,econ,,Changes in Outlays,,,,,,,,,,,,,
1,2020,econ,out,Mandatory outlays,,,,,,,,,,,,,
1,2020,econ,out,Social Security,-1.3,0.3,2.4,4.4,6.7,8.2,9.5,10.5,10.3,8.9,,,
1,2020,econ,out,Student loans,-1.145,-2.625,-3.3,-3.575,-3.225,-2.095,-1.455,-1.705,-2.005,-2.095,,,
1,2020,econ,out,Medicare,-1.2110000000000001,-1.355,-1.485,-1.525,-1.618,-1.5,-1.473,-1.273,-1.062,-1.172,,,
1,2020,econ,out,Medicaid,-2.1880000000000002,-1.778,-1.643,-1.5,-1.133,-1.041,-0.823,-0.84,-0.852,-0.824,,,
1,2020,econ,out,Unemployment compensation,-0.58799999999999997,-1.161,-1.361,-0.923,-0.701,-0.434,-0.88,-1.275,-1.911,-2.726,,,
1,2020,econ,out,Other,-1.151,-1.393,-0.827,0.231,1.455,2.395,2.671,2.826,2.393,1.749,,,
1,2020,econ,out,Discretionary outlays,-8.9999999999999993E-3,3.111,4.135,4.963,5.845,6.829,7.078,7.145,7.247,6.97,,,
1,2020,econ,int,Net interest,,,,,,,,,,,,,
1,2020,econ,int,Effect of interest rates and inflation,-14.744,-29.323,-38.034,-41.487,-44.435,-47.762,-51.777,-54.887,-57.789,-60.322,,,
1,2020,econ,int,Debt service,-0.41299999999999998,-1.971,-3.884,-6.078,-8.279,-10.31,-12.093,-13.851,-15.539,-17.236,,,
1,2020,tech,,Technical Changes,,,,,,,,,,,,,
1,2020,tech,,Changes in Revenues,,,,,,,,,,,,,
1,2020,tech,rev,Individual income taxes,-28.08,-20.045,-18.223,-11.221,-20.292,-25.368,-30.572,-29.252,-28.359,-25.986,,,
1,2020,tech,rev,Corporate income taxes,3.6110000000000002,4.675,6.441,7.786,9.178,10.516,10.923,11.98,13.055,13.099,,,
1,2020,tech,rev,Payroll taxes,18.108000000000001,9,10.852,12.876,3.958,-3.33,-13.461,-5.355,-7.613,-9.239,,,
1,2020,tech,rev,Other,2.629,1.646,1.089,15.09,-8.407,5.453,6.565,8.181,26.381,13.632,,,
1,2020,tech,,Changes in Outlays,,,,,,,,,,,,,
1,2020,tech,out,Mandatory outlays,,,,,,,,,,,,,
1,2020,tech,out,Medicare,21.701811078207729,21.13837420784474,23.77346845808991,25.26748453980089,24.93809729926419,31.6245350654885,34.83588155050454,29.67140088581786,45.63559179148042,56.07161479334841,,,
1,2020,tech,out,Veterans' benefits and services,2.1680000000000001,6.421,6.807,7.026,6.564,7.762,7.602,7.587,8.275,6.362,,,
1,2020,tech,out,Premium tax credits and related spending,-3.383,-4.058,-4.213,-4.7,-5.213,-5.56,-5.9,-6.252,-6.538,-6.68,,,
1,2020,tech,out,Medicaid,5.7839999999999998,6.907,5.789,4.633,4.618,3.76,2.701,2.264,1.631,0.621,,,
1,2020,tech,out,PBGC,-2.544,-2.837,-3.398,-3.723,-4.237,-4.253,-0.334,-2.193,-1.75,-1.475,,,
1,2020,tech,out,Earned income and child tax credits,1.884035719898125,1.91863722533522,2.006791774938683,2.034864342524939,2.147312816616243,2.248637235123744,2.229005764148777,1.777688256531412,1.807676466028726,1.65133058238669,,,
1,2020,tech,out,Social Security,-1.3470000000000111,-2.242999999999995,-2.324000000000006,-1.981000000000017,-2.062999999999989,-2.136999999999982,-1.838,-1.518999999999995,-0.9079999999999928,-0.09199999999998362,,,
1,2020,tech,out,SNAP,-0.625,-1.118,-1.53,-1.502,-1.513,-1.481,-1.423,-1.743,-1.786,-1.834,,,
1,2020,tech,out,Other,0.59184157223953804,-6.775655605128634,-12.32002798093257,-15.12636474043823,-5.589212824592995,-0.1430034584255324,-2.568404966838095,-1.790820886786324,-4.220941616227528,-6.534585284681931,,,
1,2020,tech,out,Discretionary outlays,-2.6930000000000001,-7.869,1.697,1.014,2.925,3.238,2.9,3.385,3.044,3.325,,,
1,2020,tech,int,Net interest outlays,,,,,,,,,,,,,
1,2020,tech,int,Debt service,-3.3000000000000002E-2,-0.046,0.279,0.742,1.443,2.923,4.513,5.84,7.55,9.984,,,
1,2020,tech,int,Other,6.7380000000000004,6.246,6.942,7.688,8.496,8.463,8.557,8.949,9.081,9.867,,,
1,2020,baseline,def,Deficit in CBO's January 2020 Baseline,-1015.184,-1000.421,-1115.828,-1119.109,-1151.931,-1314.748,-1333.484,-1313.143,-1537.631,-1466.298,,,
3,2020,leg,,Legislative Changes,,,,,,,,,,,,,
3,2020,leg,rev,Changes in Revenues,0.01,0.04,0.07,0.23,0.36,0.45,0.46,0.45,0.45,0.45,0.45,,
3,2020,leg,out,Changes in Outlays,,,,,,,,,,,,,
3,2020,leg,out,Mandatory outlays,9.0999999999999998E-2,0.137,0.203,-0.013,-0.007,-0.005,0,0,0,0,0,,
3,2020,leg,out,Discretionary outlays,,,,,,,,,,,,,
3,2020,leg,out,Defense,0,0,0,0,0,0,0,0,0,0,0,,
3,2020,leg,out,Nondefense,1.385,4.442,6.11,6.467,6.69,6.8,7.023,7.191,7.325,7.464,7.59,,
3,2020,leg,int,Debt service,1.0999999999999999E-2,0.064,0.179,0.332,0.507,0.691,0.883,1.091,1.314,1.554,1.803,,
3,2020,tech,,Technical Changes,,,,,,,,,,,,,
3,2020,tech,out,Changes in Outlays,,,,,,,,,,,,,
3,2020,tech,out,Mandatory outlays,,,,,,,,,,,,,
3,2020,tech,out,Medicare,-6.3250000000000002,-9.06,-10.933,-14.133,-16.818,-17.214,-16.368,-15.044,-10.646,-13.658,-7.526,,
3,2020,tech,out,Social Security,-2.605,-5.004,-6.304,-8.004,-9.005,-8.506,-7.806,-7.106,-6.306,-5.006,-3.707,,
3,2020,tech,out,Premium tax credits and related spending,1.0009999999999999,2.202,3.743,3.749,3.347,3.966,4.694,6.423,8.816,10.032,12.571,,
3,2020,tech,out,Veterans' benefits and services,-4.6740000000000004,0.361,1.998,2.507,1.22,1.739,1.756,1.807,2.326,1.405,2.103,,
3,2020,tech,out,Medicaid,-1.47,-0.948,-0.79,-0.773,-1.064,-2.139,-2.125,-1.129,-0.948,-0.98,-1.073,,
3,2020,tech,out,Student Loans,82.841999999999999,1.382,0.897,0.722,0.883,0.896,0.912,0.833,0.878,0.962,1.04,,
3,2020,tech,out,Other,-17.766999999999999,0.724,0.459,-2.019,-2.748,-1.635,-4.175,-4.432,-5.91,-5.421,-6.854,,
3,2020,tech,out,Discretionary outlays,5.52,5.424,4.005,3.489,3.593,3.714,3.461,3.032,2.734,2.501,2.474,,
3,2020,tech,int,Net interest outlays,,,,,,,,,,,,,
3,2020,tech,int,Debt service,1E-3,-0.829,-1.483,-2.104,-2.958,-3.57,-4.211,-4.652,-5.443,-6.316,-6.278,,
3,2020,tech,int,Other,0.42599999999999999,1.694,2.934,4.144,5.135,6.069,7.494,8.805,9.927,11.488,13.661,,
3,2020,baseline,def,Deficit in CBO's March 2020 Baseline,-1073.3140000000001,-1001.52,-1117.826,-1114.232,-1141.123,-1305.833,-1325.344,-1310.655,-1542.833,-1471.552,-1759.672,,
9,2020,leg,,Legislative Changes,,,,,,,,,,,,,
9,2020,leg,rev,Changes in Revenuesa,,,,,,,,,,,,,
9,2020,leg,rev,Individual income taxes,-462.17899999999997,-256.196,184.066,179.33,1.898,1.678,1.649,0.936,0.573,0.146,0.114,,
9,2020,leg,rev,Corporate income taxes,-75.200999999999993,-6.354,1.994,2.812,7.398,11.17,10.892,7.294,5.049,2.097,2.564,,
9,2020,leg,rev,Payroll taxes,2.758,-0.174,-0.512,-0.587,-0.561,-0.472,-0.447,-0.401,-0.39,-0.407,-0.426,,
9,2020,leg,rev,Other,-3.9169999999999998,-1.612,0,0,0.002,0.003,0.004,0.004,0.005,0.005,0.005,,
9,2020,leg,out,Changes in Outlays,,,,,,,,,,,,,
9,2020,leg,out,Mandatory outlays,,,,,,,,,,,,,
9,2020,leg,out,Amounts in cost estimatesa,1451.405,116.361,4.277,1.636,1.687,1.146,2.539,2.655,2.513,12.13,-34.205,,
9,2020,leg,out,Updates in baseline,94.387,50.696,57.708,5.379,0.351,-0.474,-0.081,-0.134,-0.086,-0.057,-0.042,,
9,2020,leg,out,Discretionary outlays,,,,,,,,,,,,,
9,2020,leg,out,Amounts in cost estimates,193.47800000000001,174.629,62.256,17.425,10.793,4.574,1.522,0.924,0.45,0.45,0.45,,
9,2020,leg,out,Updates in baseline,37.878,-33.867,-24.509,-2.645,-1.108,3.013,3.246,3.577,4.05,4.05,4.05,,
9,2020,leg,int,Debt service,,,,,,,,,,,,,
9,2020,leg,int,Effects of costs as originally estimated,1.528,6.458,7.47,7.305,7.994,9.079,11.826,16.4,24.089,32.705,43.657,,
9,2020,leg,int,Effects of updates in baseline,9.2999999999999999E-2,0.361,0.479,0.593,0.669,0.757,0.986,1.359,2.014,2.753,3.727,,
9,2020,econ,,Economic Changes,,,,,,,,,,,,,
9,2020,econ,rev,Changes in Revenues,,,,,,,,,,,,,
9,2020,econ,rev,Individual income taxes,-111.265,-194.997,-200.69,-187.191,-175.742,-160.589,-140.246,-124.735,-118.693,-121.679,-126.747,,
9,2020,econ,rev,Payroll taxes,-88.86,-75.733,-49.185,-54.503,-62.215,-69.822,-67.025,-65.761,-67.972,-71.535,-72.604,,
9,2020,econ,rev,Corporate income taxes,-30.038,-45.918,-42.038,-36.393,-33.681,-29.541,-24.231,-19.233,-16.083,-15.045,-14.564,,
9,2020,econ,rev,Other,6.6820000000000004,30.051,52.708,61.954,68.875,72.261,71.624,51.696,26.245,3.232,-31.147,,
9,2020,econ,out,Changes in Outlays,,,,,,,,,,,,,
9,2020,econ,out,Mandatory outlays,,,,,,,,,,,,,
9,2020,econ,out,Social Security,0,-13.8,-30.7,-43.4,-51.4,-56.3,-59.6,-65.6,-68.4,-71.4,-75.1,,
9,2020,econ,out,Medicare,0,-3.702,-9.981,-15.43,-20.413,-26.679,-31.118,-35.21,-40.551,-39.915,-45.837,,
9,2020,econ,out,Unemployment compensation,127.783,50.954,32.43,23.574,16.024,9.06,3.888,0.085,-2.715,-3.807,-3.925,,
9,2020,econ,out,Medicaid,2.4740000000000002,12.728,4.719,-1.467,-6.838,-11.4,-15.481,-18.916,-21.58,-23.305,-24.125,,
9,2020,econ,out,Veterans' benefits and other services,-0.06,-1.28,-3.246,-4.474,-4.625,-5.466,-5.74,-6.083,-6.913,-6.074,-6.843,,
9,2020,econ,out,Other,6.2850000000000001,11.09,7.18,5.46,2.158,-1.998,-4.94,-6.72,-9.031,-9.146,-10.135,,
9,2020,econ,out,Discretionary outlays,-0.14499999999999999,-0.068,-9.224,-17.982,-24.089,-28.851,-31.888,-33.861,-35.536,-35.828,-36.667,,
9,2020,econ,int,Net interest,,,,,,,,,,,,,
9,2020,econ,int,Effect of interest rates and inflation,-44.531999999999996,-101.763,-149.913,-199.906,-243.993,-279.948,-303.11,-308.546,-290.395,-253.483,-204.671,,
9,2020,econ,int,Debt service,0.221,1.222,1.888,2.083,1.835,0.904,-0.839,-3.782,-8.244,-14.262,-20.782,,
9,2020,tech,,Technical Changes,,,,,,,,,,,,,
9,2020,tech,rev,Changes in Revenues,,,,,,,,,,,,,
9,2020,tech,rev,Individual income taxes,315.23,117.909,-158.203,-175.024,-22.581,-18.401,-11.073,-15.914,-14.017,-13.502,-12.954,,
9,2020,tech,rev,Corporate income taxes,22.535,-81.686,-17.627,-11.038,-17.246,-20.452,-19.297,-14.61,-11.043,-7.299,-7.135,,
9,2020,tech,rev,Payroll taxes,97.233999999999995,-34.597,-24.143,3.393,2.502,-5.911,-7.79,-9.857,-10.265,-9.832,-13.239,,
9,2020,tech,rev,Other,-9.7569999999999997,-10.108,-7.635,-7.535,-4.386,-8.145,-9.116,-10.622,-12.12,-14.536,-9.903,,
9,2020,tech,out,Changes in Outlays,,,,,,,,,,,,,
9,2020,tech,out,Mandatory outlays,,,,,,,,,,,,,
9,2020,tech,out,SNAP,2.2650000000000001,9.824,14.096,12.397,13.579,17.051,19.462,20.512,19.397,15.851,11.893,,
9,2020,tech,out,Unemployment compensation,30.081,12.893,-0.675,-8.28,-8.99,-7.44,-7.575,-7.975,-8.57,-9.175,-9.438,,
9,2020,tech,out,Social Security,-0.34599999999999997,2.797,8.396,12.795,15.197,13.899,10.902,6.404,0.206,-6.194,-12.393,,
9,2020,tech,out,Premium tax credits and related spending,2.1139999999999999,3.948,-2.233,-4.624,-4.986,-8.127,-9.779,-10.491,-10.469,-9.903,-10.325,,
9,2020,tech,out,Supplemental Security Income,0.3,1.34,2.81,4.03,4.94,6.14,6.37,6.08,5.94,4.39,4,,
9,2020,tech,out,Earned income and child tax credits,-3.8759999999999999,0.865,8.53,5.769,6.163,5.514,4.245,3.979,3.432,3.278,3.696,,
9,2020,tech,out,Veterans' benefits and services,1.9710000000000001,2.715,4.474,4.006,3.837,3.676,3.607,3.573,3.972,3.119,3.562,,
9,2020,tech,out,Medicare,-25.204999999999998,-32.068,-4.537,4.951,3.619,4.855,5.165,4.469,7.022,-14.721,-5.41,,
9,2020,tech,out,Other,16.77,-10.078,-9.658,-8.181,-4.746,-2.808,-1.707,-3.088,-3.7,-6.104,-8.705,,
9,2020,tech,out,Discretionary outlays,7.6760000000000002,-1.295,-3.322,-5.335,-3.445,-2.795,-0.769,0.629,0.659,0.79,0.528,,
9,2020,tech,int,Net interest,,,,,,,,,,,,,
9,2020,tech,int,Debt service,1.2829999999999999,-0.713,-0.505,0.593,1.394,1.699,1.861,2.52,4.373,6.849,8.927,,
9,2020,tech,int,Other,-3.407,-10.993,-11.457,-11.654,-11.785,-9.621,-6.975,-4.325,-0.286,3.399,5.022,,
9,2020,baseline,def,Deficit in CBO's September 2020 Baseline,-3310.5140000000001,-1810.188,-1335.844,-1123.629,-1080.682,-1173.512,-1116.417,-1080.293,-1333.184,-1306.297,-1626.617,,
2,2021,leg,,Legislative Changes,,,,,,,,,,,,,
2,2021,leg,rev,Changes in Revenues,,,,,,,,,,,,,
2,2021,leg,rev,Individual income taxes,-33.790999999999997,-15.568,-5.969,-5.253,-5.096,-4.354,-5.199,-5.563,-6.024,-6.445,,,
2,2021,leg,rev,Corporate income taxes,-3.49,-6.62,-5.908,-7.218,-7.183,-3.936,-2.169,-2.279,-2.63,-2.92,,,
2,2021,leg,rev,Payroll taxes,-1.5369999999999999,-0.356,-0.121,0.243,0.246,0.577,0.722,0.745,0.789,0.846,,,
2,2021,leg,rev,Other,-0.20699999999999999,-0.447,-0.359,-0.48,-0.529,-0.615,-0.63,-0.605,-0.599,-0.655,,,
2,2021,leg,out,Changes in Outlays,,,,,,,,,,,,,
2,2021,leg,out,Mandatory outlays,,,,,,,,,,,,,
2,2021,leg,out,Paycheck Protection Program,261.3,0,0,0,0,0,0,0,0,0,,,
2,2021,leg,out,Recovery Rebates,162.38399999999999,0,0,0,0,0,0,0,0,0,,,
2,2021,leg,out,Unemployment compensation,116.988,0.206,0.007,0.007,0.007,0.007,0.007,0.008,0.008,0.008,,,
2,2021,leg,out,Medicare,95.206000000000003,-75.97,-7.136,-1.599,-1.62,-0.851,-0.389,-0.443,-0.485,-0.385,,,
2,2021,leg,out,Emergency rental assistance,24.007000000000001,1,0,0,0,0,0,0,0,0,,,
2,2021,leg,out,Disaster loans,19.78,0.2,0,0,0,0,0,0,0,0,,,
2,2021,leg,out,SNAP,19.472999999999999,0.225,0.018,0.017,0.02,0.016,0.016,0.016,0.016,0.016,,,
2,2021,leg,out,Air carrier worker support,15.99,-0.04,-0.04,-0.03,-0.03,-0.28,-0.13,-0.14,-0.14,-0.14,,,
2,2021,leg,out,Other,46.966000000000001,27.36,13.95,8.371,3.712,2.242,2.428,1.611,1.35,0.492,,,
2,2021,leg,out,Discretionary outlays,,,,,,,,,,,,,
2,2021,leg,out,Nondefense,86.543999999999997,80.136,68.111,47.05,39.002,36.903,37.135,37.291,38.266,37.943,,,
2,2021,leg,out,Defense,2.2759999999999998,0.072,-3.945,-7.098,-8.681,-9.607,-10.076,-10.288,-10.676,-11.116,,,
2,2021,leg,int,Debt service,1.246,2.621,3.242,4.228,6.251,9.915,14.446,17.958,22.242,26.396,,,
2,2021,econ,,Economic Changes,,,,,,,,,,,,,
2,2021,econ,rev,Changes in Revenues,,,,,,,,,,,,,
2,2021,econ,rev,Individual income taxes,151.06200000000001,195.752,179.416,174.101,170.428,168.461,150.092,128.317,117.14,110.271,,,
2,2021,econ,rev,Payroll taxes,48.75,48.858,49.913,53.066,61.175,61.834,53.382,47.274,46.942,50.162,,,
2,2021,econ,rev,Federal Reserve receipts,-6.4349999999999996,-10.845,-10.468,-9.946,-30.245,-53.675,-41.109,-29.717,-19.321,2.105,,,
2,2021,econ,rev,Corporate income taxes,20.009,10.383,5.626,8.545,12.812,16.123,14.877,12.599,11.048,7.812,,,
2,2021,econ,rev,Other,7.7060000000000004,8.38,7.002,6.38,6.217,5.702,5.061,3.128,1.493,0.499,,,
2,2021,econ,out,Change in Outlays,,,,,,,,,,,,,
2,2021,econ,out,Mandatory outlays,,,,,,,,,,,,,
2,2021,econ,out,Social Security,3.6,10.6,15.2,18.1,20,22.6,28.1,33.7,40.9,47.8,,,
2,2021,econ,out,Unemployment compensation,-65.02,-20.965,-12.79,-12.405,-11.525,-10.01,-6.925,-3.43,-1.695,-0.17,,,
2,2021,econ,out,Medicaid,-0.161,1.788,1.898,2.693,3.634,5.289,7.842,10.741,13.112,14.987,,,
2,2021,econ,out,Medicare,-0.19700000000000001,-0.308,0.477,1.811,3.539,5.803,8.141,11.091,12.356,15.244,,,
2,2021,econ,out,Other,-5.6,-5.601,-0.62,-0.942,-1.871,-2.762,-1.283,1.683,3.542,5.816,,,
2,2021,econ,out,Discretionary outlays,-0.53700000000000003,1.903,4.943,7.686,10.465,13.691,16.989,20.838,24,27.748,,,
2,2021,econ,int,Net interest,,,,,,,,,,,,,
2,2021,econ,int,Debt service,-0.40200000000000002,-1.413,-2.707,-4.303,-6.978,-11.365,-16.06,-19.836,-23.485,-27.342,,,
2,2021,econ,int,Effect of interest rates and inflation,1.61,0.491,0.765,3.86,17.673,48.08,75.324,78.757,65.595,45.737,,,
2,2021,tech,,Technical Changes,,,,,,,,,,,,,
2,2021,tech,rev,Changes in Revenues,,,,,,,,,,,,,
2,2021,tech,rev,Individual income taxes,10.611000000000001,39.378,-2.088,-12.287,-26.91,-18.905,-15.961,-17.123,-21.004,-24.917,,,
2,2021,tech,rev,Payroll taxes,32.276000000000003,-31.924,-9.72,-9.411,-10.519,-10.568,-8.532,-8.007,-9.776,-11.985,,,
2,2021,tech,rev,Corporate income taxes,24.773,14.146,15.002,8.207,2.476,0.833,-7.32,-9.781,-8.493,-5.988,,,
2,2021,tech,rev,Other,0.185,4.408,-0.26,0.67,-0.202,0.271,1.438,1.043,2.383,1.235,,,
2,2021,tech,out,Changes in Outlays,,,,,,,,,,,,,
2,2021,tech,out,Mandatory outlays,,,,,,,,,,,,,
2,2021,tech,out,Medicaid,-31.251000000000001,-6.78,-8.178,-16.411,-15.453,-16.59,-14.972,-14.93,-15.07,-16.255,,,
2,2021,tech,out,Social Security,-9.6850000000000005,-13.498,-13.957,-14.504,-14.919,-15.082,-15.683,-14.444,-12.804,-10.941,,,
2,2021,tech,out,Medicare,-69.596000000000004,45.562,14.761,16.419,14.208,14.85,13.448,14.076,20.578,17.914,,,
2,2021,tech,out,Unemployment compensation,23.922000000000001,-5.714,-7.211,-4.47,-3.256,-3.113,-2.911,-2.745,-2.754,-2.811,,,
2,2021,tech,out,SNAP,0.61499999999999999,4.958,-6.723,-8.466,-8.771,-9.531,-10.873,-11.551,-10.804,-9.634,,,
2,2021,tech,out,Spectrum auction receipts,-1.0109999999999999,-67.963,1.525,-0.147,-1.383,0.17,0.403,0.428,0.566,0.583,,,
2,2021,tech,out,Earned income and child tax credits,-2.8980000000000001,-4.193,-3.701,-3.827,-3.775,-3.926,-4.608,-4.204,-3.893,-4.028,,,
2,2021,tech,out,Veterans' benefits and services,4.0739999999999998,-1.872,2.426,3.014,4.092,4.408,4.732,5.486,4.978,5.874,,,
2,2021,tech,out,Premium tax credits and related spending,-0.126,0.173,-1.402,-2.892,-3.938,-4.776,-4.959,-4.654,-4.379,-4.575,,,
2,2021,tech,out,Other,0.99099999999999999,-10.297,-8.233,-6.752,-5.521,-2.932,-0.305,3.134,4.81,-0.162,,,
2,2021,tech,out,Discretionary outlays,-13.045999999999999,5.665,4.46,-4.745,-1.127,-0.539,-1.419,-1.32,-1.134,-1.34,,,
2,2021,tech,int,Net interest,,,,,,,,,,,,,
2,2021,tech,int,Debt service,-1.1339999999999999,-2.954,-3.51,-4.328,-5.606,-7.757,-10.396,-12.821,-15.084,-16.627,,,
2,2021,tech,int,Other,11.753,9.884,9.53,10.871,8.051,5.984,4.686,3.084,1.984,2.605,,,
2,2021,baseline,def,Deficit in CBO's February 2021 Baseline,-2258.337,-1055.575,-962.723,-905.272,-1037.042,-1025.505,-1048.349,-1352.251,-1346.25,-1650.234,,,
7,2021,leg,,Legislative Changes,,,,,,,,,,,,,
7,2021,leg,rev,Changes in Revenues,,,,,,,,,,,,,
7,2021,leg,rev,Individual income taxes,-77.885000000000005,-55.672,-1.935,0.839,1.303,20.383,14.324,1.896,2.01,1.887,1.669,,
7,2021,leg,rev,Corporate income taxes,0.76500000000000001,1.556,2.283,2.593,2.75,2.776,3.677,4.53,4.451,4.337,4.334,,
7,2021,leg,rev,Payroll taxes,-3.0169999999999999,0.045,0.84,0.693,0.779,0.861,0.922,0.894,0.919,0.867,0.785,,
7,2021,leg,rev,Other,0,0,0,0,0,0,0,0,0,0,0,,
7,2021,leg,out,Changes in Outlays,,,,,,,,,,,,,
7,2021,leg,out,Mandatory outlays,,,,,,,,,,,,,
7,2021,leg,out,Amounts in cost estimate,1104.298,480.853,115.499,63.166,36.937,17.94,8.008,3.392,-0.305,1.79,-25.203,,
7,2021,leg,out,Updates in baseline,-71.162999999999997,-40.614,48.805,8.411,3.29,3.395,3.682,3.959,4.449,4.656,-0.613,,
7,2021,leg,int,Net Interest,,,,,,,,,,,,,
7,2021,leg,int,Effects of originally estimated amounts,,,,,,,,,,,,,
7,2021,leg,int,on debt-service costs,1.895,6.503,9.325,12.802,18.67,24.071,29.124,34.274,39.618,44.634,48.756,,
7,2021,leg,int,Effects of updates in baseline,,,,,,,,,,,,,
7,2021,leg,int,on debt-service costs,-0.114,-0.419,-0.417,-0.317,-0.453,-0.566,-0.649,-0.738,-0.759,-0.758,-0.787,,
7,2021,econ,,Economic Changes,,,,,,,,,,,,,
7,2021,econ,rev,Changes in Revenues,,,,,,,,,,,,,
7,2021,econ,rev,Individual income taxes,103.401,107.881,110.431,98.7,72.618,52.023,51.012,56.961,62.032,65.768,69.198,,
7,2021,econ,rev,Payroll taxes,24.815999999999999,46.982,48.677,31.021,17.739,16.856,28.179,38.552,45.794,50.868,53.756,,
7,2021,econ,rev,Corporate income taxes,42.277999999999999,72.168,67.286,46.818,30.073,18.614,11.818,5.961,-0.737,-6.436,-7.228,,
7,2021,econ,rev,Other,2.1619999999999999,9.815,22.082,2.135,-2.78,3.748,3.355,2.679,7.134,14.345,15.914,,
7,2021,econ,out,Change in Outlays,,,,,,,,,,,,,
7,2021,econ,out,Mandatory outlays,,,,,,,,,,,,,
7,2021,econ,out,Social Security,0,15.3,23.4,25.5,28.1,30.1,31.1,34.5,36,37.5,38.2,,
7,2021,econ,out,Medicare,7.4999999999999997E-2,3.524,7.097,10.838,15.386,18.554,21.575,25.436,25.261,28.202,29.252,,
7,2021,econ,out,Medicaid,1.8420000000000001,4.111,5.69,7.806,9.351,10.031,10.144,10.114,10.068,10.039,10.061,,
7,2021,econ,out,Veterans' benefits and services,-1.169,1.641,2.533,2.513,2.866,2.886,2.957,3.451,2.85,3.227,3.294,,
7,2021,econ,out,Unemployment compensation,-12.968,-7.999,-7.323,-2.93,1.511,4.511,4.576,4.121,4.246,4.006,3.713,,
7,2021,econ,out,Other,-4.1589999999999998,-1.689,1.188,1.529,3.903,5.928,5.654,5.724,4.588,4.161,4.273,,
7,2021,econ,out,Discretionary outlays,0,4.357,8.993,13.845,16.67,17.921,17.946,17.328,16.305,15.866,15.578,,
7,2021,econ,int,Net interest,,,,,,,,,,,,,
7,2021,econ,int,Effects of interest rates and inflation,22.888999999999999,15.586,29.068,52.598,82.959,98.219,97.524,99.47,100.521,99.114,89.967,,
7,2021,econ,int,Debt service,-0.26600000000000001,-1.331,-2.741,-4.423,-5.984,-6.39,-5.936,-5.162,-4.156,-2.929,-1.651,,
7,2021,tech,,Technical Changes,,,,,,,,,,,,,
7,2021,tech,rev,Changes in Revenues,,,,,,,,,,,,,
7,2021,tech,rev,Individual income taxes,227.19499999999999,234.984,141.035,115.271,81.693,34.135,28.847,30.331,33.153,37.617,41.891,,
7,2021,tech,rev,Corporate income taxes,31.298999999999999,-9.012,5.627,11.707,14.174,14.334,14.596,13.934,11.868,9.557,7.438,,
7,2021,tech,rev,Payroll taxes,-1.593,-7.06,2.345,11.066,11.668,6.899,1.072,-0.641,-0.877,-0.89,-1.051,,
7,2021,tech,rev,Other,-13.613,-5.954,-3.326,-2.533,-3.102,-3.661,-1.848,-1.458,-1.107,-1.16,-0.916,,
7,2021,tech,out,Changes in Outlays,,,,,,,,,,,,,
7,2021,tech,out,Mandatory outlays,,,,,,,,,,,,,
7,2021,tech,out,Medicare,-11.699,-50.937,-13.024,-14.414,-10.157,-12.847,-11.827,-9.116,-21.669,-18.389,-21.492,,
7,2021,tech,out,Social Security,-7.1260000000000003,-11.123,-12.045,-12.26,-11.501,-10.633,-9.313,-7.827,-6.642,-5.382,-4.224,,
7,2021,tech,out,Premium tax credits and related spending,9.0609999999999999,8.044,-4.436,2.876,6.66,8.311,7.585,6.599,4.85,2.774,0.75,,
7,2021,tech,out,SNAP,2.694,5.516,0.72,2.249,3.546,4.08,4.219,4.232,4.281,4.252,4.213,,
7,2021,tech,out,SSI Benefits,-0.46,-1.78,-1.51,-1.95,-2.43,-2.74,-3.13,-3.95,-4.03,-5.22,-6.25,,
7,2021,tech,out,Veterans' benefits and services,-7.4749999999999996,0.688,1.586,2.084,2.553,2.587,2.563,2.635,2.223,2.174,2.358,,
7,2021,tech,out,Medicaid,15.914,9.06,4.265,1.19,-3.433,-5.448,-7.648,-5.78,-4.52,-4.341,-3.158,,
7,2021,tech,out,Unemployment compensation,7.1980000000000004,4.413,0.056,-1.403,-1.455,-1.122,-0.669,-0.689,-0.724,-0.754,-3.546,,
7,2021,tech,out,Student loans,99.465000000000003,1.442,1.068,0.83,0.761,0.683,0.631,0.6,0.593,0.569,1.199,,
7,2021,tech,out,Other revisions to credit programs,-51.067999999999998,0,0,0,0,0,0,0,0,0,0,,
7,2021,tech,out,Other,-4.976,16.944,-4.096,3.858,8.434,3.138,2.06,1.308,0.851,0.126,5.978,,
7,2021,tech,out,Discretionary outlays,-15.55,29.734,7.548,-6.407,-11.872,-11.579,-11.263,-11.03,-10.995,-10.314,-5.117,,
7,2021,tech,int,Net interest,,,,,,,,,,,,,
7,2021,tech,int,Debt service,-0.45700000000000002,-1.599,-2.503,-5.02,-8.652,-12.254,-15.62,-19.036,-23.654,-28.58,-33.045,,
7,2021,tech,int,Other,3.903,4.699,3.461,3.612,2.856,2.133,1.758,3.383,2.985,2.134,7.192,,
7,2021,baseline,def,Deficit in CBO's July 2021 Baseline,-3003.1129999999998,-1153.324,-788.517,-752.714,-997.882,-1048.764,-1076.814,-1395.211,-1363.251,-1661.461,-1855.422,,
5,2022,leg,,Legislative Changes,,,,,,,,,,,,,
5,2022,leg,rev,Changes in Revenues,,,,,,,,,,,,,
5,2022,leg,rev,Individual income taxes,7.8159999999999998,-0.522,0.782,1.938,2.351,2.584,2.855,3.09,3.388,3.648,,,
5,2022,leg,rev,Excise Taxes,0.60399999999999998,1.566,1.943,1.996,2.049,2.105,2.162,2.22,2.28,2.342,,,
5,2022,leg,rev,Other,0.14599999999999999,0.198,0.299,0.396,0.418,0.433,0.769,0.512,0.534,0.566,,,
5,2022,leg,out,Changes in Outlays,,,,,,,,,,,,,
5,2022,leg,out,Discretionary,,,,,,,,,,,,,
5,2022,leg,out,Defense,13.69,24.816,30.169,33.543,35.714,37.216,38.671,39.936,41.036,42.465,,,
5,2022,leg,out,Nondefense,39.265000000000001,93.536,148.199,178.292,207.919,229.186,243.394,252.276,260.689,268.792,,,
5,2022,leg,out,Mandatory,-0.753,-22.303,-16.586,-18.373,-4.96,-2.494,-3.91,-4.354,-0.777,-23.078,,,
5,2022,leg,int,Net Interest,,,,,,,,,,,,,
5,2022,leg,int,Debt service,0.29699999999999999,1.896,5.178,10.333,16.668,23.844,32.216,41.42,51.463,61.544,,,
5,2022,econ,,Economic Changes,,,,,,,,,,,,,
5,2022,econ,rev,Changes in Revenues,,,,,,,,,,,,,
5,2022,econ,rev,Individual income taxes,113.86499999999999,121.505,112.536,100.839,102.67,107.811,116.453,132.827,154.171,172.049,,,
5,2022,econ,rev,Payroll taxes,53.973999999999997,70.253,77.293,80.17,80.081,79.749,80.948,85.522,93.242,101.176,,,
5,2022,econ,rev,Federal Reserve remittances,-11.717000000000001,-112.427,-110.959,-81.058,-55.12,-41.185,-22.087,-6.263,2.421,8.126,,,
5,2022,econ,rev,Corporate income taxes,23.201000000000001,38.234,49.994,48.701,39.967,32.442,29.882,32.961,37.299,38.993,,,
5,2022,econ,rev,Other,7.1310000000000002,8.22,8.641,8.648,8.528,6.717,6.463,7.354,8.591,9.707,,,
5,2022,econ,out,Changes in Outlays,,,,,,,,,,,,,
5,2022,econ,out,Mandatory,,,,,,,,,,,,,
5,2022,econ,out,Social Security,17.100000000000001,58.6,79.6,85.8,88.9,92,92.4,95.9,100.5,105.9,,,
5,2022,econ,out,Medicaid,4.9039999999999999,10.433,12.287,13.081,13.762,14.215,14.888,15.567,16.287,16.736,,,
5,2022,econ,out,Civilian and military retirement annuities,2.0539999999999998,6.978,9.772,10.427,10.544,10.602,10.52,10.637,10.847,11.196,,,
5,2022,econ,out,Veterans' benefits and services,2.2629999999999999,7.271,7.877,9.15,9.295,9.19,9.838,8.407,9.664,10.275,,,
5,2022,econ,out,Medicare,0,1.822,4.674,6.26,7.619,8.545,9.953,10.462,12.593,14.342,,,
5,2022,econ,out,SNAP,0.45100000000000001,6.043,7.753,7.975,8.061,8.247,8.331,8.35,8.29,8.222,,,
5,2022,econ,out,Supplemental Security Income,0.95,3.11,3.63,4.13,4.2,4.23,4.53,3.93,4.36,4.53,,,
5,2022,econ,out,Child nutrition,0.158,1.226,2.034,2.529,2.858,3.115,3.342,3.559,3.779,4.019,,,
5,2022,econ,out,Other,-15.973000000000001,-9.142,-4.582,-2.866,-1.859,1.397,4.452,4.896,3.638,1.997,,,
5,2022,econ,out,Discretionary,4.2999999999999997E-2,11.589,17.864,20.387,20.679,21.078,21.897,21.934,22.306,22.68,,,
5,2022,econ,int,Net interest,,,,,,,,,,,,,
5,2022,econ,int,Effect of interest rates and inflation,70.043000000000006,117.974,173.428,192.623,188.632,177.098,167.866,153.625,131.818,113.633,,,
5,2022,econ,int,Debt service,-0.71,-0.576,2.177,7.191,12.608,17.575,22.377,26.408,29.038,30.289,,,
5,2022,tech,,Technical Changes,,,,,,,,,,,,,
5,2022,tech,rev,Changes in Revenues,,,,,,,,,,,,,
5,2022,tech,rev,Individual income taxes,173.10900000000001,124.212,75.041,53.169,80.276,67.092,58.586,54.837,52.753,50.598,,,
5,2022,tech,rev,Corporate income taxes,54.945999999999998,38.762,38.397,31.827,31.777,33.112,37.858,44.162,49.586,54.254,,,
5,2022,tech,rev,Payroll taxes,19.416,-2.43,-1.766,0.493,1.969,3.634,4.548,3.673,2.38,2.894,,,
5,2022,tech,rev,Other,3.153,4.538,1.099,0.829,0.502,1.11,0.794,0.838,0.771,0.692,,,
5,2022,tech,out,Changes in Outlays,,,,,,,,,,,,,
5,2022,tech,out,Mandatory,,,,,,,,,,,,,
5,2022,tech,out,Social Security,-8.2919999999999998,-18.848,-28.33,-33.422,-35.411,-36.501,-37.693,-39.493,-41.498,-42.9,,,
5,2022,tech,out,SNAP,53.734999999999999,54.774,23.183,15.833,18.208,16.969,17.978,19.455,21.557,24.054,,,
5,2022,tech,out,Premium tax credits and related spending,11.484,6.275,9.622,12.792,14.338,15.606,15.567,17.906,18.795,21.948,,,
5,2022,tech,out,Medicaid,38.503999999999998,78.627,13.965,-7.6,-6.3,-8.322,-11.406,-15.006,-16.923,-16.514,,,
5,2022,tech,out,Medicare,18.856000000000002,18.358,5.968,5.916,0.577,-1.638,2.415,-12.916,-4.901,10.771,,,
5,2022,tech,out,Supplemental Security Income,-2.73,-4.13,-4.05,-4.09,-3.91,-4.18,-4.78,-4.32,-4.83,-4.97,,,
5,2022,tech,out,Coronavirus Relief Fund,37.908000000000001,1,2,0,0,0,0,0,0,0,,,
5,2022,tech,out,Revisions to the costs of credit programs,-31.815999999999999,0,0,0,0,0,0,0,0,0,,,
5,2022,tech,out,Earned income and child tax credits,24.114000000000001,-0.718,-1.507,-0.797,-0.028,0.544,1.652,1.859,2.11,2.149,,,
5,2022,tech,out,Student loans,33.71,0.663,-0.407,-0.81,-0.84,-0.923,-0.925,-0.918,-1.024,-1.318,,,
5,2022,tech,out,Other,-24.495000000000001,12.297,42.001,16.852,0.372,-12.892,-13.383,-5.935,-11.362,-11.035,,,
5,2022,tech,out,Discretionary,19.468,17.889,9.864,4.976,6.149,7.706,6.88,4.216,3.913,-2.204,,,
5,2022,tech,int,Net interest,,,,,,,,,,,,,
5,2022,tech,int,Debt service,6.7949999999999999,10.94,12.374,10.903,8.186,2.971,-2.523,-8.089,-12.011,-16.068,,,
5,2022,tech,int,Other,17.097000000000001,-2.806,-11.704,-12.704,-11.511,-6.24,-5.418,-0.445,-1.158,-0.414,,,
5,2022,baseline,def,Deficit in CBO's May 2022 Baseline,-1035.799,-984.002,-1055.867,-1318.266,-1363.766,-1409.354,-1725.109,-1650.786,-1912.245,-2067.418,,,
2,2023,leg,,Legislative Changes,,,,,,,,,,,,,
2,2023,leg,rev,Changes in Revenues,,,,,,,,,,,,,
2,2023,leg,rev,Corporate income taxes,24.024000000000001,19.75,3.787,-5.191,-4.975,-3.023,-3.495,-4.222,-4.776,-7.208,,,
2,2023,leg,rev,Excise Taxes,7.0019999999999998,9.485,9.725,10.275,10.614,10.61,10.416,10.355,10.538,10.724,,,
2,2023,leg,rev,Individual income taxes,-4.8140000000000001,-11.232,-12.788,-13.81,12.073,17.555,0.526,-9.887,-9.644,-10.372,,,
2,2023,leg,rev,Other,4.9000000000000002E-2,0.229,0.899,1.599,1.882,1.877,1.653,1.517,1.027,1.059,,,
2,2023,leg,out,Changes in Outlays,,,,,,,,,,,,,
2,2023,leg,out,Mandatory,,,,,,,,,,,,,
2,2023,leg,out,Veterans' benefits,8.7840000000000007,40.86,50.185,63.211,73.408,84.917,94.875,107.371,117.391,128.798,,,
2,2023,leg,out,2022 reconciliation act,,,,,,,,,,,,,
2,2023,leg,out,Medicare,-0.94299999999999995,1.871,-13.513,-5.5,-24.369,-42.537,-44.916,-54.678,-58.973,-63.565,,,
2,2023,leg,out,Internal Revenue Service funding,3.8780000000000001,3.435,5.025,6.303,8.051,10.161,12.672,15.127,15.443,0,,,
2,2023,leg,out,Provisions related to natural resources and the environment,2.2730000000000001,7.349,12.106,15.592,14.461,9.401,6.188,4.454,2.851,1.644,,,
2,2023,leg,out,Climate tax credits,0.92200000000000004,2.546,3.454,3.904,4.275,4.657,5.161,5.499,5.577,0,,,
2,2023,leg,out,Energy Innovation Programs,0.17499999999999999,2.365,5.005,7.455,7.365,5.555,3.735,1.975,0.975,0,,,
2,2023,leg,out,Premium tax credits,21.369,12.124,10.581,-8.15,-0.571,-0.114,-0.127,-0.134,-0.137,-0.14,,,
2,2023,leg,out,Medicaid,0.24,0.94,1.44,1.264,0.821,1.031,1.49,1.97,2.448,3.042,,,
2,2023,leg,out,Other,-3.1259999999999999,3.173,3.013,4.115,4.708,4.378,3.274,2.28,1.094,0.1,,,
2,2023,leg,out,CHIPS for America Fund,2.1280000000000001,5.172,7.528,8.844,7.84,6.31,5.007,3.824,2.832,1.295,,,
2,2023,leg,out,Medicare (Excluding 2022 reconciliation act),2.5209999999999999,7.845,-1.509,-14.835,-6.084,0.171,0.552,1.409,15.988,-19.752,,,
2,2023,leg,out,Medicaid  (Excluding 2022 reconciliation act),-12.849,-4.952,3.117,2.724,3.394,2.546,2.586,2.073,-3.019,-4.024,,,
2,2023,leg,out,SNAP and child nutrition,-21.202000000000002,2.482,2.462,2.491,2.575,2.675,2.804,2.875,2.947,3.019,,,
2,2023,leg,out,Other,0.126,6.63,0.612,0.246,3.467,1.59,1.506,2.513,5.854,7.339,,,
2,2023,leg,out,Discretionary,,,,,,,,,,,,,
2,2023,leg,out,Defense,15.057,30.059,41.226,50.808,58.67,64.944,68.881,70.87,72.776,76.227,,,
2,2023,leg,out,Nondefense,23.477,31.281,34.719,11.868,-1.826,-13.888,-20.931,-23.982,-25.448,-26.896,,,
2,2023,leg,int,Debt service,0.126,2.173,7.267,11.962,16.23,20.355,24.268,29.157,34.34,39.304,,,
2,2023,econ,,Economic Changes,,,,,,,,,,,,,
2,2023,econ,rev,Changes in Revenues,,,,,,,,,,,,,
2,2023,econ,rev,Individual income taxes,-64.31,-60.814,-18.156,29.77,62.308,81.466,96.716,106.108,111.816,116.457,,,
2,2023,econ,rev,Payroll taxes,-4.7969999999999997,6.887,29.279,46.017,53.071,56.367,58.988,61.194,63.125,63.955,,,
2,2023,econ,rev,Corporate income taxes,8.7050000000000001,-2.743,-0.68,10.258,21.394,28.964,31.274,31.567,31.131,31.287,,,
2,2023,econ,rev,Federal Reserve Remittances,-29.006,-16.118,-25.607,-39.799,-46.052,12.642,11.88,11.063,10.791,11.189,,,
2,2023,econ,rev,Other,-7.3209999999999997,-9.406,-7.331,-4.199,-3.7,-2.186,-2.171,-2.527,-1.987,-3.418,,,
2,2023,econ,out,Changes in Outlays,,,,,,,,,,,,,
2,2023,econ,out,Mandatory outlays,,,,,,,,,,,,,
2,2023,econ,out,Social Security,16.2,38.3,48.9,51.1,48.8,44.6,40.9,39.9,40.1,42.8,,,
2,2023,econ,out,Medicaid,3.8559999999999999,7.351,8.732,9.936,9.994,10.133,10.639,11.505,12.273,13.448,,,
2,2023,econ,out,Medicare,0.46800000000000003,3.73,6.302,7.448,8.287,9.491,9.449,10.697,13.257,15.909,,,
2,2023,econ,out,Federal employees' retirement,2.8660000000000001,5.831,7.269,7.49,7.251,6.984,6.731,6.633,6.555,6.521,,,
2,2023,econ,out,Unemployment compensation,6.0350000000000001,12.156,8.888,6.087,3.807,1.251,0.376,0.606,0.756,0.905,,,
2,2023,econ,out,SNAP,2.4750000000000001,10.199,10.028,7.478,4.233,1.864,0.508,-0.273,-0.828,-1.188,,,
2,2023,econ,out,Child nutrition,0.31,1.305,2.181,2.79,3.211,3.524,3.776,3.999,4.207,4.409,,,
2,2023,econ,out,Supplemental Security Income,1.27,2.02,2.55,2.62,2.53,2.64,2.19,2.35,2.33,2.36,,,
2,2023,econ,out,Other,4.2409999999999997,2.156,5.532,4.637,2.841,2.064,1.546,1.183,-0.789,0.325,,,
2,2023,econ,out,Discretionary outlays,2.9430000000000001,11.987,13.687,12.757,12.056,12.121,12.392,12.425,11.315,10.902,,,
2,2023,econ,int,Net interest,,,,,,,,,,,,,
2,2023,econ,int,Effect of interest rates and inflation,181.19300000000001,182.553,116.944,85.576,76.63,71.315,63.402,54.386,45.762,40.767,,,
2,2023,econ,int,Debt service,2.4209999999999998,16.522,26.222,31.707,35.456,37.63,37.727,37.16,35.995,34.582,,,
2,2023,tech,,Technical Changes,,,,,,,,,,,,,
2,2023,tech,rev,Changes in Revenues,,,,,,,,,,,,,
2,2023,tech,rev,Individual income taxes,13.015000000000001,-2.623,2.774,-22.791,-26.14,-26.853,-21.157,-19.669,-22.919,-38.998,,,
2,2023,tech,rev,Payroll taxes,-4.6379999999999999,0.82,3.576,6.383,9.893,10.609,10.97,11.388,11.402,11.611,,,
2,2023,tech,rev,Corporate income taxes,-13.478,-16.511,2.326,16.481,21.006,18.702,15.887,12.932,9.535,-2.066,,,
2,2023,tech,rev,Other,-2.3620000000000001,-3.178,-2.933,-4.852,-5.219,-6.119,-6.437,-7,-9.022,-8.786,,,
2,2023,tech,out,Changes in Outlays,,,,,,,,,,,,,
2,2023,tech,out,Mandatory outlays,,,,,,,,,,,,,
2,2023,tech,out,Medicare,-18.681000000000001,-21.612,-25.383,-27.491,-27.347,-25.932,-22.68,-24.812,-26.148,-25.513,,,
2,2023,tech,out,Student Loans,29.46,9.339,9.389,9.678,9.977,10.212,10.236,10.475,10.555,10.696,,,
2,2023,tech,out,Social Security,-0.65700000000000003,2.271,6.31,7.144,9.068,11.476,13.495,16.109,19.215,22.517,,,
2,2023,tech,out,SNAP,7.8959999999999999,4.401,9.323,4.588,10.499,11.309,11.488,11.072,10.359,12.29,,,
2,2023,tech,out,Pension Benefit Guaranty Corporation,56.146000000000001,-18.895,3.849,0.258,-0.761,-1.628,-1.5,-0.985,-1.023,-0.885,,,
2,2023,tech,out,Supplemental Security Income,-0.626,-1.528,-3.039,-3.809,-3.619,-3.36,-2.389,-2.34,-2.03,-1.6,,,
2,2023,tech,out,Medicaid,-3.1789999999999998,-9.82,-25.24,-19.486,-10.676,-4.036,2.387,7.96,14.776,23.899,,,
2,2023,tech,out,Crop Insurance,6.0979999999999999,1.844,2.1,1.798,1.814,1.839,1.753,1.707,1.807,1.864,,,
2,2023,tech,out,U.S. Coronavirus Refundable Credits,15.920999999999999,0,0,0,0,0,0,0,0,0,,,
2,2023,tech,out,Other,32.29,14.477,-6.511,0.75,10.29,16.722,8.205,11.426,12.91,17.245,,,
2,2023,tech,out,Discretionary outlays,-58.042999999999999,-7.204,4.037,-0.935,-1.593,-1.181,2.67,0.64,-1.22,-1.769,,,
2,2023,tech,int,Net interest,,,,,,,,,,,,,
2,2023,tech,int,Other,13.141999999999999,7.076,6.547,9.884,9.938,13.651,11.463,12.329,12.236,12.849,,,
2,2023,tech,int,Debt service,0.82,5.155,7.559,7.753,7.98,9.407,9.674,8.871,9.402,12.264,,,
2,2023,baseline,def,Deficit in CBO's February 2023 Baseline,-1409.7539999999999,-1576.288,-1752.289,-1715.685,-1706.28,-1928.746,-1847.199,-2115.052,-2291.113,-2479.831,-2850.632,,TRUE
5,2023,tech,,Technical Changes,,,,,,,,,,,,,
5,2023,tech,rev,Changes in Revenues,,,,,,,,,,,,,
5,2023,tech,rev,Individual income taxes,2.1309999999999998,7.612,5.897,4.179,1.126,1.309,1.655,2.162,2.7,2.689,3.22,,
5,2023,tech,rev,Other,0.90700000000000003,1.463,2.174,2.826,2.376,1.705,1.575,1.466,1.308,1.234,1.317,,
5,2023,tech,out,Changes in Outlays,,,,,,,,,,,,,
5,2023,tech,out,Mandatory,,,,,,,,,,,,,
5,2023,tech,out,Medicare,-6.15,-17.114,-15.976,-23.705,-24.874,-27.958,-27.453,-27.67,-35.725,-21.163,-33.624,,
5,2023,tech,out,Premium tax credits and related spending,7.0060000000000002,24.823,27.895,22.197,13.992,13.988,12.575,12.976,11.391,10.456,9.415,,
5,2023,tech,out,Student loans,70.808999999999997,4.997,5.683,6.038,6.575,6.581,6.594,6.555,6.509,6.534,6.6,,
5,2023,tech,out,Social Security,8.92,7.132,6.988,8.995,8.613,9.146,9.764,9.599,9.92,10.14,10.557,,
5,2023,tech,out,Deposit Insurance,32.798999999999999,2.813,0.629,-2.126,-3.407,-3.797,-4.098,-4.478,-4.79,-5.183,-3.748,,
5,2023,tech,out,Other revisions to the costs of credit programs,16.968,0,0,0,0,0,0,0,0,0,0,,
5,2023,tech,out,Veterans' benefits,-2.8559999999999999,2.744,2.639,4.261,5.546,7.317,7.226,8.805,9.822,10.934,14.053,,
5,2023,tech,out,Other,11.88100000000003,-9.175999999999998,0.6140000000000043,-3.054,-1.217000000000002,1.519999999999997,-0.455000000000001,-0.9339999999999992,-2.491999999999996,-1.000999999999999,-1.366,,
5,2023,tech,out,Discretionary,,,,,,,,,,,,,
5,2023,tech,out,Defense,-7.9480000000000004,4.063,3.235,2.303,0.788,-0.708,-1.021,-1.28,-1.527,-1.8,-2.101,,
5,2023,tech,out,Nondefense,-21.484999999999999,-23.271,-19.213,-12.535,-9.036,-5.913,-4.882,-4.52,-4.723,-4.827,-4.993,,
5,2023,tech,int,Net interest,,,,,,,,,,,,,
5,2023,tech,int,Debt service,0.53900000000000003,1.564,0.849,2.287,4.886,6.68,9.235,11.853,11.554,11.156,9.318,,
5,2023,tech,int,Other,22.140999999999998,4.758,3.32,4.85,4.56,1.749,3.746,3.842,4.245,5,2.243,,
5,2023,leg,rev,Legislative,0,0,0,0,0,0,0,0,0,0,0,,
5,2023,leg,out,Legislative,0,0,0,0,0,0,0,0,0,0,0,,
5,2023,baseline,def,Deficit in CBO's May 2023 Baseline,-1539.34,-1570.546,-1760.881,-1718.191,-1709.204,-1934.337,-1855.2,-2126.172,-2291.289,-2496.154,-2852.449,,
2,2024,leg,,Legislative changes,,,,,,,,,,,,,
2,2024,leg,rev,Changes in revenues,-0.123,-0.207,-0.263,-0.295,-0.315,-0.323,-0.319,-0.299,-0.281,-0.263,-1.203,TRUE,
2,2024,leg,out,Changes in outlays,,,,,,,,,,,,,
2,2024,leg,out,Discretionary,,,,,,,,,,,,,
2,2024,leg,out,Defense,-25.692,-41.099,-50.233,-57.741,-64.857,-70.812,-76.535,-79.455,-81.249,-83.422,-239.622,TRUE,
2,2024,leg,out,Nondefense,-58.136000000000003,-125.452,-146.519,-167.755,-177.483,-183.588,-188.767,-193.114,-197.252,-201.894,-675.345,TRUE,
2,2024,leg,out,Mandatory,-2.698,-2.928,1.209,0.553,-1.124,-0.157,0.614,0.236,-2.254,-1.038,-4.988,TRUE,
2,2024,leg,int,Debt service,-1.581175,-7.832526,-14.721133,-21.470998,-28.647393,-36.725284,-46.170371,-56.372312,-67.277973,-78.938723,-74.25322499999999,TRUE,
2,2024,econ,,Economic changes,,,,,,,,,,,,,
2,2024,econ,rev,Changes in revenues,,,,,,,,,,,,,
2,2024,econ,rev,Individual income taxes,76.408000000000001,63.878,24.81,-2.848,-14.769,-18.352,-21.562,-27.748,-34.315,-37.948,147.479,TRUE,
2,2024,econ,rev,Payroll taxes,8.25,1.981,-2.587,-1.845,2.626,8.062,13.228,18.288,22.661,27.164,8.425,TRUE,
2,2024,econ,rev,Corporate income taxes,71.638999999999996,69.36,60.209,51.182,45.826,46.065,47.764,49.16,49.297,50.039,298.216,TRUE,
2,2024,econ,rev,Federal Reserve remittances,-2.8109999999999999,-3.182999999999999,-2.213,-1.637,-63.31700000000001,-22.97,10.82900000000001,12.38500000000001,15.621,18.87,-73.161,TRUE,
2,2024,econ,rev,Other,3.5800000000000129,4.138000000000005,3.734999999999985,4.795999999999999,4.266999999999999,3.722000000000008,3.258999999999993,3.070000000000014,3.149999999999999,3.29399999999999,20.516,TRUE,
2,2024,econ,out,Changes in outlays,,,,,,,,,,,,,
2,2024,econ,out,Mandatory,,,,,,,,,,,,,
2,2024,econ,out,Social Security,-10.4,-18.3,-17.5,-13.9,-13.1,-14.6,-18.4,-23.6,-29.2,-33.5,-73.2,TRUE,
2,2024,econ,out,Medicaid,-4.1109999999999998,-2.707,-2.985,-4.004,-5.779,-7.533,-9.435,-11.136,-12.867,-14.758,-19.586,TRUE,
2,2024,econ,out,SNAP,-5.5060000000000002,-7.574,-7.286,-6.179,-5.205,-4.636,-4.375,-4.251,-4.357,-4.5,-31.75,TRUE,
2,2024,econ,out,Child nutrition,-0.40200000000000002,-1.139,-1.614,-1.884,-2.071,-2.231,-2.378,-2.512,-2.635,-2.756,-7.109999999999999,TRUE,
2,2024,econ,out,Other,-11.462999999999999,-9.16,-6.033999999999995,0.4589999999999996,4.142999999999997,6.132000000000001,7.670000000000002,7.658000000000001,8.116999999999997,12.91099999999999,-22.055,TRUE,
2,2024,econ,out,Discretionary,0,-0.3,-1.569,-3.23,-5.301,-7.22,-9.302,-11.656,-14.039,-15.987,-10.4,TRUE,
2,2024,econ,int,Net interest,,,,,,,,,,,,,
2,2024,econ,int,Effect of interest rates and inflation,81.650000000000006,152.608,157.779,133.793,108.909,97.246,93.586,99.906,108.617,119.093,634.739,TRUE,
2,2024,econ,int,Debt service,-1.9635530000000001,-5.377577,-4.643053,-2.804483,-0.002004,2.357555,3.309086,3.557334,3.70809,3.824014,-14.79067,TRUE,
2,2024,tech,,Technical changes,,,,,,,,,,,,,
2,2024,tech,rev,Changes in revenues,,,,,,,,,,,,,
2,2024,tech,rev,Individual income taxes,-81.983999999999995,-60.262,-4.296,15.479,15.841,21.927,22.7,21.752,16.428,24.326,-115.222,TRUE,
2,2024,tech,rev,Payroll taxes,22.282,29.638,35.866,36.801,37.149,37.903,39.278,40.292,42.58,44.86,161.736,TRUE,
2,2024,tech,rev,Corporate income taxes,18.613,-63.753,-63.176,-61.168,-60.632,-59.098,-57.367,-57.257,-57.162,-55.765,-230.116,TRUE,
2,2024,tech,rev,Customs duties,-16.937000000000001,-15.362,-13.745,-12.336,-11.31,-10.321,-9.321,-8.296,-7.246,-6.188,-69.69,TRUE,
2,2024,tech,rev,Other,-11.417,-4.558000000000007,-4.634999999999991,-3.677000000000003,-4.488000000000003,-2.282999999999999,-2.064999999999998,-2.231000000000007,-2.424000000000003,-2.44,-28.77500000000001,TRUE,
2,2024,tech,out,Changes in outlays,,,,,,,,,,,,,
2,2024,tech,out,Mandatory,,,,,,,,,,,,,
2,2024,tech,out,Medicare,23.905000000000001,24.829,17.624,18.574,21.419,19.825,20.712,21.471,21.292,22.527,106.351,TRUE,
2,2024,tech,out,Social Security,6.2329999999999997,9.978,13.825,16.371,19.019,21.313,22.597,23.495,23.602,23.204,65.42599999999999,TRUE,
2,2024,tech,out,Clean vehicle and energy-related tax credits,4.7249999999999996,9.359,11.653,14.396,16.692,18.032,15.217,13.761,13.538,6.923,56.825,TRUE,
2,2024,tech,out,Veterans' benefits,-14.349,-4.87,4.012,-3.861,-6.932,-13.709,-14.819,-17.175,-19.782,-19.974,-26,TRUE,
2,2024,tech,out,Medicaid,23.050999999999998,16.815,11.211,10.063,11.03,8.528,5.158,-0.318,-7.289,-10.932,72.17,TRUE,
2,2024,tech,out,Deposit Insurance,-17.827000000000002,-11.695,-2.293,2.848,-47.64,1.837,2.009,2.309,2.405,0.663,-76.607,TRUE,
2,2024,tech,out,Student loans,5.3534361247574864,5.688881787664126,5.500395055652807,5.187818420933661,5.588364070410389,5.635806036404523,5.608845552704585,5.816080538127498,6.007889887628167,6.280912439378153,27.31889545941847,TRUE,
2,2024,tech,out,Coronavirus refundable tax credits,20.808,12.777,0,0,0,0,0,0,0,0,33.585,TRUE,
2,2024,tech,out,Other,-7.1764361247574868,16.72411821233587,13.8736049443472,9.44318157906634,9.153635929589605,8.77119396359548,3.310154447295417,5.104919461872491,9.59711011237183,4.67708756062185,42.01810454058153,TRUE,
2,2024,tech,out,Discretionary,,,,,,,,,,,,,
2,2024,tech,out,Defense,-4.5209999999999999,-1.873,0.234,-0.543,-0.677,-0.545,0.561,0.331,0.359,0.372,-7.380000000000001,TRUE,
2,2024,tech,out,Nondefense,-22.692,-14.648,-5.361,-0.178,1.662,2.005,1.493,-1.279,-4.403,-6.284,-41.217,TRUE,
2,2024,tech,int,Net interest,,,,,,,,,,,,,
2,2024,tech,int,Debt service,4.7327279999999998,14.793103,19.910186,22.491481,23.609397,25.017729,27.015285,29.147978,31.607883,33.70470899999999,85.536895,TRUE,
2,2024,tech,int,Other,42.381,23.781,11.226,4.989999999999998,-1.428000000000001,-2.379999999999999,-1.791999999999998,-0.07099999999999795,4.096000000000007,9.560000000000002,80.94999999999999,TRUE,
2,2024,baseline,def,Deficit in CBO's February 2024 baseline,-1507.367,-1771.609,-1691.785,-1640.371,-1844.438,-1723.432,-1916.635,-2054.027,-2238.187,-2556.256,-8455.57,TRUE,
6,2024,leg,,Legislative changes,,,,,,,,,,,,,
6,2024,leg,rev,Changes in revenues,-1.2729999999999999,2.324,-3.722,-4.59,-5.311,-5.838,-6.005,-5.86,-1.629,-0.99,-0.662,TRUE,TRUE
6,2024,leg,out,Changes in outlays,,,,,,,,,,,,,
6,2024,leg,out,Discretionary,,,,,,,,,,,,,
6,2024,leg,out,Defense,,,,,,,,,,,,,
6,2024,leg,out,Base,21.414999999999999,24.343,24.272,24.532,25.008,25.408,26.081,26.684,27.269,27.951,28.465,TRUE,TRUE
6,2024,leg,out,Nonbase,10.45,33.98999999999999,47.87800000000001,58.98700000000001,65.708,69.471,71.697,73.53,75.08500000000001,76.63399999999999,78.16199999999999,TRUE,TRUE
6,2024,leg,out,Nondefense,,,,,,,,,,,,,
6,2024,leg,out,Base,16.998999999999999,7.357,8.908,9.036,8.002,7.948,8.114,8.279,8.55,8.809,8.42,TRUE,TRUE
6,2024,leg,out,Nonbase,10.842000000000001,19.328,24.346,27.887,29.003,30.104,31.098,31.855,32.828,33.471,34.111,TRUE,TRUE
6,2024,leg,out,Mandatory,-2.8490000000000002,-1.71,4.041,2.366,-2.71,-3.901,-6.291,-4.472,-1.367,-2.805,0.01,TRUE,TRUE
6,2024,leg,int,Debt service,0.70299999999999996,4.813,8.36,11.955,16.072,20.44,25.528,30.901,36.673,42.914,49.436,TRUE,TRUE
6,2024,econ,,Economic changes,,,,,,,,,,,,,
6,2024,econ,rev,Changes in revenues,,,,,,,,,,,,,
6,2024,econ,rev,Individual income taxes,51.06,89.775,102.343,98.861,83.704,65.041,49.405,38.86,31.577,26.793,25.243,TRUE,TRUE
6,2024,econ,rev,Corporate income taxes,18.405999999999999,29.593,25.881,17.541,8.011,-0.542,-4.99,-6.32,-6.132,-6.018,-6.887,TRUE,TRUE
6,2024,econ,rev,Payroll taxes,6.4710000000000001,7.411,6.619,4.027,2.2,1.057,-0.593,-2.978,-5.416,-7.253,-7.486,TRUE,TRUE
6,2024,econ,rev,Federal Reserve remittances,-1.6E-2,-0.305,-0.348,-0.278,-0.226,-51.314,-86.949,-10.363,-9.609,-8.72,-7.848,TRUE,TRUE
6,2024,econ,rev,Other,3.3,5.991,5.151,5.376,4.712,4.112,3.449,2.851,2.278,2.05,2.126,TRUE,TRUE
6,2024,econ,out,Changes in Outlays,,,,,,,,,,,,,
6,2024,econ,out,Mandatory,,,,,,,,,,,,,
6,2024,econ,out,Social Security,0,6.7,8.3,7.2,6.1,6.1,6.3,7.3,8.3,7.4,5.6,TRUE,TRUE
6,2024,econ,out,Medicare,-0.26600000000000001,-0.51,-0.778,-1.699,-3.439,-4.433,-6.25,-7.81,-9.669,-12.775,-13.984,TRUE,TRUE
6,2024,econ,out,Medicaid,0.30299999999999999,1.602,2.356,3.871,4.849,5.377,5.775,6.228,6.77,7.439,8.128,TRUE,TRUE
6,2024,econ,out,Other,-2.6920000000000002,-7.172000000000001,-1.18,1.301,1.967000000000001,1.772000000000001,1.776,2.02,1.648000000000001,1.119,0.9360000000000004,TRUE,TRUE
6,2024,econ,out,Discretionary,0,-0.052,-0.735,-1.506,-1.239,-1.862,-2.241,-2.591,-2.026,-1.753,-1.05,TRUE,TRUE
6,2024,econ,int,Net interest,,,,,,,,,,,,,
6,2024,econ,int,Effect of interest rates and inflation,12.685,35.975,24.868,2.301,-1.81,-4.91,-4.125,-3.949,-1.807,3.524,8.88,TRUE,TRUE
6,2024,econ,int,Debt service,-0.83699999999999997,-5.717,-9.369,-12.559,-15.76,-17.533,-17.534,-17.839,-18.901,-19.733,-20.408,TRUE,TRUE
6,2024,tech,,Technical changes,,,,,,,,,,,,,
6,2024,tech,rev,Changes in revenues,,,,,,,,,,,,,
6,2024,tech,rev,Individual income taxes,-72.759,-58.932,-48.152,-6.053,19.411,13.621,28.067,35.944,45.44,40.126,23.063,TRUE,TRUE
6,2024,tech,rev,Corporate income taxes,-61.075000000000003,-32.263,-45.01,-39.988,-34.5,-36.581,-39.787,-43.422,-41.204,-31.625,-36.858,TRUE,TRUE
6,2024,tech,rev,Payroll taxes,8.5310000000000006,-4.632,-4.06,-2.922,-2.319,-1.992,-1.948,-2.271,-2.816,-3.393,-3.257,TRUE,TRUE
6,2024,tech,rev,Customs duties,-7.8339999999999996,-8.726,-8.832,-8.258,-7.766,-7.691,-7.798,-7.956,-8.124,-8.275,-8.445,TRUE,TRUE
6,2024,tech,rev,Other,9.9440000000000008,11.261,13.156,9.837,5.832000000000001,6.968,6.955000000000002,6.696999999999996,5.296000000000003,5.105000000000002,5.297000000000001,TRUE,TRUE
6,2024,tech,out,Changes in outlays,,,,,,,,,,,,,
6,2024,tech,out,Mandatory,,,,,,,,,,,,,
6,2024,tech,out,Medicaid,47.25,48.234,29.781,18.986,21.617,22.625,23.956,24.032,24.954,25.606,26.736,TRUE,TRUE
6,2024,tech,out,Premium tax credit and related spending,21.959,25.629,25.80700000000001,28.323,27.13199999999999,26.27799999999999,25.02899999999999,25.567,24.557,26.14599999999999,9.485999999999995,TRUE,TRUE
6,2024,tech,out,Student loans,145.08199999999999,-5.273,-5.039,-4.658,-4.62,-4.518,-4.567,-4.745,-4.747,-4.771,-4.916,TRUE,TRUE
6,2024,tech,out,Deposit insurance,71.573999999999998,1.507,-14.713,-17.943,-33.922,1.163,1.101,1.124,1.129,-7.142,1.322,TRUE,TRUE
6,2024,tech,out,Clean vehicle and energy-related tax credits,2.6469999999999998,5.641,6.196,6.322,6.339,7.375,8.521,10.564,11.406,2.277,-0.777,TRUE,TRUE
6,2024,tech,out,Supplemental Nutrition Assistance Program,-7.1719999999999997,-7.191,-6.842,-6.682,-6.364,-5.996,-5.842,-5.474,-5.303,-4.631,-4.367,TRUE,TRUE
6,2024,tech,out,Revisions to other credit programs,14.891999999999999,0,0,0,0,0,0,0,0,0,0,FALSE,FALSE
6,2024,tech,out,Coronavirus refundable tax credits,-12.526999999999999,15.656,1.109,0,0,0,0,0,0,0,0,TRUE,TRUE
6,2024,tech,out,Medicare,6.07,-5.303,-1.369,-4.868,-6.838,-5.603,-5.883,-2.073,-0.888,18.346,2.539,TRUE,TRUE
6,2024,tech,out,Other,-7.73,-0.99,-8.923,-1.953,-1.888,-1.253,-7.426,-5.688,2.784,19.787,3.101,TRUE,TRUE
6,2024,tech,out,Discretionary,,,,,,,,,,,,,
6,2024,tech,out,Defense,-5.1470000000000002,1.063,0.99,0.754,1.245,1.401,1.976,2.385,2.753,3.151,3.506,TRUE,TRUE
6,2024,tech,out,Nondefense,2.7850000000000001,-9.654,1.335,-0.808,-1.174,0.226,0.283,0.689,0.826,0.959,1.837,TRUE,TRUE
6,2024,tech,int,Net Interest,,,,,,,,,,,,,
6,2024,tech,int,Debt service,3.5390000000000001,17.947,22.374,24.421,25.766,27.869,30.895,33.836,36.844,40.122,43.456,TRUE,TRUE
6,2024,tech,int,Other,6.1130000000000004,11.882,9.832,8.64,5.902,3.233,2.157,1.58,0.415,-0.019,0.517,TRUE,TRUE
6,2024,baseline,def,Deficit in CBO's June 2024 baseline,-1915.156999999999,-1937.854,-1850.823000000001,-1755.893,-1942.473999999999,-1948.974000000001,-2192.839,-2282.850999999999,-2487.497999999998,-2822.134999999999,-2861.675,TRUE,TRUE
1,2025,leg,,Legislative Changes,,,,,,,,,,,,,
1,2025,leg,rev,Changes in revenue,-5.931,-5.719,-8.418,-10.614,-12.325,-9.683,-8.555,-3.613,-3.012,-2.628,,,
1,2025,leg,out,Defense,,,,,,,,,,,,TRUE,
1,2025,leg,out,Base,-26.937000000000001,-38.433,-42.812,-45.751,-47.144,-48.925,-50.183,-51.593,-52.979,-54.286,,,
1,2025,leg,out,Nonbase,-8.1679999999999957,-29.454,-41.568,-51.004,-56.502,-59.46900000000001,-61.136,-62.535,-63.727,-64.994,,,
1,2025,leg,out,Nondefense,,,,,,,,,,,,,
1,2025,leg,out,Base,23.966000000000001,34.28,51.663,46.624,48.318,49.604,51.083,52.219,53.716,54.771,,,
1,2025,leg,out,Nonbase,14.794,28.994,35.852,43.59799999999999,50.407,54.702,58.252,60.61899999999999,62.65799999999999,64.412,,,
1,2025,leg,out,Mandatory,24.744,14.1,13.061,15.658,12.054,17.055,18.632,18.59,19.181,20.041,,,
1,2025,leg,int,Debt service,0.36046499999999998,1.582418,2.288426,3.13498,3.905231,4.752152,5.700087000000001,6.643281,7.567234999999999,8.55668,,,
1,2025,econ,rev,Individual income taxes,114.349,140.009,136.431,134.037,136.666,141.795,151.636,165.596,178.876,192.988,,,
1,2025,econ,rev,Corporate income taxes,40.180999999999997,34.661,31.188,27.742,24.466,22.375,23.472,26.462,28.024,32.599,,,
1,2025,econ,rev,Payroll taxes,9.6649999999999991,15.858,20.304,24.032,26.596,27.892,28.771,30.569,33.232,36.84,,,
1,2025,econ,rev,Federal Reserve remittances,1.6439999999999999,1.135,0.45,0.191,0.199,77.09,6.978,5.629,2.573,-0.877,,,
1,2025,econ,rev,Other,1.710000000000008,1.684000000000026,1.663000000000011,1.578000000000003,1.298999999999978,1.262,1.764999999999986,2.462000000000018,3.131999999999977,3.701999999999998,,,
1,2025,econ,out,Medicare,0.24,-2.257,-4.828,-7.631,-9.031,-12.959,-16.962,-20.989,-27.624,-29.43,,,
1,2025,econ,out,Medicaid,-2.0760000000000001,-3.351,-4.098,-4.62,-5.411,-6.574,-8.037,-9.683,-11.604,-13.835,,,
1,2025,econ,out,SNAP,-0.371,-0.652,-1.504,-2.247,-2.842,-3.437,-4.055,-4.664,-5.091,-5.506,,,
1,2025,econ,out,Earned income tax credits and child tax credits,0.79300000000000004,0.455,-0.716,-1.487,-2.306,-2.897,-3.341,-3.623,-4.016,-4.35,,,
1,2025,econ,out,Other,-3.673,-6.528,-4.036000000000001,-0.9239999999999976,0.3820000000000014,0.7759999999999998,1.423000000000002,3.699999999999996,3.913999999999994,5.084000000000003,,,
1,2025,econ,out,Effect of interest rates and inflation,-64.146000000000001,-48.216,0.272,40.521,59.977,64.975,59.166,46.92,30.841,14.207,,,
1,2025,econ,out,Debt service,-2.4860000000000002,-13.642,-21.749,-28.745,-34.754,-42.141,-50.048,-58.018,-67.571,-78.86,,,
1,2025,tech,rev,Individual income taxes,-37.789000000000001,-9.492,-1.135,2.671,-2.087,-7.899,-9.37,-3.647,1.243,8.888,,,
1,2025,tech,rev,Corporate income taxes,-5.7320000000000002,-7.336,-17.528,-21.753,-26.556,-30.589,-29.977,-28.476,-29.488,-35.438,,,
1,2025,tech,rev,Payroll taxes,11.763999999999999,10.15,9.498,5.849,7.007,9.467,13.045,15.642,17.379,18.381,,,
1,2025,tech,rev,Other,-4.5960000000000001,5.790000000000003,6.288000000000001,0.7830000000000013,1.208000000000002,-36.22499999999999,-4.759,-3.672000000000001,-3.460000000000001,-4.898999999999996,,,
1,2025,tech,out,Medicaid,57.46,84.143,99.661,91.348,91.44,86.915,83.499,82.34,73.179,66.93,,,
1,2025,tech,out,Medicare,6.18,4.903,-4.101,-8.719,-8.628,-18.356,-26.2,-31.406,-47.167,-60.394,,,
1,2025,tech,out,Social Security,4.6280000000000001,6.641,8.254,9.039,9.152,9.185,9.121,8.358,8.09,3.537,,,
1,2025,tech,out,SNAP and child nutrition,6.9859999999999998,5.558,6.858,7.721,8.215,8.904,9.086,9.252,8.709,8.378,,,
1,2025,tech,out,Earned income tax credits and child tax credits,-1.708,-3.371,-3.923,-4.544,-4.416,-4.932,-5.305,-5.346,-5.659,-6.003,,,
1,2025,tech,out,Veterans’ benefits,6.5890000000000004,-3.874,0.987,3.692,5.299,4.04,4.154,4.688,5.529,3.649,,,
1,2025,tech,out,Other,0.84099999999999997,5.181,6.273,-3.49,-3.741,2.804,2.277,-5,1.637,1.521,,,
1,2025,tech,out,Defense,-10.597,-7.994,-4.731,1.133,4.776,6.127,3.992,3.026,2.49,1.246,,,
1,2025,tech,out,Nondefense,22.396999999999998,9.736,4.72,10.105,0.759,1.53,2.803,1.963,2.568,0.956,,,
1,2025,tech,int,Debt service,0.83553500000000003,5.257582,8.902574000000001,12.93702,17.062769,22.066847999999997,26.901913,30.749719,34.093765,36.61632,,,
1,2025,tech,int,Other,2.0099999999999998,4.547,1.593999999999999,1.029,2.272000000000002,0.02899999999999991,2.456,4.066999999999997,5.340000000000003,2.856999999999999,,,
1,2025,baseline,def,Deficit in CBO's January 2025 baseline,-1865.2510000000004,-1713.2580000000007,-1686.942,-1910.7759999999992,-1938.2680000000007,-2139.7210000000005,-2232.785999999999,-2370.581999999998,-2637.298999999999,-2597.25,,,
8,2025,leg,,Legislative changes,,,,,,,,,,,,,
8,2025,leg,rev,Changes in revenues,,,,,,,,,,,,,
8,2025,leg,rev,Individual income taxes,-361.20499999999998,-479.311,-493.322,-456.877,-409.224,-398.355,-414.294,-433.839,-460.27,-479.348,,,
8,2025,leg,rev,Corporate income taxes,-98.286999999999992,-91.482,-79.38,-58.659,-25.719,-2.108,7.296,1.26,-1.822,-2.799,,,
8,2025,leg,rev,Customs duties,0,1.643,6.652,6.739,6.853,7.019,7.205,7.396,7.584,7.775,,,
8,2025,leg,rev,Other,-1.0089999999999999,-13.163,-15.578,-16.773,-17.101,-19.087,-20.723,-22.498,-24.44,-26.615,,,
8,2025,leg,rev,Other legislation,-1.4910000000000001,-1.709,-1.641,-1.735,-0.908,-0.823,-0.8,-0.799,-0.819,-0.845,,,
8,2025,leg,out,Changes in outlays,,,,,,,,,,,,,
8,2025,leg,out,Mandatory,,,,,,,,,,,,,
8,2025,leg,out,Medicaid,-18.681000000000001,-49.967,-67.019,-98.638,-118.398,-137.802,-151.899,-163.614,-179.887,-197.825,,,
8,2025,leg,out,SNAP,-7.9569999999999999,-16.042,-21.607,-21.715,-21.758,-21.574,-24.686,-25.091,-25.207,-25.325,,,
8,2025,leg,out,Earned income and child tax credits,2.198,18.664,19.055,19.969,19.952,20.777,20.777,22.51,22.22,24.31,,,
8,2025,leg,out,Immigration enforcement,12.707000000000001,23.413,32.517,33.92,28.541,19.444,12.283,3.876,1.364,-0.959,,,
8,2025,leg,out,Student loans,-13.49,-14.11,-15.005,-15.645,-16.035,-16.275,-16.515,-16.735,-16.985,-17.151,,,
8,2025,leg,out,Defense,42.265000000000001,45.941,27.321,20.223,10.474,4.916,2.867,1.447,0.723,0.1,,,
8,2025,leg,out,Premium tax credits and related spending,-3.13,-10.265,-15.135,-16.729,-15.746,-14.505,-13.786,-13.745,-13.165,-13.986,,,
8,2025,leg,out,Spectrum auction receipts,-0.2,-0.2,-1.5,-5.8,-12.9,-19.8,-22.2,-16,-6.4,0,,,
8,2025,leg,out,Energy-related tax credits,-1.02,-3.525,-8.117,-12.579,-14.812,-16.495,-18.26,-1.068,-1.99,-2.206,,,
8,2025,leg,out,Agriculture,1.181,7.62,8.878,8.566,8.231,8.22,8.061,7.951,8.083,8.604,,,
8,2025,leg,out,Medicare and other health programs,1.7390000000000001,4.941,6.892,7.97,8.404,7.595,4.324,0.947,-1.017,-2.848,,,
8,2025,leg,out,Coast Guard,0.39,1.21,2.39,3.07,3.59,3.48,3.47,3.52,2.01,0,,,
8,2025,leg,out,Other,10.336,12.448,5.162,2.28,0.416,-0.104,0.455,-0.313,-0.686,-0.942,,,
8,2025,leg,out,Other legislation,2.3050000000000002,0.498,-1.524,0.093,-0.167,0.408,0.233,-6.583,0.003,0.014,,,
8,2025,leg,out,Discretionary,,,,,,,,,,,,,
8,2025,leg,out,Nondefense discretionary - Emergency,-33.838000000000001,-65.194,-81.227,-95.525,-106.964,-114.71,-120.875,-125.504,-129.575,-133.196,,,
8,2025,econ,,Economic changes,,,,,,,,,,,,,
8,2025,econ,rev,Changes in revenues,,,,,,,,,,,,,
8,2025,econ,rev,Individual income taxes,55.822499999999998,66.3485,54.0735,37.3555,27.856,22.098,19.383,17.6865,15.1905,14.0115,,,
8,2025,econ,rev,Payroll taxes,-2.8460000000000001,-2.8855,-2.726,-2.6875,-4.179,-5.008,-6.3725,-7.6495,-9.2065,-11.024,,,
8,2025,econ,rev,Corporate income taxes,13.878500000000001,18.7625,19.471,19.0665,18.3355,17.129,15.783,14.67,14.2125,13.8975,,,
8,2025,econ,rev,Customs duties,-8.5489999999999995,-9.8635,-14.42,-17.326,-19.094,-21.213,-24.6435,-27.6905,-29.636,-31.477,,,
8,2025,econ,rev,Federal Reserve remittances,0.27450000000000002,-0.052,-0.1315,0.065,1.2505,3.6435,4.651,5.856,7.1665,8.304,,,
8,2025,econ,rev,Other,2.3975,2.7605,2.3615,2.0335,1.807,1.645,1.535,1.4505,1.4315,1.461,,,
8,2025,econ,out,Changes in outlays,,,,,,,,,,,,,
8,2025,econ,out,Mandatory,,,,,,,,,,,,,
8,2025,econ,out,Social Security,2.15,6.65,9.3,9.75,10.45,10.9,11.2,11.6,12.1,12.25,,,
8,2025,econ,out,SNAP,0.90249999999999997,3.0975,4.49,5.329,5.9465,6.431,6.928,7.205,7.3395,7.4035,,,
8,2025,econ,out,Medicare,-3.95E-2,-0.1125,-0.476,-1.034,-1.972,-3.4135,-4.6155,-6.006,-7.582,-8.276,,,
8,2025,econ,out,Veterans' benefits,0.47499999999999998,1.0965,1.5385,1.4885,1.8035,1.944,2.146,2.5845,2.637,2.5625,,,
8,2025,econ,out,Medicaid,0.1515,-0.091,-0.443,-0.8225,-1.2235,-1.5445,-1.902,-2.206,-2.3955,-2.4995,,,
8,2025,econ,out,Other,-8.6499999999999994E-2,0.5035,1.8465,1.5865,1.6675,0.749,1.4785,0.991,1.8805,0.994,,,
8,2025,econ,out,Discretionary,0,0.544,2.429,3.728,4.298,4.56,4.795,4.813,4.891,4.8775,,,
8,2025,econ,int,Net interest,,,,,,,,,,,,,
8,2025,econ,int,Effect of interest rates and inflation,7.7629999999999999,8.4695,15.9415,26.379,38.3735,51.895,64.514,75.0505,85.678,94.3145,,,
8,2025,econ,int,Debt service,-0.49149999999999999,-2.8455,-4.3615,-4.8125,-4.1995,-2.6975,-0.4,2.7285,6.5245,10.982,,,
8,2025,tech,,Technical changes,,,,,,,,,,,,,
8,2025,tech,rev,Changes in revenues,,,,,,,,,,,,,
8,2025,tech,rev,Customs duties,351.84399999999999,352.512,356.668,354.58,351.274,345.856,334.095,330.486,330.948,340.472,,,
8,2025,tech,rev,Individual income taxes,16.1435,20.3425,36.98,60.2955,54.5805,47.5185,50.259,53.0335,56.3085,55.447,,,
8,2025,tech,rev,Payroll taxes,-4.3579999999999997,-5.909,-6.3465,-7.9795,-6.593,-6.4035,-6.125,-5.8345,-5.4875,-4.878,,,
8,2025,tech,rev,Corporate income taxes,-10.3375,2.1185,5.298,9.608,8.1115,2.7645,1.5975,1.0905,4.539,4.8935,,,
8,2025,tech,rev,Other,0.436,-0.687,0.2735,0.877,-11.9115,-10.7455,-0.79,-0.135,0.2095,0.2665,,,
8,2025,tech,out,Changes in outlays,,,,,,,,,,,,,
8,2025,tech,out,Mandatory,,,,,,,,,,,,,
8,2025,tech,out,Medicare,30.5655,41.259,43.489,44.879,47.338,48.21,50.7065,60.909,60.353,58.707,,,
8,2025,tech,out,Medicaid,15.512499999999999,19.3765,23.915,25.555,30.6215,36.8445,39.745,45.455,52.198,59.341,,,
8,2025,tech,out,Veterans' benefits,26.332999999999998,28.435,29.997,28.3055,31.2175,29.882,30.199,32.478,31.9035,31.2265,,,
8,2025,tech,out,Energy-related tax credits,-8.3025000000000002,-9.5715,-8.7985,-7.556,-5.976,-5.7955,-6.086,-6.9675,-2.257,-2.197,,,
8,2025,tech,out,Social Security,-1.2905,-2.5975,-4.353,-4.2325,-4.872,-5.6805,-6.372,-7.047,-7.6945,-8.2315,,,
8,2025,tech,out,Premium tax credits and related spending,0.26400000000000001,-8.1435,-9.3725,-7.9795,-6,-3.631,-2.95,-4.449,3.024,-0.4825,,,
8,2025,tech,out,SNAP,-0.57199999999999995,-1.513,-2.1615,-2.5625,-2.6115,-2.6445,-2.409,-2.2075,-2.022,-1.781,,,
8,2025,tech,out,Earned income and child tax credits,2.6269999999999998,2.1475,1.853,1.7205,1.2075,1.1,1.226,0.888,0.891,0.5935,,,
8,2025,tech,out,Agriculture,3.415,4.3885,1.755,0.626,0.4335,0.3415,0.3535,0.569,0.462,0.325,,,
8,2025,tech,out,Other,-14.94,-1.563,-2.5835,1.712,1.734,-1.466,1.3335,2.1535,2.636,3.8825,,,
8,2025,tech,out,Discretionary,,,,,,,,,,,,,
8,2025,tech,out,Defense,-1.7424999999999999,0.5515,0.25,-0.1645,0.5765,1.2285,0.9695,0.516,0.54,0.562,,,
8,2025,tech,out,Nondefense,1.5629999999999999,-4.135,0.956,2.285,0.9645,-0.1285,0.4175,0.142,-0.216,0.1635,,,
8,2025,tech,int,Net interest,,,,,,,,,,,,,
8,2025,tech,int,Debt service,-1.2689999999999999,-7.267,-13.1465,-19.9765,-27.1145,-33.318,-39.43,-45.3715,-50.896,-56.548,,,
8,2025,tech,int,Other,5.9995000000000003,4.1245,4.6935,4.885000000000002,6.049499999999998,6.021999999999998,5.857500000000002,5.830999999999996,7.738500000000002,8.684000000000005,,,
8,2025,baseline,def,Deficit in CBO's August 2025 baseline,-1824.3364999999999,-1861.628,-2025.688999999998,-1943.3485000000005,-2059.8735000000015,-2106.1964999999987,-2238.6220000000008,-2548.241999999999,-2550.827,42.78250000000004,,,
2,2026,leg,rev,Changes in revenues,0,0,0,0,0,0,0,0,0,0,,,
2,2026,leg,out,Discretionary,,,,,,,,,,,,,
2,2026,leg,out,Defense - Nonemergency,24.439,22.931,24.589,26.601,27.51,28.073,29.005,29.656,30.038,30.7,,,
2,2026,leg,out,Defense - Emergency,-2.5960000000000001,-5.486,-7.585,-9.487,-10.861,-11.729,-12.336,-12.829,-13.26,-13.607,,,
2,2026,leg,out,Nondefense discretionary - Nonemergency,-4.2980000000000018,-15.377,-16.738,-17.729,-18.548,-18.825,-19.619,-20.69199999999999,-21.95100000000002,-22.91200000000001,,,
2,2026,leg,int,Net interest,,,,,,,,,,,,,
2,2026,leg,int,Debt service,4.6959999999999997,27.514,47.085,64.316,78.069,87.598,95.461,103.345,112.102,121.622,,,
2,2026,econ,,Economic changes,,,,,,,,,,,,,
2,2026,econ,rev,Changes in revenues,,,,,,,,,,,,,
2,2026,econ,rev,Individual income taxes,55.822499999999998,66.3485,54.0735,37.3555,27.856,22.098,19.383,17.6865,15.1905,14.0115,,,
2,2026,econ,rev,Payroll taxes,-2.8460000000000001,-2.8855,-2.726,-2.6875,-4.179,-5.008,-6.3725,-7.6495,-9.2065,-11.024,,,
2,2026,econ,rev,Corporate income taxes,13.878500000000001,18.7625,19.471,19.0665,18.3355,17.129,15.783,14.67,14.2125,13.8975,,,
2,2026,econ,rev,Customs duties,-8.5489999999999995,-9.8635,-14.42,-17.326,-19.094,-21.213,-24.6435,-27.6905,-29.636,-31.477,,,
2,2026,econ,rev,Federal Reserve remittances,0.27450000000000002,-0.052,-0.1315,0.065,1.2505,3.6435,4.651,5.856,7.1665,8.304,,,
2,2026,econ,rev,Other,2.3975,2.7605,2.3615,2.0335,1.807,1.645,1.535,1.4505,1.4315,1.461,,,
2,2026,econ,out,Changes in outlays,,,,,,,,,,,,,
2,2026,econ,out,Mandatory,,,,,,,,,,,,,
2,2026,econ,out,Social Security,2.15,6.65,9.3,9.75,10.45,10.9,11.2,11.6,12.1,12.25,,,
2,2026,econ,out,SNAP,0.90249999999999997,3.0975,4.49,5.329,5.9465,6.431,6.928,7.205,7.3395,7.4035,,,
2,2026,econ,out,Medicare,-3.95E-2,-0.1125,-0.476,-1.034,-1.972,-3.4135,-4.6155,-6.006,-7.582,-8.276,,,
2,2026,econ,out,Veterans' benefits,0.47499999999999998,1.0965,1.5385,1.4885,1.8035,1.944,2.146,2.5845,2.637,2.5625,,,
2,2026,econ,out,Medicaid,0.1515,-0.091,-0.443,-0.8225,-1.2235,-1.5445,-1.902,-2.206,-2.3955,-2.4995,,,
2,2026,econ,out,Other,-8.6499999999999994E-2,0.5035,1.8465,1.5865,1.6675,0.749,1.4785,0.991,1.8805,0.994,,,
2,2026,econ,out,Discretionary,0,0.544,2.429,3.728,4.298,4.56,4.795,4.813,4.891,4.8775,,,
2,2026,econ,int,Net interest,,,,,,,,,,,,,
2,2026,econ,int,Effect of interest rates and inflation,7.7629999999999999,8.4695,15.9415,26.379,38.3735,51.895,64.514,75.0505,85.678,94.3145,,,
2,2026,econ,int,Debt service,-0.49149999999999999,-2.8455,-4.3615,-4.8125,-4.1995,-2.6975,-0.4,2.7285,6.5245,10.982,,,
2,2026,tech,,Technical changes,,,,,,,,,,,,,
2,2026,tech,rev,Changes in revenues,,,,,,,,,,,,,
2,2026,tech,rev,Individual income taxes,16.1435,20.3425,36.98,60.2955,54.5805,47.5185,50.259,53.0335,56.3085,55.447,,,
2,2026,tech,rev,Payroll taxes,-4.3579999999999997,-5.909,-6.3465,-7.9795,-6.593,-6.4035,-6.125,-5.8345,-5.4875,-4.878,,,
2,2026,tech,rev,Corporate income taxes,-10.3375,2.1185,5.298,9.608,8.1115,2.7645,1.5975,1.0905,4.539,4.8935,,,
2,2026,tech,rev,Other,0.436,-0.687,0.2735,0.877,-11.9115,-10.7455,-0.79,-0.135,0.2095,0.2665,,,
2,2026,tech,out,Changes in outlays,,,,,,,,,,,,,
2,2026,tech,out,Mandatory,,,,,,,,,,,,,
2,2026,tech,out,Medicare,30.5655,41.259,43.489,44.879,47.338,48.21,50.7065,60.909,60.353,58.707,,,
2,2026,tech,out,Medicaid,15.512499999999999,19.3765,23.915,25.555,30.6215,36.8445,39.745,45.455,52.198,59.341,,,
2,2026,tech,out,Veterans' benefits,26.332999999999998,28.435,29.997,28.3055,31.2175,29.882,30.199,32.478,31.9035,31.2265,,,
2,2026,tech,out,Energy-related tax credits,-8.3025000000000002,-9.5715,-8.7985,-7.556,-5.976,-5.7955,-6.086,-6.9675,-2.257,-2.197,,,
2,2026,tech,out,Social Security,-1.2905,-2.5975,-4.353,-4.2325,-4.872,-5.6805,-6.372,-7.047,-7.6945,-8.2315,,,
2,2026,tech,out,Premium tax credits and related spending,0.26400000000000001,-8.1435,-9.3725,-7.9795,-6,-3.631,-2.95,-4.449,3.024,-0.4825,,,
2,2026,tech,out,SNAP,-0.57199999999999995,-1.513,-2.1615,-2.5625,-2.6115,-2.6445,-2.409,-2.2075,-2.022,-1.781,,,
2,2026,tech,out,Earned income and child tax credits,2.6269999999999998,2.1475,1.853,1.7205,1.2075,1.1,1.226,0.888,0.891,0.5935,,,
2,2026,tech,out,Agriculture,3.415,4.3885,1.755,0.626,0.4335,0.3415,0.3535,0.569,0.462,0.325,,,
2,2026,tech,out,Other,-14.94,-1.563,-2.5835,1.712,1.734,-1.466,1.3335,2.1535,2.636,3.8825,,,
2,2026,tech,out,Discretionary,,,,,,,,,,,,,
2,2026,tech,out,Defense,-1.7424999999999999,0.5515,0.25,-0.1645,0.5765,1.2285,0.9695,0.516,0.54,0.562,,,
2,2026,tech,out,Nondefense,1.5629999999999999,-4.135,0.956,2.285,0.9645,-0.1285,0.4175,0.142,-0.216,0.1635,,,
2,2026,tech,int,Net interest,,,,,,,,,,,,,
2,2026,tech,int,Debt service,-1.2689999999999999,-7.267,-13.1465,-19.9765,-27.1145,-33.318,-39.43,-45.3715,-50.896,-56.548,,,
2,2026,tech,int,Other,5.9995000000000003,4.1245,4.6935,4.885000000000002,6.049499999999998,6.021999999999998,5.857500000000002,5.830999999999996,7.738500000000002,8.684000000000005,,,
2,2026,baseline,def,Deficit in CBO's February 2026 baseline,-1852.7029999999995,-1883.0785,-2074.964499999998,-2014.8299999999997,-2194.592500000002,-2279.6729999999984,-2433.560500000003,-2774.903999999998,-2810.761499999999,-238.9719999999999,,,
