date,gdp,gnp,potential_gdp,real_gdp,real_gnp,real_potential_gdp,real_gdp_nfb,potential_lf,potential_lf_prod,potential_lfpr,noncyclical_rate_of_unemployment,output_gap,nfb_real_potential_gdp,nfb_potential_hrs_worked,nfb_index_capital_services,nfb_potential_tfp,nfb_potential_lab_prod,nfb_capital_share,pce_price_index,core_pce_price_index,pce_medical_price_index,cpiu,core_cpiu,chained_cpiu,cpiu_medical_price_index,gdp_price_index,eci_wages_salaries,oil_rac_imported,oil_rac_composite,oil_price_wti_spot,nat_gas_price_henry_hub,house_price_index_fhfa,exchange_rate_export_weighted,unemployment_rate,labor_force_census,labor_force,lfpr_16yo_census,lfpr_16yo,empl_civ_16yo_census,empl_civ_16yo,empl_payroll_nf,output_per_hr_nfb,hours_nfb,population_civ_16yo_census,population_civ_16yo,households,treasury_note_rate_10yr,treasury_bill_rate_3mo,fed_funds_rate,gdi,personal_income,compensation,wages_and_salaries,nonwage_income,prop_inc_farm_adj,prop_inc_nonfarm_adj,rental_inc_adj,interest_inc_pers,dividend_inc_pers,corp_profits_adj,corp_profits_domestic_adj,pce,gross_pri_dom_invest,nonres_fixed_invest,res_fixed_invest,change_pri_inv,government_c_gi,federal_government_c_gi,sl_government_c_gi,net_exports,exports,imports,current_account_balance,real_pce,real_gross_pri_dom_invest,real_nonres_fixed_invest,real_res_fixed_invest,real_change_pri_invest,real_government_c_gi,real_federal_government_c_gi,real_sl_government_c_gi,real_net_exports,real_exports,real_imports
1949q1,275,276.39999999999996,273.04122675619312,2260.8,2277.6,2244.6967470923688,1446.2,61.410180154804008,36.55251851458328,58.97244327,5.25505256652832,0.717391020791136,1438.479827243257,41.065657879127296,7.8291426456220992,41.084135835583888,16.676003113574992,0.329,12.475,NA,NA,23.943333333333336,NA,NA,14.766666666666668,12.153,NA,NA,NA,NA,NA,NA,NA,4.6666666666666672,61.4916481928206,60.967,59.09119177077052,58.857356163898656,58.451525279561504,58.142,44.468333333333336,23.398,41.756,104.062291434842,103.58433333333334,NA,NA,1.17,NA,274.2,212,146.30000000000002,136.69999999999998,60.400000000000008,12.7,22.7,7.5,10.3,7.2,31,29.8,176.80000000000002,43.14,28.583,14.169,0.388,48.585,30.182,18.403,6.5,16.100000000000002,9.6,2.2,1417.4,232.885,128.638,167.04400000000002,-2.474,634.547,310.069,300.54700000000004,14.1,74.5,60.4
1949q2,271.39999999999996,272.7,274.15753236166376,2253.1,2269.5,2275.9923955934588,1437.1,61.579152897154872,36.96043690946284,58.98028346,5.2615156173706056,-1.0058203901639028,1458.5650418776324,41.289284297489192,7.9094340876038224,41.355629823352464,16.817267096921704,0.329,12.399,NA,NA,23.916666666666668,NA,NA,14.800000000000002,12.078,NA,NA,NA,NA,NA,NA,NA,5.8666666666666664,61.750005224271504,61.071333333333336,59.190233213178576,58.814050090846648,58.067178683356008,57.490333333333336,43.986333333333336,23.639,41.068,104.324652686996,103.838,NA,NA,1.17,NA,270.7,211,144.69999999999998,135,60.300000000000008,12.1,22.8,7.7,10.5,7.2,28.7,27.5,178.4,36.241,27.476,13.913,-5.148,50.381,31.243,19.138,6.3,15.6,9.4,1.7,1439.1,201.926,123.874,164.243,-21.832,662.174,321.211,317.383,14.4,73.9,59.5
1949q3,272.89999999999996,274.2,276.78388680119048,2276.4,2292.4,2308.7975079304876,1455.6,61.75026623439388,37.38927212340544,58.98826994,5.268013,-1.4032199800634416,1478.6005009275414,41.51756168428224,7.9871085618474384,41.628917909594712,16.954539004746924,0.329,12.327,NA,NA,23.716666666666664,NA,NA,14.866666666666668,11.991,NA,NA,NA,NA,NA,NA,NA,6.7,62.0656695533484,61.508,59.351488874775864,59.069984826270408,57.849145170369304,57.390333333333336,43.645,24.204,40.626,104.573062496038,104.12733333333332,NA,NA,1.0433333333333334,NA,270.89999999999996,210.4,143.6,134,60.000000000000008,11.6,22.6,7.9,10.8,7.1,29.9,28.8,177.80000000000002,39.549,26.112,14.744,-1.307,50.356,30.476,19.88,5.2,14.1,8.9,0.6,1442.3,218.667,118.206,178.28899999999998,-4.783,665.721,315.855,330.425,10.6,67.7,57.1
1949q4,270.60000000000004,271.8,280.53183167435116,2257.4,2272.1,2340.2533511518116,1441.6,61.913340929655264,37.798854269724552,58.99650817,5.274564,-3.5403581886137904,1498.6173303038348,41.743718331555216,8.0644185338586304,41.904011950150824,17.09096542449237,0.329,12.317,NA,NA,23.66,NA,NA,14.899999999999998,11.988,NA,NA,NA,NA,NA,NA,NA,6.9666666666666664,62.300549861009,62.032666666666664,59.387648254011808,59.402521043273968,58.168551186220904,57.707666666666672,43.235333333333336,24.073,40.452,104.904894692139,104.42766666666666,NA,NA,1.0766666666666666,NA,267.2,210.9,142.80000000000002,133.19999999999998,60.800000000000008,11.5,22.7,8.1,11.1,7.4,26.6,25.6,180.2,37.468,25.628,16.538,-4.699,49.91,29.79,20.121,3,12.1,9.1,-1,1463.5,207.912,116.742,200.02,-21.818,654.121,302.90300000000004,336.712,0.6,58.6,58
1950q1,280.8,282.10000000000004,284.0405772765814,2346.1,2361.8,2373.1752077941156,1502.6,62.05463896738644,38.243316652625536,59.00504729,5.281182,-1.1408853297132704,1518.5292411551602,41.958503412628376,8.1449642339486512,42.180923879207272,17.229399704763374,0.329,12.297,NA,NA,23.586666666666668,NA,NA,14.933333333333336,11.954,NA,NA,NA,NA,NA,NA,NA,6.4,62.638328103273104,61.650666666666664,59.511363788067672,58.864417568427752,58.287491905732104,57.704666666666672,43.592333333333336,24.899,40.769,105.254398683151,104.73333333333334,NA,NA,1.1033333333333334,NA,277.5,226.3,147,136.9,64.400000000000008,12.2,24,8.5,11.4,8.3,30.1,28.9,182.9,46.749,26.386,18.339,2.024,48.956,28.544,20.412,2.2,11.7,9.5,-1,1487.9,257.271,120.122,222.347,9.151,642.039,288.521,344.959,-1.9,57.7,59.6
1950q2,290.39999999999996,291.7,288.96584812708596,2417.7,2434.2,2405.7600930332496,1558.8,62.15888394472908,38.703399101766728,59.01389616,5.287866,0.49630497244204096,1538.3003073371754,42.151521326528912,8.230868133027752,42.45966570981456,17.373801266227432,0.329,12.356,NA,NA,23.766666666666664,NA,NA,15,12.004,NA,NA,NA,NA,NA,NA,NA,5.5666666666666664,62.9210979825964,62.22,59.606949568468136,59.245669886149032,59.310349858469096,58.761333333333344,44.727666666666664,25.205,41.777,105.560003385715,105.02033333333332,NA,NA,1.1533333333333334,NA,289.89999999999996,227.7,153.6,143,65.600000000000008,12.2,24.6,8.7,11.7,8.4,33.9,32.799999999999996,186.8,52.291,28.855,20.603,2.833,49.643,28.924,20.72,1.6,11.9,10.2,-1.2,1512.4,284.803,130.12799999999998,243.66,13.359,653.80600000000008,295.76299999999996,347.879,-4.5,58.4,62.9
1950q3,308.2,309.8,299.19197702485508,2511.1,2530.2,2437.7059490821336,1642.8,62.214544202021936,39.182252001500792,59.02303653,5.294604,3.0107835994534816,1557.8564931113342,42.314818585396944,8.322361361456016,42.740249534408336,17.5267721915036,0.329,12.614,NA,NA,24.203333333333332,NA,NA,15.133333333333332,12.254,NA,NA,NA,NA,NA,NA,NA,4.6333333333333336,62.966336533674696,62.355333333333336,59.537847209605576,59.245910465723928,59.9274717657734,59.457666666666672,46.028,25.751999999999996,43.091,105.758504018459,105.24833333333334,NA,NA,1.22,NA,307.5,236.1,162.30000000000002,151,68.5,13.1,25.4,8.8,12,9.2,38.4,37,200.5,58.641,31.91,22.555,4.177,49.746,28.428,21.319,-0.69999999999999992,12.3,13,-2.7,1590,309.28500000000004,140.93199999999998,256.96300000000004,17.541,643.275,287.306,348.17700000000004,-17.7,59.9,77.6
1950q4,319.89999999999996,321.60000000000004,308.75054618095668,2559.2,2578.3,2470.0043694476536,1660.9,62.221623943794296,39.696880487703832,59.03243327,5.301367,3.6111527435189304,1577.1911032129662,42.448165440063744,8.4207058259420784,43.02268752533404,17.6885555444779,0.329,12.839,NA,NA,24.693333333333336,NA,NA,15.333333333333336,12.45,NA,NA,NA,NA,NA,NA,NA,4.2333333333333336,62.8968124586088,62.260666666666664,59.609469378994576,59.30585146072196,60.205740108725696,59.643,46.781,25.799,43.49,105.514800104516,104.98233333333332,NA,NA,1.3366666666666666,NA,319.3,244.9,170.19999999999998,158.1,69.3,13.9,24.6,9.1,12.2,9.5,41.8,40.4,197.9,68.441,32.918999999999996,21.478,14.044,53.713,31.776,21.937,-0.2,13.5,13.7,-2.5,1542.1,348.58499999999996,140.719,244.991,56.183,688.73,322.945,348.305,-13,64.7,77.7
1951q1,336,337.5,324.1042412474922,2594,2612.4,2502.1619101071272,1690.7,62.203045068697808,40.225714148619392,59.04204195,5.308113,3.6703496093480448,1596.7555024513424,42.567060312175176,8.52063859975348,43.306991935374904,17.85795560691973,0.329,13.247,NA,NA,25.696666666666668,NA,NA,15.533333333333332,12.870999999999998,NA,NA,NA,NA,NA,NA,NA,3.5,62.704247903051592,62.081666666666664,59.569948739973264,59.29915275553448,60.4212243431112,59.899333333333336,47.579333333333336,25.827,44.221,105.261544166774,104.69233333333332,NA,NA,1.3666666666666666,NA,332.5,254.1,178.6,165.30000000000002,71.100000000000008,15,25.9,9.3,12.5,8.4,40.7,39.2,209.2,64.581999999999992,33.139000000000004,21.057,10.386,62.033,39.574,22.46,0.2,15,14.9,-1.7,1579.4,312.966,137.047,232.314,34.908,762.013,382.753,344.895,-9.7,68,77.7
1951q2,344.10000000000004,346,330.45820382383744,2638.9,2660,2534.281180095102,1699,62.189290916300384,40.7510866059874,59.05181407,5.314789,4.1281457135301736,1616.7436621513738,42.692367017721824,8.6201941007611584,43.593175098283576,18.028430050188288,0.329,13.353000000000002,NA,NA,25.946666666666668,NA,NA,15.766666666666668,12.945,NA,NA,NA,NA,NA,NA,NA,3.1,62.519454148194896,61.822333333333344,59.48134442516972,59.156353661648392,60.4399295178292,59.899,47.959,25.746999999999996,44.575,105.107668214943,104.50666666666668,NA,NA,1.49,NA,340.60000000000004,263.10000000000004,184.9,171,73.399999999999984,15.4,27.1,9.6,12.7,8.6,40.6,38.9,204.9,67.382999999999992,34.124000000000004,18.467,14.792,69.821,46.602,23.22,1.9,17.100000000000002,15.2,0.4,1534.7,320.221,138.697,201.274,50.756,863.552,459.172,350.71300000000004,-0.4,74.7,75.1
1951q3,351.39999999999996,353.39999999999996,335.08194935436836,2693.3,2715.2,2568.2305469439968,1720,62.204479812096584,41.286906581357928,59.06170033,5.3213334083557128,4.86986860291132,1637.4689793394536,42.840834649377256,8.7157683809379488,43.88124942931712,18.196260025829152,0.329,13.370999999999998,NA,NA,25.933333333333336,NA,NA,15.866666666666668,12.987000000000002,NA,NA,NA,NA,NA,NA,NA,3.1666666666666664,62.6567601149224,61.937666666666664,59.601691098297408,59.246304539135528,60.49784550917,59.954333333333336,48.009,26.319,44.148,105.125809285489,104.54266666666668,NA,NA,1.6033333333333332,NA,346.8,267.5,187.9,173.5,74.699999999999984,15.1,28.1,9.9,13,8.6,41.1,39.3,207.6,61.981,34.843000000000004,17.398,9.74,78.046,54.303,23.743,3.7,18.1,14.3,2.2,1552.6,296.64299999999996,140.32,188.574,33.468000000000004,958.43,533.50199999999992,352.45999999999996,7.7,76.5,68.8
1951q4,356.2,358.3,343.64529765565852,2699.2,2722.1,2604.063412218286,1726,62.259015808111072,41.826286175873496,59.07165252,5.3276824951171872,3.653389826658304,1658.9180516498418,43.019960416096472,8.803952766691872,44.171227425775664,18.357853632787328,0.329,13.547999999999998,NA,NA,26.316666666666668,NA,NA,16.133333333333332,13.158,NA,NA,NA,NA,NA,NA,NA,3.3666666666666668,62.918520063434104,62.225,59.729513293574256,59.405231670061096,60.673850782250296,60.114333333333336,48.155666666666672,26.398,44.17,105.339080454558,104.74666666666666,NA,NA,1.61,NA,353.89999999999996,272.10000000000004,191.5,176.6,75.7,15.7,28,10.1,13.2,8.7,42.4,40.4,211.6,57.084,34.642000000000004,17.722999999999998,4.719,83.314,59.311,24.003,4.2,18.2,14,2.7,1561.7,273.007,138.005,190.385,14.383,1009.059,574.231,351.949,8.8,75.8,67
1952q1,359.8,361.8,348.26955184654876,2728,2749.9,2640.576257469108,1746,62.35304949037216,42.34879094208272,59.08162421,5.333774,3.3107827234152508,1680.8750224707018,43.228856773318736,8.889681964100864,44.463121667544528,18.510947525475048,0.329,13.605999999999998,NA,NA,26.416666666666664,NA,NA,16.399999999999998,13.175,NA,NA,NA,NA,NA,NA,NA,3.0666666666666668,62.7082982961224,62.190666666666664,59.44736644386348,59.306398804793536,60.732791696546808,60.276666666666664,48.440666666666664,26.533,44.455,105.485410115414,104.86333333333332,NA,NA,1.5666666666666666,NA,356.10000000000004,274.3,196.1,181,73.8,13.7,28,10.4,13.5,8.2,40,38.1,213,58.132,35.131,18.269,4.732,84.998,60.899,24.098,3.7,18.7,15,3.5,1565.3,280.13,139.335,195.377,18.048,1039.017,597.80499999999992,352.887,5,79.8,74.8
1952q2,361,363,353.72476663082984,2733.8,2755.8,2678.7057258043288,1735.3,62.48418091526232,42.870142275483216,59.09157081,5.339555,2.0567497827380212,1703.5906979994496,43.46458371339676,8.9737387431677488,44.756944817639992,18.659358633987268,0.329,13.602999999999998,NA,NA,26.486666666666668,NA,NA,16.600000000000002,13.225000000000002,NA,NA,NA,NA,NA,NA,NA,2.9666666666666668,62.6855374446298,61.960333333333336,59.324403389671528,59.00609485112056,60.6947115993192,60.107666666666664,48.514666666666664,26.480000000000004,44.268,105.665685388997,105.00666666666668,NA,NA,1.6466666666666668,NA,358.60000000000004,278.3,197.4,182.1,76.1,14.5,28.4,10.7,13.8,8.7,38.1,36.2,217.1,53.004,35.765,18.763,-1.523,88.987,64.066999999999992,24.919,2,16.600000000000002,14.6,1.1,1595.9,259.01,141.54400000000002,198.998,-4.389,1074.374,621.341,360.388,-3.4,71,74.4
1952q3,367.7,369.7,362.47961831810608,2753.5,2775.2,2714.4074763092336,1739.3,62.646686224645192,43.32882774638104,59.1014491,5.344985485076904,1.4401862665041066,1725.1555364967374,43.697604216452248,9.0579668487911424,45.021567413869976,18.794795550848224,0.329,13.692000000000002,NA,NA,26.666666666666668,NA,NA,16.899999999999998,13.324999999999998,NA,NA,NA,NA,NA,NA,NA,3.2333333333333332,62.816856203927696,62.098666666666664,59.2617171754256,58.94920703228828,60.647152239470904,60.094,48.795666666666664,26.35,44.588,105.99904828606,105.34266666666668,NA,NA,1.7833333333333334,NA,366,285.3,201.5,186,78.499999999999984,16,28.8,10.9,14.2,8.6,38.1,36.2,219.6,57.22,32.892000000000004,18.754,5.574,90.931,66.178,24.753,0,15.2,15.3,-1.1,1603.6,272.895,130.52699999999998,197.071,19.996,1085.214,636.737,350.649,-13.5,65.400000000000008,78.9
1952q4,380.8,382.8,367.96897106728696,2843.9,2865.5,2748.0749916445836,1823.1,62.829056942080928,43.738918350754512,59.11121668,5.350040435791016,3.4869866596351608,1745.0803279286898,43.913948324518192,9.1441965651038192,45.25157743745456,18.918204366187184,0.329,13.715,NA,NA,26.696666666666668,NA,NA,16.933333333333334,13.372,NA,NA,NA,NA,NA,NA,NA,2.8333333333333336,63.178777446972296,62.361000000000008,59.401780498262024,58.996433403025464,61.233475918499304,60.611333333333336,49.859666666666664,26.908000000000004,45.771,106.358390130782,105.703,NA,NA,1.8933333333333332,NA,378.3,292,209.3,193.5,77.3,13,29.7,11.3,14.5,8.8,42.4,40.6,227.7,60.737,35.816000000000004,19.647,5.274,93.418,68.116,25.302,-1,15.3,16.3,-1.2,1660.2,292.55200000000004,142.103,207.712,20.051,1103.302,645.903,358.705,-20.1,65.900000000000008,86
1953q1,388,389.9,372.13899623585016,2896.8,2918.2,2778.3820729278628,1857.9,63.020499278665376,44.086957493661768,59.12083124,5.354713,4.262118166755524,1763.4213002847958,44.107268227862424,9.2293932228836,45.450697798452456,19.033247630040944,0.329,13.766,NA,NA,26.619999999999996,NA,NA,17,13.385,NA,NA,NA,NA,NA,NA,NA,2.7,63.6774591359936,63.538666666666664,59.684184512988112,59.564521773911304,61.941535812207296,61.831333333333344,50.318666666666664,27.143,46.241,106.690674683067,106.672,NA,NA,1.98,NA,385.1,296.39999999999996,213.1,197.1,77.9,13,29.9,11.6,15,8.4,43.3,41.5,231.2,61.663,37.791,19.982,3.89,95.764,69.659000000000008,26.105,-0.69999999999999992,15.1,15.8,-1.3,1679.7,298.84699999999996,149.793,211.063,16.203,1138.261,668.831,366.398,-19.1,64.8,83.9
1953q2,391.7,393.8,376.56986782747296,2919.2,2941.6,2806.4405365380624,1865.8,63.214568570263464,44.395470854454744,59.13025002,5.3590116500854496,4.0178817970265568,1780.0531486032192,44.275875083498368,9.314837063679,45.622651406922376,19.139597148885624,0.329,13.785999999999998,NA,NA,26.72,NA,NA,17.2,13.417000000000002,NA,NA,NA,NA,NA,NA,NA,2.5666666666666668,63.276596571618696,62.948333333333336,59.163449008754552,58.882680519091776,61.521392406808104,61.306333333333336,50.481333333333336,27.207000000000004,46.326,106.952176777685,106.90466666666668,NA,2.9966666666666664,2.1533333333333332,NA,388.5,300.2,216.2,200,78.8,12.4,29.9,11.9,15.4,9.2,42.5,40.6,233,62.115,38.465,20.073,3.577,97.925,71.95,25.976,-1.3,15.2,16.399999999999998,-1.8,1689.8,300.54700000000004,151.284,211.76,15.897,1161.607,688.062,365.737,-23,65.2,88.2
1953q3,391.2,393,381.60506120447712,2902.8,2923.3,2831.6031995510136,1855.3,63.410889111239872,44.654841451341496,59.13942942,5.362958,2.5143636107020972,1795.2571292922834,44.422825594968432,9.400299787520552,45.771161172923032,19.239219842019328,0.329,13.861,NA,NA,26.843333333333336,NA,NA,17.399999999999998,13.467,NA,NA,NA,NA,NA,NA,NA,2.7333333333333332,63.214456775743304,62.866666666666664,58.978861184103536,58.677302835239984,61.318831630654696,61.151333333333336,50.464333333333336,27.322000000000004,45.871,107.181548620307,107.13966666666668,NA,2.9166666666666668,1.9566666666666668,NA,387.6,300.10000000000004,216.5,200.1,78.300000000000016,11.7,29.5,12.2,15.9,9,41.3,39.6,233.7,61.435,39.614,19.49,2.331,96.622,69.968999999999992,26.653,-0.6,15.8,16.3,-1.2,1685.8,294.26100000000004,154.66300000000002,203.835,9.642,1149.285,671.477,375.412,-20.1,67.8,87.9
1953q4,386,387.8,385.37236977104528,2858.8,2879.3,2854.1516339416176,1819.9,63.61053626281432,44.869164789766248,59.14832478,5.36658239364624,0.1628633182310324,1809.2551314027032,44.552269566428608,9.4840768256086528,45.899950006513136,19.332897874175236,0.329,13.921,NA,NA,26.890000000000004,NA,NA,17.566666666666666,13.507,NA,NA,NA,NA,NA,NA,NA,3.7,63.260558701709696,62.870333333333336,58.83270791417352,58.48221760565564,60.748995032051304,60.536,49.950333333333344,27.226,45.155,107.526171996019,107.50333333333334,NA,2.6433333333333336,1.4733333333333334,NA,380.5,300.10000000000004,215.1,198.7,79.2,11.5,30,12.5,16.3,8.9,34,32.299999999999996,233.1,56.446,39.2,19.251,-2.0059999999999996,96.747,69.519000000000008,27.228,-0.3,15.2,15.5,-0.9,1674.4,272.998,153.25299999999998,202.179,-8.267,1146.434,663.00699999999992,384.384,-18.1,65.5,83.6
1954q1,385.3,387.3,389.39617331323384,2845.2,2866.9,2875.4476831321384,1799.1,63.812832755080608,45.060649386438704,59.15689036,5.369922,-1.0519295242120586,1822.1514957438516,44.667237258634568,9.5653292168038208,46.012740817751392,19.420587632841852,0.329,13.991000000000002,NA,NA,26.953333333333332,NA,NA,17.666666666666668,13.564000000000002,NA,NA,NA,NA,NA,NA,NA,5.2666666666666664,64.0193544393274,63.629333333333336,59.329830988904928,58.98340697710348,60.480220359247496,60.291,49.336,27.283,44.548,107.904157777391,107.87666666666666,NA,2.44,1.06,NA,382.6,300.10000000000004,213.1,196.4,81.600000000000016,12.9,29.8,12.8,16.7,9.4,36.5,34.700000000000004,235.2,55.717,38.332,19.351,-1.966,94.831,66.733999999999992,28.097,-0.4,14.4,14.8,-0.5,1680.6,271.041,149.208,204.392,-7.346,1116.653,629.82399999999992,398.087,-16.100000000000002,62.6,78.7
1954q2,386.1,388.1,392.38892074123456,2848.3,2869.9,2894.6940247274244,1798.1,64.015641702664352,45.218542652005408,59.16507957,5.3730144500732424,-1.6027263790615254,1834.0884704479008,44.769930975974088,9.6457784953399152,46.11325651669652,19.502973575878124,0.329,13.971999999999998,NA,NA,26.91,NA,NA,17.8,13.589,NA,NA,NA,NA,NA,NA,NA,5.8,63.931858111029408,63.650666666666664,59.071123424600856,58.839371277320184,60.184113757825296,59.961666666666664,49.013,27.473,44.214,108.228613922728,108.177,NA,2.3466666666666668,0.79,NA,383.6,299.8,212.7,196,81.1,11.7,30.4,13,17.100000000000002,8.9,37.8,36,237.9,55.449,38.159,20.668,-3.378,92.534,63.692,28.842,0.3,16.399999999999998,16.2,0.3,1702.4,270.402,147.877,217.719,-11.829,1078.8599999999998,598.388,399.621,-14.2,71.599999999999992,85.8
1954q3,391,393,395.4030608215592,2880.5,2902.4,2912.937382855502,1823.5,64.219616708673696,45.358996707653528,59.17284537,5.375902,-1.113562654879463,1845.504446370572,44.865490140336224,9.7279212101007936,46.206447032855424,19.582568555310212,0.329,13.926,NA,NA,26.839999999999996,NA,NA,17.866666666666668,13.577,NA,NA,NA,NA,NA,NA,NA,5.9666666666666664,63.8406395585696,63.739333333333336,58.83982723058728,58.776626809700928,60.0299158247342,59.926,48.849,27.968,44.043,108.499026192556,108.44333333333332,NA,2.3466666666666668,0.88333333333333328,1.03,387.6,301.8,213.2,196.3,82.1,11.8,30.5,13.1,17.399999999999998,9.3,39.9,38,240.3,58.971,38.879,22.183,-2.091,91.148,61.352,29.796,0.6,15.9,15.3,-0.1,1725.5,283.45100000000004,151.656,230.976,-9.423,1055.542,572.155,410.66,-11.3,69.3,80.6
1954q4,399.7,402.1,399.00264792283952,2936.9,2961,2931.776023729266,1866.9,64.426302384540008,45.505886807385464,59.18014085,5.378624,0.17477379681332116,1857.0778218918852,44.962064339527856,9.8146845793728592,46.299825878205472,19.663047896369448,0.329,13.912000000000002,NA,NA,26.756666666666668,NA,NA,17.966666666666666,13.595000000000002,NA,NA,NA,NA,NA,NA,NA,5.3333333333333328,63.929765087479696,63.669000000000008,58.747337230880856,58.52683249682864,60.461334104359304,60.247666666666664,49.151,28.283,44.588,108.821553624178,108.786,NA,2.4733333333333332,1.02,0.98666666666666672,396.8,307.2,217.5,200.4,82.6,10.7,31.3,13.3,17.8,9.5,43.6,41.4,245.1,62.139,38.89,23.565,-0.316,91.356,61.244,30.112,1.1,16.600000000000002,15.5,0.9,1761.7,295.882,151.44300000000002,245.432,-3.48,1049.2,565.838,412.536,-8.9,72.5,81.4
1955q1,413.1,415.5,403.45766429179936,3020.7,3045.4,2950.1926083907968,1934.1,64.636063626166304,45.643135470837752,59.18691985,5.38122,2.3899250309511676,1869.0142928677528,45.060456986621752,9.907509557033152,46.393393433342128,19.746221624078368,0.329,13.957,NA,NA,26.793333333333336,NA,NA,18.066666666666668,13.646,NA,NA,NA,NA,NA,NA,NA,4.7333333333333336,64.326472884521312,63.829333333333336,58.924388380449816,58.489084916812016,61.123872947829704,60.814666666666664,49.700666666666664,28.841,45.304,109.167824482441,109.13033333333332,NA,2.6466666666666664,1.2233333333333334,1.3433333333333332,409.6,313.5,221.9,204.1,85.100000000000016,10.9,32.700000000000004,13.3,18.2,10,48.8,46.6,251.4,68.702,39.48,25.419,3.804,91.869,60.72,31.149,1.1,17.3,16.2,0.5,1801.2,325.442,154.05099999999998,263.471,14.027,1049.83,554.94899999999992,429.734,-11,75.2,86.2
1955q2,421.5,423.9,407.77754206244448,3069.9,3094.4,2969.955578594302,1966.3,64.846477837620912,45.799797886189464,59.19313777,5.383725,3.3651823658925604,1881.3643091498392,45.159294371020128,10.007044689382678,46.487150079629952,19.833197194529328,0.329,13.971,NA,NA,26.756666666666668,NA,NA,18.166666666666668,13.722000000000002,NA,NA,NA,NA,NA,NA,NA,4.4,64.8447041030736,64.475666666666672,59.169748917228744,58.863789215492344,61.903299880351696,61.643333333333336,50.516666666666664,28.940000000000004,45.898,109.590973917742,109.53366666666668,NA,2.7633333333333332,1.4833333333333334,1.5,419.7,321.10000000000004,228.1,209.9,86.5,11.3,33,13.4,18.6,10.2,50.1,47.9,256.5,72.688,42.063,26.005,4.62,92.533,60.849,31.684,-0.2,16.899999999999998,17.100000000000002,-0.2,1835.7,345.235,163.232,267.26299999999996,20.699,1039.546,543.162,435.296,-17.7,73.4,91.1
1955q3,430.2,432.7,413.31183303864824,3111.4,3136.1,2989.2571764678064,1994.1,65.0527504636586,45.951280386487896,59.19875239,5.386171,4.0860593893939032,1894.0715081684904,45.255225997730536,10.112427709240868,46.581096199204216,19.924829305682656,0.329,14.026,NA,NA,26.776666666666664,NA,NA,18.266666666666664,13.816,NA,NA,NA,NA,NA,NA,NA,4.1,65.742606891074304,65.451333333333336,59.793098892403728,59.56420578126564,62.8825337036904,62.753333333333336,51.121333333333336,29.045000000000004,46.379,109.950158310705,109.88366666666668,NA,2.9466666666666668,1.8566666666666668,1.94,428.2,328.5,233.9,215.2,87.8,10.7,33.9,13.4,19,10.8,50.2,47.8,260.7,74.747,44.826,25.626,4.295,94.099,61.923,32.176,0.69999999999999992,18.1,17.399999999999998,0.8,1858.4,350.533,171.322,261.567,18.889,1046.213,548.898,434.678,-14.4,78.2,92.6
1955q4,437.1,439.6,420.21802064855072,3130.1,3155.3,3009.2071069138152,2010.8,65.252488873090072,46.116357534904744,59.20372473,5.388586,4.0174334564220256,1907.030643864896,45.346586345212064,10.223074563968894,46.675232174972464,20.020736456019164,0.329,14.063999999999998,NA,NA,26.856666666666668,NA,NA,18.5,13.907999999999998,NA,NA,NA,NA,NA,NA,NA,4.2333333333333336,66.505185304528312,66.101,60.331360115578848,59.990379903072976,63.503157112468896,63.310666666666664,51.608666666666664,28.941,46.937,110.23319410854,110.186,NA,2.91,2.3366666666666668,2.3566666666666668,435.8,333.60000000000004,238.4,219.5,88.4,10,34.5,13.5,19.5,10.9,51.6,49,264.60000000000004,78.882,47.085,24.565,7.233,93.331,60.57,32.762,0.2,18.3,18.1,0.4,1881.7,358.661,176.43100000000002,250.594,26.017,1025.47,530.641,437.278,-17.399999999999998,78.6,96
1956q1,439.7,442.6,427.21114074214992,3117.9,3145.3,3029.3418597224228,1998.7,65.44707752574992,46.286892772722192,59.20801986,5.39099645614624,2.9233458743970208,1920.2276764872256,45.434339465226488,10.336438382355188,46.769558390616048,20.120347757856644,0.329,14.122000000000002,NA,NA,26.86,NA,NA,18.666666666666668,14.045,NA,NA,NA,NA,NA,NA,NA,4.0333333333333336,66.479822568207712,66.239333333333336,60.144872562063968,59.95414089606276,63.7245387152488,63.560666666666664,52.145333333333336,28.592000000000004,47.224,110.532818071244,110.48333333333334,NA,2.9,2.3266666666666668,2.4833333333333332,440.5,339,242.8,223.3,89.800000000000016,10.2,34.700000000000004,13.6,20.1,11.2,49.4,46.7,266.2,78.303,47.772,24.132,6.398,94.848,60.989,33.859,0.4,19.4,18.9,0.9,1884.8,348.42,174.275,244.186,21.944,1025.219,527.375,441.86,-17.7,82.3,100
1956q2,446,448.8,432.59323820053496,3143.7,3170.9,3049.2003653161924,2013,65.639338510481608,46.453855789989128,59.21160781,5.39343,3.0991612016945336,1933.6120665996108,45.522378933476112,10.45052352560826,46.864075230591696,20.221407185623548,0.329,14.217000000000002,NA,NA,27.036666666666664,NA,NA,18.8,14.177000000000002,NA,NA,NA,NA,NA,NA,NA,4.2,66.968761592493696,66.562666666666672,60.412877678393416,60.081296654561432,64.0528614442496,63.765,52.489000000000008,28.733000000000004,47.325,110.851798765489,110.78766666666666,NA,3.0833333333333336,2.5666666666666668,2.6933333333333332,447.7,344.8,247.5,227.5,90.7,10.4,34.9,13.6,20.6,11.2,49.6,46.9,268.8,77.02,49.062,24.374,3.585,98.247,63.516,34.731,1.9,20.9,19,2.2,1891.1,345.678,177.38900000000002,242.924,15.246,1045.932,540.23800000000008,447.4,-11.6,87.9,99.5
1956q3,451.2,454.1,441.01775367558304,3140.9,3168.6,3070.0191988467176,2004.5,65.830674718458968,46.635086332874576,59.21446426,5.395917,2.308806445898104,1947.152964017788,45.613942449855912,10.564135562655238,46.958783080133104,20.322139870914316,0.329,14.356,NA,NA,27.316666666666668,NA,NA,19,14.334,NA,NA,NA,NA,NA,NA,NA,4.1333333333333328,67.0701844257116,66.713000000000008,60.320177623441928,60.040499190016208,64.119441262829792,63.950333333333344,52.396666666666672,28.729,47.133,111.190296627453,111.11333333333332,NA,3.2733333333333336,2.5833333333333336,2.81,453.8,350.10000000000004,250.4,230,92.6,10.9,35.5,13.7,21.3,11.2,49.3,46.4,272.10000000000004,78.267,50.746,23.952,3.569,98.279,62.796,35.482999999999996,2.6,21.8,19.3,3,1895.4,342.58300000000004,179.172,238.335,11.829,1036.749,531.42600000000008,449.574,-9.6,90.8,100.4
1956q4,460.5,463,445.98594921086752,3192.6,3217.7,3091.9755514671348,2037.2,66.023081612689864,46.831736355560328,59.21657129,5.398493,3.2543740032200176,1961.6608587638524,45.706453357759352,10.676953311121982,47.07662410814504,20.432117618639276,0.329,14.44,NA,NA,27.55,NA,NA,19.133333333333332,14.422,NA,NA,NA,NA,NA,NA,NA,4.1333333333333328,67.066921651787608,66.634333333333328,60.155307132779144,59.798739429183376,64.063743545095608,63.893666666666672,52.842333333333336,29.037000000000004,47.395,111.489617206596,111.431,NA,3.4733333333333332,3.0333333333333332,2.9266666666666668,463.6,357.8,256.39999999999996,235.4,94.199999999999984,10.9,35.799999999999996,13.8,22.1,11.6,50.2,47.3,277.39999999999996,77.145,51.41,23.491,2.2440000000000004,101.345,65.158,36.187,4.5,23.1,18.5,4.5,1921.5,339.406,179.198,234.783,10.471,1063.129,549.55600000000008,454.135,-0.9,94.9,95.8
1957q1,469.8,472.9,455.56502535265272,3213,3241.6,3115.645863044004,2062.5,66.219069564408088,47.050583518295528,59.217918,5.401198387145996,3.1246855783821468,1977.3717080707192,45.802472949152864,10.78694252797219,47.221561913686824,20.552580859651192,0.329,14.57,NA,NA,27.776666666666668,28.6,NA,19.333333333333332,14.587,NA,NA,NA,NA,NA,NA,NA,3.9333333333333336,67.014101838300608,66.739999999999992,59.952608208092928,59.738454056408704,64.338912524193304,64.097666666666672,53.046666666666664,29.369,47.44,111.778459421978,111.72033333333332,NA,3.4033333333333332,3.0966666666666668,2.9333333333333332,471.1,362.4,260.2,238.3,95.299999999999984,9.9,37,13.9,22.9,11.6,51.7,48.6,281.89999999999996,77.728,52.465,23.101,2.162,105.342,67.891999999999992,37.45,4.8,24.9,20.1,5.6,1934.8,334.137,180.13,231.564,5.663,1085.921,560.343,465.365,-2.4,101,103.4
1957q2,472,475.4,462.43081438557104,3206,3236.3,3141.0025231358912,2049.9,66.422188833720112,47.288452522981584,59.21850096,5.404080390930176,2.0693226568699872,1994.2046791693796,45.906809020457224,10.890181168880514,47.390829297694,20.680431745083976,0.329,14.662,NA,NA,28.013333333333336,28.833333333333332,NA,19.6,14.69,NA,NA,NA,NA,NA,NA,NA,4.1,67.135843092667304,66.798,59.879145769755208,59.616940762072504,64.340513433158096,64.076000000000008,53.151666666666664,29.253,47.339,112.118905888897,112.04533333333334,NA,3.6266666666666664,3.14,3,474,367.1,262.10000000000004,239.6,97.100000000000016,10.5,37.2,14,23.6,11.8,50.3,47,284.2,77.907,52.64,22.61,2.657,105.842,67.524,38.318,4.1,24.4,20.3,4.8,1938.2,333.798,179.784,226.085,8.145,1080.3030000000002,553.316,469.137,-6.2,98,104.2
1957q3,479.5,482.7,469.16337057213912,3237.4,3266.7,3167.6110446094748,2068.7,66.63151878891972,47.539229214391296,59.21832464,5.4071846008300784,2.2032046993045284,2011.8108596287792,46.018976275833904,10.985724573444786,47.581659061102048,20.812160728894104,0.329,14.780999999999998,NA,NA,28.263333333333336,29.033333333333332,NA,19.766666666666664,14.803,NA,NA,NA,NA,NA,NA,NA,4.2333333333333336,67.320628851894496,67.035333333333328,59.830912683074656,59.623708833888736,64.305705907993496,64.206666666666664,53.061666666666664,29.664,47.111,112.518137920598,112.43066666666666,NA,3.9266666666666664,3.3533333333333336,3.2333333333333332,478.8,371.7,264.7,241.8,98.800000000000016,11,37.8,14.1,24,11.9,49.3,46.1,288.8,79.339,54.066,22.464,2.808,107.405,68.355,39.05,4,23.8,19.8,4.9,1953.5,341.45100000000004,183.403,223.105,11.901,1089.494,556.22799999999992,475.808,-6.9,95.3,102.2
1957q4,474.9,477.4,473.6406269861296,3203.9,3228.3,3195.4036740384524,2032.7,66.844685646748576,47.803406405784808,59.21740174,5.410558,0.26589210091287896,2029.9727350469712,46.136908870777368,11.07474396399527,47.791284004846488,20.946365981063956,0.329,14.858000000000002,NA,NA,28.4,29.266666666666664,NA,20,14.89,NA,NA,NA,NA,NA,NA,NA,4.9333333333333336,67.552149047133808,67.195666666666664,59.81472908256256,59.535967536629088,63.999028905752504,63.879,52.568333333333336,29.762,46.139,112.935643249159,112.86566666666666,NA,3.6333333333333336,3.31,3.2533333333333336,473.7,370.8,263.3,240.1,98,10.7,37,14.3,24.3,11.7,45.3,42.4,290.39999999999996,71.045,53.215,22.349,-4.518,110.062,70.043000000000008,40.019,3.4,23,19.6,3.6,1954.3,315.195,179.172,222.811,-11.091,1107.405,562.78599999999992,487.55,-10,92.5,102.5
1958q1,467.5,470.2,482.8680064068064,3120.7,3145.5,3223.2859627673168,1959.9,67.058436546703816,48.066822442578312,59.21575328,5.4142403602600096,-3.1826516155346928,2048.5783061433044,46.257941541414,11.16005716502562,48.016936929862808,21.08304048752788,0.329,15.041000000000002,NA,NA,28.736666666666664,29.4,NA,20.233333333333336,15.015,NA,NA,NA,NA,NA,NA,NA,6.3,67.783669876309688,67.173,59.825426193530808,59.32106597116944,63.284220436372504,62.949666666666664,51.650333333333336,29.353,45.106,113.302443775385,113.23633333333334,NA,3.04,1.7566666666666666,1.8633333333333332,468.1,371.3,259.8,236.7,100.69999999999998,13.3,36.9,14.6,24.3,11.6,39.5,36.9,289.89999999999996,66.73,49.369,21.37,-4.009,109.843,68.738,41.106,1.1,20.5,19.5,1.5,1927.3,293.932,167.78200000000002,214.051,-13.882,1097.821,546.1,501.36,-20.7,83.3,104
1958q2,472,474.7,488.66158154685176,3141.2,3166.4,3252.0842371927344,1968,67.274204924813464,48.340730906107424,59.21340875,5.418266,-3.409636070449762,2067.7056370364144,46.382583586643232,11.243727513008728,48.255850637086528,21.222705727131272,0.329,15.069000000000002,NA,NA,28.93,29.533333333333336,NA,20.5,15.079,NA,NA,NA,NA,NA,NA,NA,7.3666666666666672,67.958695947133704,67.738666666666672,59.814866564637536,59.664822839962896,62.908073475217696,62.745000000000008,50.951666666666664,29.914,44.444,113.615059014962,113.532,NA,2.9233333333333332,0.95666666666666672,0.94,470.9,373.7,259.39999999999996,236.3,101.7,13,37.3,14.8,24.9,11.7,40.6,38.1,292.8,65.065,47.83,21.469,-4.235,113.624,71.549000000000008,42.075,0.5,20.5,20.1,0.8,1943.2,288.01,161.609,214.817,-12.101,1125.194,563.28,508.413,-24.8,83.7,108.5
1958q3,485.8,488.4,495.99312409171576,3213.9,3238.5,3281.3345029196484,2029.1,67.495329160541528,48.615727098904944,59.210406,5.422658443450928,-2.0550938302586032,2087.4193432893364,46.512470163321768,11.327063445438296,48.505257927453176,21.365215393212024,0.329,15.079999999999998,NA,NA,28.913333333333332,29.633333333333332,NA,20.766666666666664,15.115,NA,NA,NA,NA,NA,NA,NA,7.3333333333333328,67.962300941478304,67.95433333333332,59.644560587619976,59.689523012013256,62.969325360806896,62.979333333333336,51.259333333333336,30.476,44.977,113.945513676204,113.84633333333334,NA,3.5,1.68,1.3233333333333332,484.8,382.6,267.2,243.8,102.6,12.1,38,14.9,25.9,11.7,44.8,42.3,297.89999999999996,71.998999999999992,47.435,23.017,1.547,115.093,71.885000000000008,43.208,0.9,20.6,19.7,1,1975.5,310.11399999999996,159.905,230.302,6.134,1131.6489999999998,561.36800000000008,519.239,-23,83.9,106.9
1958q4,499.6,502.1,503.12921567003672,3289,3313.5,3312.2337676916544,2094.5,67.726303139534024,48.906165169942616,59.20679108,5.427429,-0.70145313770672016,2107.736517597444,46.650447188528416,11.411119957300934,48.761509982696296,21.509359838261044,0.329,15.073999999999998,NA,NA,28.943333333333332,29.799999999999996,NA,21.033333333333336,15.134,NA,NA,NA,NA,NA,NA,NA,6.3666666666666672,68.077201941887704,67.81433333333332,59.526693977169008,59.338777891206064,63.632562583807496,63.498000000000008,51.838,30.996000000000004,45.648,114.364157310665,114.28333333333334,NA,3.8,2.69,2.1633333333333332,498.4,388.2,272.3,248.4,103.80000000000002,11.2,38.7,15,27.5,11.4,50.6,48.1,301.8,80.001,49.332,25.434,5.235,117.992,73.912,44.08,-0.3,20.6,20.8,-0.1,2002.3,336.555,165.893,254.27,16.137,1154.467,573.611,528.275,-28.9,83.6,112.5
1959q1,510.3,512.9,509.02878433713816,3352.1,3376.6,3343.7495355213024,2137.8,67.967954854109064,49.195970993956616,59.202618,5.4325766563415528,0.249733551810305,2128.4708711368504,46.795816138192464,11.500819372615928,49.019115811089424,21.653477923045808,0.329,15.177,15.515,6.3797664717208592,28.993333333333332,29.933333333333332,NA,21.2,15.204999999999998,NA,NA,NA,NA,NA,NA,NA,5.8333333333333328,68.326150172794912,67.884333333333328,59.523755687278944,59.176853807864744,64.2034354703524,63.939666666666664,52.726666666666664,31.034,46.533,114.788036110761,114.71433333333332,NA,3.99,2.7733333333333336,2.57,510.1,394,279.7,254,103.9,10.9,39.2,15,26.7,12.1,54.3,51.8,309.39999999999996,83.166,50.942,28.348,3.876,117.195,72.367,44.829,0.5,21.9,21.4,-1.4,2039,354.894,171.082,282.973,13.08,1142.671,562.179,531.365,-25.7,89.7,115.4
1959q2,522.70000000000008,525.29999999999992,514.90483986041144,3427.7,3452.2,3376.5818243534192,2199.3,68.220851892723728,49.494864556412216,59.19794831,5.4380855560302736,1.5139030624963246,2149.864765057216,46.946417650678352,11.60023819336289,49.278082564582,21.800962116305228,0.329,15.238999999999998,15.598,6.4294555331548112,29.043333333333332,30.099999999999996,NA,21.4,15.249000000000002,NA,NA,NA,NA,NA,NA,NA,5.1,68.5314810719988,68.265,59.47206435691032,59.28920695854576,64.928435881617304,64.772000000000008,53.517333333333344,31.336,47.413,115.233062468994,115.139,NA,4.2566666666666672,3,3.0833333333333336,524.9,402.4,286.5,260.60000000000004,105.9,9.9,40.5,15.4,27.6,12.5,59.1,56.5,315.5,89.381,52.735,29.358,7.288,118.535,73.58,44.955,-0.8,21.8,22.5,-2.9,2070.5,382.5,176.005,292.856,33.118000000000004,1156.74,572.59799999999992,532.58000000000008,-32.1,89,121.1
1959q3,525,527.9,522.11770498916608,3430.1,3456.1,3411.2684569206448,2195.9,68.483436584552592,49.811584042061712,59.19285068,5.4439270000000008,0.55203931666973904,2172.1126056529824,47.105995781051264,11.706036109145204,49.534328354270584,21.951950944101772,0.329,15.331,15.702,6.4875536326071096,29.193333333333332,30.233333333333336,NA,21.6,15.314,NA,NA,NA,NA,NA,NA,NA,5.2666666666666664,68.734226009621896,68.505333333333328,59.427413172078128,59.285969791029616,64.928673722789792,64.875,53.522666666666664,31.379,47.274,115.66080759833,115.55066666666668,NA,4.5033333333333328,3.54,3.5766666666666668,522.6,404.7,286.89999999999996,260.89999999999996,107.6,9.4,41,15.8,28.6,12.8,54.2,51.4,320.7,83.606,54.421,28.801,0.384,119.492,74.532,44.96,1.2,24.1,22.9,0,2092.1,357.798,180.742,287.377,3.92,1166.589,580.258,532.87800000000008,-24.6,97.6,122.2
1959q4,528.6,531.6,529.61754201686088,3439.8,3467.1,3446.421530513806,2189.3,68.754238985442128,50.126677007413952,59.18740034,5.450064,-0.19212770275429668,2194.9410913425264,47.273337073397096,11.814744804654386,49.787026844918904,22.104138069689336,0.329,15.414999999999998,15.793,6.5979119480624832,29.37,30.433333333333332,NA,21.766666666666664,15.373000000000002,NA,NA,NA,NA,NA,NA,NA,5.6,69.068298637776888,68.782666666666672,59.537906482053632,59.337347665303632,65.0594582100336,64.927333333333336,53.722,31.277,47.287,116.007267838005,115.918,NA,4.5833333333333336,4.2300000000000008,3.99,528.20000000000008,410.4,290.2,263.89999999999996,109.19999999999998,10.1,40.5,16,29.6,13,54.5,51.5,322.8,86.524,54.398,28.006,4.12,118.608,73.836,44.772,0.6,23.1,22.5,-0.8,2094.5,369.442,180.236,279.235,19.404,1157.052,574.485,530.129,-26.4,92.7,119.1
1960q1,542.6,545.6,537.25196325996016,3517.2,3543.8,3482.533367449192,2254.4,69.029106586290536,50.450216432916104,59.18167853,5.4564523696899416,0.99544294032707376,2218.0071131477076,47.44348737890728,11.921525237708836,50.036681724972272,22.2563173992243,0.329,15.435000000000002,15.842,6.6368037756111976,29.396666666666672,30.566666666666664,NA,22,15.402,NA,NA,NA,NA,NA,NA,NA,5.1333333333333336,69.036274992865384,68.77,59.110463271411344,58.925006354909552,65.407753176828704,65.213333333333336,54.413666666666664,32.006999999999996,47.584,116.791970781685,116.70766666666666,NA,4.4866666666666664,3.8733333333333328,3.9333333333333336,542.1,416.7,298.7,270.7,109.7,9.6,40.1,16.2,30.6,13.2,58.6,55.5,326.39999999999996,96.476,56.322,28.954,11.2,116.951,70.980999999999992,45.97,2.9,26.1,23.3,1.9,2114.5,406.581,186.49,287.81,48.436,1137.363,552.898,539.016,-18.9,104.7,123.6
1960q2,541.1,544.1,544.17971734205904,3498.2,3525.3,3518.1103071631688,2223.2,69.295691648009752,50.769538819722752,59.17577177,5.463051,-0.56593754671733224,2240.7529685729452,47.607540772439616,12.024216660579838,50.283796682876,22.407077114409288,0.329,15.515,15.902,6.7894068645689032,29.573333333333336,30.633333333333332,NA,22.2,15.457,NA,NA,NA,NA,NA,NA,NA,5.2333333333333336,69.9654469627948,69.713000000000008,59.72415326871436,59.565093560422664,66.162171058133,66.06133333333332,54.545333333333336,31.507999999999996,47.663,117.147658248083,117.03666666666668,NA,4.26,2.9933333333333332,3.6966666666666664,543.4,421.7,301.7,273.39999999999996,111.2,10.6,40.1,16.399999999999998,30.9,13.2,54.8,51.6,332.2,87.096,57.188,26.684,3.224,118.38,71.066,47.314,3.4,26.9,23.5,1.7,2141.2,368.686,189.231,264.245,13.84,1150.17,554.215,552.463,-16.8,107.7,124.5
1960q3,545.6,548.79999999999992,551.53188953323424,3515.4,3543.4,3553.620242787998,2223.9,69.549840023866648,51.094585430657224,59.16977124,5.469829559326172,-1.0755297464765668,2262.9714161871584,47.762666804737344,12.126394010100472,50.528875407075432,22.55576064432722,0.329,15.573999999999998,15.964999999999998,6.8935119387155704,29.59,30.599999999999996,NA,22.333333333333332,15.524,NA,NA,NA,NA,NA,NA,NA,5.5333333333333336,70.1917615220936,69.912333333333336,59.710917030390432,59.544960296167592,66.140115731791792,66.023666666666672,54.268333333333336,31.696,47.397,117.552643658728,117.411,NA,3.8333333333333328,2.36,2.9366666666666664,545.29999999999992,424.4,302.60000000000004,274,112.2,11,39.9,16.5,31.3,13.5,53.8,50.7,332.10000000000004,86.377,56.165,25.892,4.32,122.419,74.161,48.258,4.7,27.6,22.9,4.2,2132.6,367.749,185.904,256.351,19.572,1178.324,571.307,560.689,-10.9,110,120.9
1960q4,540.20000000000008,543.6,558.58417182340728,3470.3,3499.5,3588.4017983686972,2174.4,69.79033510402928,51.416887352952752,59.16377211,5.47677,-3.2912088724954548,2284.8723491199948,47.90803709820936,12.229308467441886,50.772421586015904,22.704949546172924,0.329,15.642,16.017,6.944240065811524,29.78,30.766666666666664,NA,22.5,15.592,NA,NA,NA,NA,NA,NA,NA,6.2666666666666664,70.532888341984704,70.239333333333336,59.793295743869424,59.613605565347288,66.014226923585696,65.839666666666672,53.948333333333336,31.277,46.964,117.961198600123,117.82433333333332,NA,3.8866666666666664,2.3066666666666668,2.2966666666666668,543.9,425.8,302.10000000000004,273.3,113,11.3,39.7,16.7,31.8,13.5,51.5,48.3,334,75.963,55.882,25.893,-5.812,124.33,75.291,49.039,5.9,27.6,21.7,4.9,2135.4,327.01,185.479,256.081,-22.782,1186.511,573.55999999999992,567.167,-4.6,110.6,115.2
1961q1,545,548.6,565.20545544009136,3493.7,3524.3,3623.2262379285272,2189.9,70.016213522909736,51.748388774879768,59.15787282,5.483875,-3.5748868390448664,2306.5289535406,48.043030148865784,12.33056073439189,51.014938908142696,22.855750986364624,0.329,15.671,16.044,6.9174175190987936,29.84,30.833333333333336,NA,22.666666666666668,15.61,NA,NA,NA,NA,NA,NA,NA,6.8,71.043413409812896,70.523333333333328,59.9996000906276,59.636997093834464,65.965223823379208,65.738,53.633,31.681000000000004,46.693,118.406478214028,118.25433333333334,NA,3.7866666666666664,2.35,2.0033333333333336,546.20000000000008,430.2,303.10000000000004,273.8,114.99999999999998,11.5,40.8,16.899999999999998,32.200000000000004,13.6,50.2,46.9,334.5,78.378,55.012,25.914,-2.548,126.218,75.281,50.936,5.9,27.6,21.7,5.4,2134.6,335.496,182.818,257.125,-10.386,1204.136,575.49800000000008,585.47400000000008,-4.7,109.9,114.6
1961q2,555.5,558.9,571.71590746340736,3553,3582.5,3656.7175863501104,2242.3,70.227630622472152,52.069499624838496,59.1521744,5.491165,-2.8363575775517848,2327.8172596436536,48.167930872138824,12.434131659435834,51.256931061901152,23.006887527846848,0.329,15.67,16.097000000000002,6.9077797766924976,29.83,30.933333333333332,NA,22.833333333333332,15.641,NA,NA,NA,NA,NA,NA,NA,7,70.733665280303696,70.532333333333328,59.52625990416632,59.452723737595104,65.670037213724496,65.605333333333336,53.796666666666664,32.514000000000004,46.586,118.827665964871,118.636,NA,3.79,2.3033333333333332,1.7333333333333334,556.70000000000008,436.4,307.3,277.60000000000004,116.29999999999998,10.9,41.8,17.100000000000002,32.9,13.6,54.5,51.3,339.5,84.108,56.198,26.118,1.792,127.254,76.174,51.08,4.7,26.6,21.9,3.2,2166.4,359.004,186.916,258.147,8.962,1207.172,580.587,581.467,-11.3,104.7,116
1961q3,567.70000000000008,571.20000000000008,578.65464484029712,3621.3,3651.3,3691.178554448068,2294,70.426897872302288,52.411488592624008,59.14677976,5.498675346374512,-1.8931231154846184,2349.0529968964044,48.28411066346928,12.540529943551626,51.499067243466512,23.160906574398828,0.329,15.726,16.167000000000002,6.8968687946417768,29.946666666666672,31.066666666666664,NA,23,15.674,NA,NA,NA,NA,NA,NA,NA,6.7666666666666664,70.642801173093208,70.429,59.255417211824992,59.183702052089336,65.7594868680888,65.667,54.269666666666664,33.067,46.862,119.217456389786,119.00066666666668,NA,3.98,2.3033333333333332,1.6833333333333334,567.1,443.4,312.3,282.3,118.3,11,42.3,17.3,33.799999999999996,13.9,57.2,53.9,342.3,90.917,56.712,27.55,6.656,129.96100000000002,78.136,51.825,4.5,27.8,23.3,4.3,2176.9,386.914,188.725,272.23200000000004,29.74,1232.997,598.071,586.347,-14.2,109.5,123.7
1961q4,580.6,584.20000000000008,585.85150614687696,3692.3,3723,3725.6967208854872,2342.8,70.622338867659296,52.755215709680048,59.14179306,5.5064554214477536,-0.8963886056068904,2370.472862231634,48.396574360034144,12.653320383300108,51.742347268980536,23.317787595274016,0.329,15.743000000000002,16.206,6.9257450020924056,29.99,31.166666666666672,NA,23.133333333333332,15.71,NA,NA,NA,NA,NA,NA,NA,6.2,70.6720176205514,70.315,59.188632376971032,58.994208110882096,66.209741039815992,65.966666666666672,54.712,33.351,47.455,119.401335666016,119.18966666666666,NA,3.9733333333333328,2.46,2.4,582.4,452.3,318.89999999999996,288.39999999999996,121.3,11.5,43,17.5,34.799999999999996,14.5,61.8,58.5,349.60000000000004,92.931,58.473,28.462,5.9960000000000008,133.516,79.925,53.591,4.6,28.4,23.9,3.9,2220.7,393.316,194.473,281.495,24.675,1260.059,609.213,602.139,-15.3,111.3,126.6
1962q1,594,597.6,594.52589146381648,3758.1,3788.8,3761.4271931147616,2390,70.830832102972128,53.104376744388536,59.13731904,5.514559,-0.088455603257520112,2392.699276511678,48.51746473861264,12.771586371243088,51.986776541927232,23.477778217122548,0.329,15.811,16.265999999999998,6.9493790333303768,30.106666666666664,31.233333333333336,NA,23.3,15.787999999999998,NA,NA,NA,NA,NA,NA,NA,5.6333333333333328,70.700561649115896,70.337333333333336,59.108829289409824,58.919516608215872,66.583570367256296,66.37966666666668,55.118,33.896,47.631,119.610830562978,119.37866666666668,NA,4.0166666666666664,2.7233333333333336,2.4566666666666664,592.5,459.3,325.5,293.3,122.79999999999998,11.9,43.5,17.7,35.1,14.6,62.6,59.2,354.8,98.074,59.656,29.01,9.408,137.107,83.331,53.776,4,28.3,24.3,3.1,2244.2,414.522,198.358,286.402,38.993,1284.377,631.85,597.749,-19.9,110.6,130.5
1962q2,600.4,604.4,601.45410355993272,3792.1,3825.3,3798.7576717348792,2408.7,71.069933106474512,53.45098138820128,59.13346256,5.523042,-0.17525918498082494,2416.0934036281768,48.659116404841232,12.893763497297468,52.23236049131648,23.63831292950646,0.329,15.867,16.328,6.9969382251327528,30.219999999999996,31.366666666666664,NA,23.466666666666664,15.831000000000002,NA,NA,NA,NA,NA,NA,NA,5.5333333333333336,70.920206907371904,70.44766666666668,59.1144739403342,58.794907889099712,66.920172304861592,66.576666666666664,55.624666666666664,33.761000000000004,48.197,119.970968495725,119.81933333333334,NA,3.8733333333333336,2.7166666666666668,2.6066666666666664,600.1,466.8,331.39999999999996,298.7,124.5,11.1,43.9,18,36.5,15,62.5,58.9,360.5,96.706,61.356,29.906,5.444,138.42599999999998,84.127,54.299,4.8,29.7,24.9,3.7,2271.8,411.253,203.734,295.27,24.493,1290.924,634.394,601.798,-16.3,117,133.30000000000002
1962q3,609,613.1,608.8555075526568,3838.8,3872.3,3837.88919933192,2443.8,71.34649241726548,53.792261809960696,59.13032799,5.5319504737854,0.023731812482719052,2440.7289938386472,48.826164364613168,13.018374552019424,52.479104571804608,23.79764204999036,0.329,15.909999999999998,16.382000000000002,7.0286615859483456,30.306666666666672,31.466666666666664,NA,23.6,15.869,NA,NA,NA,NA,NA,NA,NA,5.5666666666666664,71.265320842024592,70.812,59.123534139991608,58.829589259603888,67.176523217491704,66.881,55.854,34.323,48.098,120.536300609642,120.368,NA,3.99,2.84,2.8466666666666668,607.4,471.5,334.2,301.2,126.1,10.7,44.2,18.2,37.8,15.2,64.2,60.5,364.3,98.16,62.101,29.871,6.188,142.052,87.019,55.033,4.5,29.6,25.1,4.8,2290.1,418.241,206.262,295.038,28.725,1320.783,653.436,609.256,-18.2,116.8,135
1962q4,612.29999999999992,617,616.59305363214456,3851.4,3889,3878.4035387209568,2446.7,71.654429233424024,54.126501044150832,59.12801891,5.541324,-0.69625397283600288,2466.3904338839084,49.014392298649192,13.14602878532915,52.727014263815616,23.95549676216086,0.329,15.958,16.413,7.0657045612279504,30.380000000000004,31.533333333333336,NA,23.733333333333336,15.906999999999998,NA,NA,NA,NA,NA,NA,NA,5.5333333333333336,71.4705629922974,70.880666666666672,58.966136078182112,58.556963349920272,67.378381005140296,66.969333333333328,56.041666666666664,34.575000000000004,47.803,121.206115485566,121.04566666666668,NA,3.9033333333333336,2.8133333333333336,2.9233333333333332,615.79999999999992,477.8,337.7,304.2,128.29999999999998,11.3,44.5,18.3,38.8,15.4,66.900000000000008,62.5,370.6,94.968,61.819,29.785,3.364,143.56200000000002,87.596,55.966,3.1,28.7,25.6,3.6,2322.5,406.004,205.49,294.574,17.055,1329.9369999999998,656.5,615.586,-23.7,113,136.69999999999998
1963q1,621.70000000000008,626.20000000000008,625.88899776144456,3893.5,3929.6,3919.734297545736,2468.7,71.980323283543624,54.45563618970128,59.12663761,5.551188,-0.66928764947568056,2492.8182228834968,49.214580128652816,13.27522716928,52.97609507366284,24.113697185181824,0.329,16.004000000000002,16.466999999999998,7.0966780070014568,30.476666666666672,31.6,NA,23.9,15.985,NA,NA,NA,NA,NA,NA,NA,5.7666666666666664,71.923295699143512,71.277,59.038575895468968,58.596678724103912,67.594593749315408,67.149,56.221666666666664,34.679000000000004,48.09,121.824238827318,121.64,NA,3.8933333333333336,2.9066666666666668,2.9666666666666668,623.9,483.2,342.7,308,129.30000000000002,11.4,44.6,18.5,39,15.8,67.2,63.1,374.3,99.689,61.973,30.848,6.868,143.72399999999998,86.208,57.517,4,29.2,25.2,4,2338.8,427.366,205.969,304.967,33.543,1311.923,634.28,626.923,-18.8,114.7,133.5
1963q2,629.79999999999992,634.1,633.74715328479712,3937.2,3972.3,3961.8756619766648,2503.3,72.313513571846416,54.787486685187552,59.12628479,5.561552,-0.62282777355898712,2519.6785733922808,49.419418306253128,13.407292413576432,53.226352533671296,24.272498897718512,0.329,16.029,16.529,7.12596135085798,30.533333333333336,31.733333333333336,NA,24,15.998999999999998,NA,NA,NA,NA,NA,NA,NA,5.7333333333333336,72.246551865879504,71.718333333333336,59.030222535422336,58.705320600272848,67.980953765859592,67.635333333333336,56.618333333333336,34.942,48.398,122.389089457568,122.16666666666668,NA,3.9633333333333336,2.94,2.9633333333333332,634,488.1,347.60000000000004,312.39999999999996,130.4,10.8,45,18.7,39.8,16.100000000000002,70.2,66.3,378.4,101.65,63.883,32.93,4.836,144.132,85.764,58.368,5.6,31.4,25.9,4.3,2360.9,434.164,212.382,326.837,22.12,1312.902,631.457,632.23,-12.7,123.9,136.6
1963q3,644.4,648.9,641.327947608642,4023.8,4059.6,4004.6173115885384,2571.8,72.647077669502096,55.124272579923928,59.12705928,5.572411,0.47901427075069944,2546.8958983744968,49.624172020378344,13.542152152380254,53.477792202300496,24.433455801504292,0.329,16.107,16.593,7.1704472296466368,30.72,31.866666666666668,NA,24.166666666666672,16.015999999999998,NA,NA,NA,NA,NA,NA,NA,5.5,72.461986942105616,71.957666666666672,58.958552173753488,58.659706691955904,68.302721221504104,67.99566666666668,56.927333333333336,35.799,48.53,122.903267245364,122.66966666666668,NA,4.0333333333333336,3.2933333333333336,3.33,643.5,495.2,352.60000000000004,316.8,132.30000000000002,10.7,45.6,18.8,40.9,16.3,71.7,67.599999999999992,385.4,104.612,65.712,33.183999999999996,5.716,149.927,89.876,60.051,4.5,31.2,26.7,5.2,2392.9,447.531,218.21,333.08999999999996,26.255,1371.177,667.172,648.98,-16.8,123.3,140.1
1963q4,653.9,658.6,653.57044727172104,4050.1,4086.9,4048.0588293243576,2590,72.97897100323752,55.468839498227176,59.12905781,5.5837473869323728,0.050423443969149776,2574.4193486370468,49.827452398660552,13.682011641671538,53.730419664267984,24.596741914402392,0.329,16.166,16.672999999999998,7.2073657411626272,30.803333333333332,32.033333333333332,NA,24.266666666666664,16.120999999999998,NA,NA,NA,NA,NA,NA,NA,5.5666666666666664,72.850536148787888,72.295666666666672,59.029227330453512,58.686946309996056,68.677223782003792,68.257999999999992,57.299666666666664,35.775,48.908,123.414348185452,123.18866666666668,NA,4.12,3.4966666666666664,3.4533333333333332,654.29999999999992,504.6,358.8,322.2,135.4,11.1,46.5,18.8,42.2,16.8,73,68.7,390,107.189,67.669,34.456000000000004,5.064,150.989,89.653,61.336,5.7,32.5,26.8,6.3,2412.8,452.965,224.597,343.546,19.18,1357.0050000000002,649.81500000000008,657.63199999999992,-11.6,128.1,139.69999999999998
1964q1,669.79999999999992,674.9,662.65431176348352,4135.6,4175.2,4091.4798025217416,2660.2,73.309371005685648,55.81114319210868,59.13237483,5.5955276489257816,1.0783432793940672,2602.392600846138,50.029398171111928,13.826703488591836,53.984240530673312,24.763641791983752,0.329,16.242999999999998,16.744,7.2690744743740048,30.930000000000004,32.200000000000004,NA,24.4,16.181999999999998,NA,NA,NA,NA,NA,NA,NA,5.4666666666666664,73.209512939873008,72.584,59.057855940277112,58.67365085523976,69.053447718470096,68.613666666666672,57.712333333333336,35.999000000000004,49.921,123.962361610125,123.708,NA,4.18,3.53,3.4633333333333332,667.29999999999992,514.1,365.2,328.2,137.4,9.9,48,18.8,43.2,17.5,77.1,72.5,399.6,110.474,69.113,36.237,5.124,152.554,90.084,62.469,7.2,34.200000000000004,27,8.2,2460.2,469.918,229.307,364.657,20.471,1361.263,646.662,667.371,-5,134.5,139.5
1964q2,678.70000000000008,683.5,671.4377767065744,4180.6,4219,4135.8667589502064,2686.6,73.639234144290432,56.163902395376528,59.13710239,5.607706,1.0815928959265752,2630.8300263746404,50.230686069106192,13.979748437491434,54.239260439122704,24.933925432948292,0.329,16.277999999999998,16.794,7.3065291459965344,30.98,32.233333333333336,NA,24.533333333333336,16.229,NA,NA,NA,NA,NA,NA,NA,5.2,73.817499493428208,73.233666666666672,59.294125032462456,58.962880660424208,69.795174023061904,69.401666666666672,58.076666666666664,36.196,50.141,124.493783242462,124.203,NA,4.2,3.4766666666666664,3.4900000000000004,678.70000000000008,523.6,372.6,334.8,140,9.5,49.3,18.8,44.4,18,77.3,72.9,407.5,110.518,71.075,34.988,4.4560000000000008,154.314,90.125,64.188999999999992,6.3,34,27.7,6,2503.7,468.225,234.656,346.51,19.642,1373.511,646.308,682.566,-8.7,134,142.69999999999998
1964q3,692,697.1,681.39028228106112,4245.9,4285.4,4180.8020224525392,2731.7,73.967600710588848,56.52207158659448,59.14333008,5.6202225685119632,1.5570691268770754,2659.9313959211704,50.430693079592424,14.139420880326452,54.495485053854256,25.10975499472806,0.329,16.331,16.84,7.352569585600496,31.05,32.299999999999996,NA,24.666666666666668,16.309000000000002,NA,NA,NA,NA,NA,NA,NA,5,73.67711921275,73.138333333333328,58.923281517778792,58.632935882293208,69.835898508434608,69.48,58.644666666666664,36.569,50.463,125.039063193586,124.73933333333334,NA,4.1933333333333336,3.4966666666666664,3.4566666666666664,691.1,533.20000000000008,380,341.39999999999996,142.19999999999998,9.3,50,18.9,45.6,18.4,78.4,74,416.4,112.631,73.406,34.533,4.692,156.03299999999998,90.847,65.186000000000008,6.9,35.4,28.4,8.1,2550,479.154,242.213,340.969,23.536,1375.153,642.70000000000008,689.918,-8.3,138.19999999999998,146.5
1964q4,697.29999999999992,702,691.88434794579112,4259,4296.2,4225.9220391526232,2731.8,74.291723255442912,56.882810816250856,59.15114494,5.633007,0.7827394954500688,2689.524050698886,50.627585290645152,14.307156182333964,54.752920065863784,25.290370669174952,0.329,16.385000000000002,16.883,7.4198585910410624,31.193333333333336,32.466666666666668,NA,24.766666666666664,16.378,NA,NA,NA,NA,NA,NA,NA,4.9666666666666664,73.942838794697712,73.353,58.88010057235908,58.547039245264944,70.1632496610024,69.71033333333332,59.144,36.216,50.955,125.5820524692,125.289,NA,4.1733333333333336,3.6833333333333328,3.5766666666666668,700.9,541.9,386.1,346.7,144.80000000000002,10.4,50.1,18.8,46.6,18.9,78,73.6,419,114.984,75.324,34.644,5.016,156.15199999999998,89.968,66.184,7.2,36.5,29.3,7.6,2557.2,483.706,247.376,334.91699999999996,22.509,1374.59,637.408,697.121,-9.5,141,150.5
1965q1,717.79999999999992,723.2,703.01486141979072,4362.1,4403.6,4272.2501072712032,2813.8,74.607393119598576,57.263093222177312,59.16063143,5.645977,2.1031046982918024,2719.5955490504976,50.818544094033944,14.482410682093476,55.01157119303116,25.477046476934884,0.329,16.437999999999998,16.947,7.45941606866828,31.290000000000004,32.6,NA,24.9,16.45,NA,NA,NA,NA,NA,NA,NA,4.9,74.479198458731904,73.791666666666672,59.046466797284592,58.651395446187768,70.697258429774408,70.187666666666672,59.795,36.735,51.743,126.136587840946,125.814,55.4068123146786,4.2033333333333328,3.89,3.9766666666666664,720.20000000000008,553,392.9,352.8,147.89999999999998,11.4,50.5,19.1,47.7,19.2,85.8,81.1,429.7,126.542,80.23,34.768,11.544,157.025,89.493,67.532,4.5,33,28.5,5.7,2614.3,529.82399999999992,263.13,336.557,51.575,1373.018,631.938,703.365,-20.4,124.6,145
1965q2,730.2,735.8,713.74301125473736,4417.2,4460,4317.6467122903656,2854.8,74.910456272217664,57.63743711025384,59.17187133,5.659044,2.3057302818744184,2750.0077807719328,51.000797588193496,14.670675343267068,55.271444180247352,25.669885469924248,0.329,16.521999999999998,16.998999999999998,7.5073116552622512,31.489999999999996,32.700000000000004,NA,25.066666666666668,16.527000000000002,NA,NA,NA,NA,NA,NA,NA,4.6666666666666664,75.032294307662,74.368666666666672,59.228081433216728,58.8710571173748,71.3576341331744,70.897333333333336,60.48,36.905,52.256,126.683648181759,126.32466666666668,55.7182941002748,4.2066666666666672,3.8733333333333336,4.08,732.7,562.6,399.9,358.89999999999996,151.30000000000002,12,51.2,19.3,48.9,19.9,88,83.1,436.6,127.052,83.382,35.101999999999996,8.568,159.808,90.116,69.691999999999992,6.7,38.4,31.7,6.3,2643.1,531.216,272.81599999999996,339.498,37.157,1389.271,632.976,721.181,-16.8,145.4,162.19999999999998
1965q3,749.3,754.6,724.26915920211744,4515.4,4555.8,4364.56020480614,2920,75.197439097406736,58.041340997697048,59.18494384,5.672116,3.4560136214356384,2781.0127008594496,51.172044762677136,14.87134244860688,55.532544799542048,25.872427434750032,0.329,16.582999999999998,17.052,7.5470883562082416,31.583333333333328,32.733333333333336,NA,25.3,16.602,NA,NA,NA,NA,NA,NA,NA,4.3666666666666672,75.294576628842208,74.626333333333328,59.234825909245392,58.87911423198812,71.815243097392296,71.369333333333328,61.227666666666664,37.655,52.386,127.112007966736,126.745,55.916879250744504,4.2466666666666672,3.8666666666666664,4.0766666666666664,745.9,576.9,408.3,366.2,153.9,12.2,51.8,19.5,49.9,20.5,89.3,84.6,445.8,131.237,86.686,35.258000000000004,9.292,166.761,94.476,72.285,5.5,37.6,32,6.6,2688.5,549.712,282.71499999999996,341.108,41.846,1435.3599999999998,656.436,741.49,-20.6,142.19999999999998,162.80000000000002
1965q4,771.9,776.6,737.1801412954216,4619.5,4657,4411.716106638424,2998.9,75.469850439128496,58.456669530526896,59.19992548,5.685105,4.709820132100484,2812.6011819915628,51.333376429325696,15.083352817225012,55.794878850211784,26.084066610173092,0.329,16.634,17.109000000000002,7.585535812369424,31.75,32.9,NA,25.466666666666664,16.710999999999998,NA,NA,NA,NA,NA,NA,NA,4.1,75.4919999285876,74.909333333333344,59.19531555204948,58.905186785073976,72.2355297402172,71.827,62.012333333333336,38.308,52.884,127.530361523639,127.16933333333332,56.1579539016838,4.4733333333333336,4.1666666666666672,4.1666666666666672,767.5,590.20000000000008,420.5,377.1,156.89999999999998,12.5,53,19.5,50.7,21.2,94,89.5,459.7,133.752,90.645,35.523000000000004,7.584,172.619,98.697,73.922,5.8,39.7,33.9,6.1,2764.1,553.352,294.211,334.42200000000004,33.654000000000004,1462.544,671.11,752.21,-19.9,150.9,170.80000000000002
1966q1,795.7,800.7,749.91014734225104,4731.9,4770.7,4459.5951064582088,3083.3,75.732839752133728,58.885882545194832,59.21689001,5.69793,6.1060452135542456,2844.8277153099252,51.488353219520392,15.30302677384023,56.058452158948824,26.303524497093692,0.329,16.763000000000002,17.195,7.6468443515579184,32.046666666666668,33.066666666666668,NA,25.666666666666672,16.812999999999998,NA,NA,NA,NA,NA,NA,NA,3.8666666666666664,75.672941495380304,75.071666666666672,59.165484375230152,58.874505272733936,72.648054023568688,72.173333333333328,62.839,38.83,53.641,127.900485045401,127.51133333333332,56.181909979967504,4.7700000000000008,4.61,4.56,789.3,602.9,433.1,385.8,162.4,14.9,54.4,19.8,52,21.3,97.4,93,470.1,144.19999999999998,94.382,35.945999999999996,13.872,177.03200000000002,101.202,75.83,4.4,39.4,35,4.6,2804.9,597.563,306.55900000000004,342.81,58.962,1489.775,687.037,761.118,-28,147.19999999999998,175.19999999999998
1966q2,805,810,764.32991655998,4748,4786.9,4508.122290468056,3091.9,75.99477342084288,59.321478143016952,59.23590843,5.710529,5.3210115892184048,2877.6698109483792,51.642705312213976,15.526966165940426,56.323270579970536,26.527660590649296,0.329,16.899,17.334,7.744999270685192,32.336666666666668,33.4,NA,26,16.965,NA,NA,NA,NA,NA,NA,NA,3.8333333333333328,76.246492983932192,75.477333333333328,59.430342495167944,59.027231065207528,73.094884742967904,72.594000000000016,63.753333333333336,38.561,54.166,128.295563819326,127.86866666666666,56.865344347654104,4.78,4.5866666666666672,4.9133333333333328,801.1,612.79999999999992,444.4,395.9,161.4,12.7,54.5,19.8,53.5,20.9,96.4,91.9,475.2,143.501,96.823,34.362,12.316,181.659,104.01,77.649,4.6,40.9,36.2,3.3,2812.1,588.717,311.58800000000004,316.142,56.666,1517.912,705.876,766.893,-27.9,151.6,179.5
1966q3,819.6,824.6,780.12266379413456,4788.3,4826.5,4557.6639227006528,3116.7,76.264092256574496,59.761596681271056,59.2570488,5.722861,5.060401144336324,2911.132974369792,51.802191802491248,15.750648568599868,56.589339995149464,26.753517132947112,0.329,17.027999999999998,17.477,7.8470167686165136,32.616666666666668,33.700000000000004,NA,26.466666666666664,17.114,NA,NA,NA,NA,NA,NA,NA,3.7666666666666664,76.733593406507808,75.946,59.636478057484528,59.22469658254072,73.6464469983676,73.088000000000016,64.483666666666664,38.688,54.42,128.668888415146,128.23366666666666,56.968905956678496,5.14,5.0433333333333328,5.41,814.4,626,455.7,406.1,162.69999999999998,12.3,54.9,20,55,20.5,94.8,90.3,484.3,143.19399999999998,98.325,33.018,11.852,189.466,109.934,79.533,2.7,40.9,38.2,3.2,2844.2,584.37300000000008,315.71300000000004,305.641,50.369,1559.275,733.362,775.78,-39.8,149.80000000000002,189.6
1966q4,833.3,838.6,795.30302659091456,4827.5,4867.2,4607.3747280302896,3128.1,76.549353692789984,60.188290374347712,59.28037623,5.734915,4.7776724265668144,2945.1654014795328,51.97262439434748,15.974263569752254,56.85666631414388,26.977519735183664,0.329,17.16,17.628,7.9633121704152448,32.883333333333332,34.033333333333332,NA,27.066666666666668,17.254000000000002,NA,NA,NA,NA,NA,NA,NA,3.7,77.154771729459104,76.483333333333328,59.78871067572804,59.465959658002712,74.1192592141896,73.656666666666672,65.024,38.928,54.285,129.045719262819,128.617,56.9698385436914,5.0033333333333328,5.21,5.5633333333333336,828.5,639.6,463.8,413.5,164.80000000000002,12.2,55.9,20,56.7,20,95.9,91.2,490.1,145.85499999999998,99.163,30.188,16.504000000000002,193.621,111.155,82.466,3.8,42.6,38.8,4.1,2856,587.798,315.68599999999996,273.57799999999996,69.319,1586.198,741.616,795.599,-38.2,153.5,191.7
1967q1,844.2,849.4,807.47206456874432,4870.3,4909.6,4658.411746113664,3149.5,76.857480925436272,60.611038639596432,59.30595262,5.746704,4.5485084924729248,2979.9713754673772,52.15868238895368,16.192895343239866,57.125255474529152,27.198969929717412,0.329,17.209,17.725000000000002,8.0644543321491552,32.966666666666668,34.233333333333336,NA,27.500000000000004,17.326,NA,NA,NA,NA,NA,NA,NA,3.8333333333333328,77.360418473635488,76.496,59.738368816752128,59.279158734381896,74.327669508285712,73.572,65.455333333333344,39.236,54.226,129.498712478975,129.04366666666666,56.9536339012842,4.5833333333333328,4.5133333333333328,4.8233333333333336,836.8,650.5,470,418.8,168.1,11.9,57,20.3,57.8,21.1,93.3,88.6,494.3,142.811,97.999,29.389,15.423,202.588,117.935,84.654,4.5,43.9,39.4,4.3,2872.5,573.37300000000008,310.577,266.048,64.873999999999992,1653.233,789.625,805.316,-39.3,155.4,194.7
1967q2,849,854.1,820.59463060281696,4873.3,4911.7,4710.251841362436,3142.2,77.190677760603312,61.020993441340936,59.33383652,5.7582700000000008,3.4615592568910892,3015.3233322049852,52.361819610080752,16.405780143940512,57.395113441929568,27.414866439970876,0.329,17.291,17.844000000000002,8.1531963476645024,33.166666666666664,34.5,NA,27.933333333333332,17.43,NA,NA,NA,NA,NA,NA,NA,3.8333333333333328,77.518401021953712,76.94,59.619381178462328,59.400742702293728,74.4387414168716,74.001333333333328,65.611999999999992,39.38,53.9,130.022149659543,129.52699999999998,57.339733800565496,4.8199999999999992,3.66,3.99,845.7,657.6,475.6,423.6,169.39999999999998,11.1,57.4,20.4,58.8,21.7,92.2,87.7,503.5,137.495,98.297,32.857,6.341,203.811,117.918,85.893,4.2,43.2,39,3.3,2911.8,552.629,309.832,296.718,28.499,1646.377,780.991,809.6,-39.9,153.30000000000002,193.2
1967q3,865.2,870.9,837.64952037281152,4919.4,4961.1,4762.7520232570608,3168.8,77.545099662654288,61.419123116438536,59.36408285,5.769672,3.2890223126883276,3051.090829355612,52.579376823085656,16.61450069059152,57.666246210150816,27.625279354695524,0.329,17.452000000000002,18.006,8.2567078530458656,33.5,34.866666666666668,NA,28.333333333333332,17.587,NA,NA,NA,NA,NA,NA,NA,3.8,78.449675065236,77.662666666666672,60.03650372634948,59.664478856431672,75.178752459563296,74.713666666666672,66.065,39.581,54.081,130.669959434705,130.16566666666668,58.1549231206856,5.2466666666666672,4.3,3.8933333333333336,862.8,671.6,485.3,432,172.9,12,58.6,20.4,59.8,22.1,93.2,88.2,510.7,142.835,98.785,34.786,9.263,208.379,120.961,87.418,3.3,42.8,39.5,3.6,2926.7,568.833,309.3,312.497,38.402,1664.669,793.904,812.605,-43.6,152.1,195.7
1967q4,881.4,887,856.47107601179728,4956.5,4997.3,4816.3136921403144,3192.3,77.912387190064416,61.817046888719936,59.39674267,5.780984,2.9106556761129056,3087.1627446145636,52.805630762682296,16.81802302037601,57.938659801313168,27.832118596515956,0.329,17.602,18.188,8.3703129033298208,33.866666666666668,35.233333333333336,NA,28.833333333333332,17.780999999999998,NA,NA,NA,NA,NA,NA,NA,3.9,78.956853533454704,78.292,60.155950279972296,59.875800464983488,75.619178549793504,75.216333333333328,66.609333333333328,39.695,54.327,131.253605280909,130.75733333333332,58.3691002936358,5.6433333333333336,4.7533333333333328,4.1733333333333328,881.1,683.20000000000008,496.2,441.6,172.79999999999998,11.5,58.4,20.3,61.4,21.2,96.8,91.8,518.20000000000008,147.653,101.744,37.476,8.433,213.293,123.209,90.084,2.2,43.9,41.7,2.8,2944.6,581.10400000000008,315.527,330.598,37.36,1677.307,794.348,826.713,-51,155,206
1968q1,909.4,915.2,875.68630144324816,5057.6,5099.3,4870.1023072128576,3269.5,78.286815411845696,62.208461049189072,59.4318628,5.792286,3.8499744144891992,3123.3311551107312,53.03664886570848,17.021679194004672,58.212360265985184,28.035540569589128,0.329,17.789000000000002,18.395,8.4833036328700032,34.200000000000004,35.666666666666664,NA,29.233333333333336,17.975000000000002,NA,NA,NA,NA,NA,NA,NA,3.7333333333333336,78.8830197453272,78.021333333333328,59.8558921686786,59.437126873725568,75.859058531875408,75.102666666666672,67.104666666666672,40.581,54.425,131.78822817147,131.267,58.8192470396562,5.61,5.05,4.79,904.1,702.5,510.9,454.2,176.80000000000002,11.6,60.1,20.1,62.4,22.6,98.1,92.9,536.29999999999992,152.28800000000002,105.582,38.268,8.438,219.749,126.409,93.34,1.1,45.5,44.4,1.6,3015.2,592.754,324.81400000000004,331.574,34.133000000000004,1707.281,808.274,841.865,-58.9,159.30000000000002,218.2
1968q2,934.3,940.3,894.63885599078544,5142,5184.6,4923.72150005846,3331.6,78.667799884652672,62.588778474520824,59.46948544,5.8036584854125976,4.433201592310776,3159.91087542718,53.271985267952136,17.232776365922958,58.487353683318144,28.238584819344016,0.329,17.971,18.609,8.5810266458563008,34.533333333333332,36.033333333333328,NA,29.600000000000004,18.177,NA,NA,NA,NA,NA,NA,NA,3.5666666666666668,79.505186364127296,78.745666666666672,60.106255525388992,59.786099504728752,76.474306267990304,75.95,67.70433333333332,40.961,54.945,132.27439584977,131.71233333333334,58.882200865808104,5.7433333333333328,5.5199999999999992,5.9833333333333336,927.5,722.4,524,465.9,180.8,11.2,61.9,20.1,64.2,23.4,102.1,96.6,550,158.94300000000002,105.299,39.563,14.082,223.637,127.154,96.483,1.7,47.2,45.4,2,3061.1,615.427,320.822,339.668,59.786,1716.107,803.856,858.359,-59.5,162,221.5
1968q3,950.8,957.1,913.46283801531312,5181.9,5225.6,4978.4108964151784,3356.5,79.058300742236704,62.971387566839952,59.50964782,5.8151755332946776,4.0874308653660704,3197.3111737122544,53.510572564627192,17.4499870002195,58.763646161181048,28.445415628483948,0.329,18.157,18.817,8.685781454632584,35,36.533333333333328,NA,30.033333333333336,18.351,NA,NA,NA,NA,NA,NA,NA,3.5333333333333332,79.677847049673296,78.879666666666672,59.9877331118336,59.644360428481424,76.615083664728896,76.100666666666672,68.313333333333336,40.977,55.333,132.823567280217,132.25,59.214198744932704,5.46,5.1966666666666664,5.9466666666666672,949.3,741.3,537.79999999999992,478.3,185.2,11.8,63.2,20.2,66,24,102.6,96.9,566.1,155.683,107.609,40.394,7.681,227.37,128.537,98.832,1.7,49.9,48.2,1.8,3118.4,598.643,325.24,346.533,32.636000000000004,1721.2159999999998,799.26,870.805,-61.3,173.5,234.8
1968q4,968,974.3,936.64695235748224,5202.2,5245.7,5033.703280531088,3369.1,79.460749511172128,63.348298518419504,59.55238177,5.826905,3.347370913192438,3235.3750364473336,53.750418113066432,17.673873096121384,59.041243836296288,28.65561672189546,0.329,18.358,19.036,8.814558462875384,35.433333333333332,37.066666666666672,NA,30.599999999999996,18.607,NA,NA,NA,NA,NA,NA,NA,3.4,79.969990848960016,79.195,59.926905299409864,59.59888621312464,76.971135911291792,76.498666666666672,68.984333333333328,40.879,55.677,133.445887868579,132.88,59.627104024408096,5.7700000000000008,5.5866666666666672,5.9166666666666672,969.2,757.5,550.29999999999992,489.4,188.2,12,63.5,20,68.5,24.2,104.1,98,575,160.76,112.182,42.572,6.007,231.347,129.749,101.598,0.9,49.1,48.2,0.69999999999999992,3132.5,605.155,334.101,351.331,27.116,1722.739,795.373,878.05,-63.2,169.6,232.8
1969q1,993.3,999.7,956.48411487170096,5283.6,5327.3,5087.7675116642704,3427.7,79.875758667274432,63.696014868009744,59.59771332,5.838901,3.8490848468756056,3272.9343949891684,53.984523398139272,17.90290254086382,59.303476952765056,28.862570377449716,0.329,18.536,19.244,8.9539631817189488,35.866666666666668,37.566666666666664,NA,31.166666666666664,18.793,NA,NA,NA,NA,NA,NA,NA,3.4,80.640279063614704,79.873666666666672,60.150892856749512,59.841219894712672,77.867290909126192,77.166333333333328,69.681,41.204,56.198,134.06331183755,133.476,60.0347163712972,6.1766666666666664,6.0933333333333328,6.5666666666666664,988.7,772.4,562.79999999999992,499.1,192.1,11.6,64.099999999999992,20.2,72.2,24,103.5,97.2,587,172.388,115.993,44.906,11.489,233.705,129.608,104.096,0.2,44,43.8,1.7,3167.2,640.79,342.64299999999996,363.133,45.46,1726.594,792.803,886.106,-61,149.9,210.9
1969q2,1009,1015.2,978.6678912140576,5299.6,5342.1,5140.28578422004,3431.2,80.305248798863968,64.009337634886408,59.64566231,5.8512096405029296,3.099326038817396,3309.6194633099548,54.210630262097704,18.131942217250804,59.547461891808696,29.064347792483068,0.329,18.772,19.474,9.1114111654625616,36.433333333333328,38.166666666666664,NA,31.766666666666664,19.041,NA,NA,NA,NA,NA,NA,NA,3.4333333333333332,81.2431515068204,80.367333333333328,60.337322408352824,59.966522492855552,78.223450987810896,77.605,70.345333333333328,40.867,56.718,134.648254619223,134.02033333333336,60.2296637158368,6.3533333333333336,6.1966666666666672,8.3266666666666656,1007.4,790.6,576.70000000000008,511.4,195.99999999999996,12.5,64.599999999999992,20.3,74.5,24.1,100.3,93.9,598.29999999999992,172.721,118.368,45.13,9.222,236.859,129.78200000000002,107.076,1.1,53.8,52.7,0.5,3187.7,637.015,346.395,359.728,37.989,1721.163,782.877,893.607,-69.7,182.8,252.5
1969q3,1030,1035.9,1002.2513219767308,5334.6,5375.5,5190.8834002107472,3451.6,80.75527252054048,64.279188691864304,59.697601944620136,5.8638640000000008,2.7686347141494096,3345.2895747225856,54.430852600393608,18.361524791010188,59.775211919951248,29.258735730819956,0.329,19.002,19.699,9.236874075306952,36.933333333333328,38.7,NA,32.266666666666664,19.312,NA,NA,NA,NA,NA,NA,NA,3.5666666666666668,81.920129614195296,81.074333333333328,60.575317069348896,60.23576903550156,78.7417133792104,78.153,70.883666666666672,40.909,56.998,135.236815220315,134.595,60.4244884029526,6.8566666666666664,7.0233333333333336,8.9833333333333328,1028.5,811.6,593.4,526.4,199.8,13.1,64.8,20.4,77.2,24.3,97.4,90.7,608.6,177.564,122.408,44.962,10.194,242.535,133.392,109.143,1.2,53.6,52.4,1.7,3203.2,649.948,354.272,356.88,43.899,1724.612,784.308,895.568,-69.5,179.69999999999998,249.2
1969q4,1038.1,1044.2,1024.7127947737968,5308.6,5349.4,5240.14097132856,3424.6,81.231151733318896,64.509007437588632,59.753770769638312,5.876888,1.306434865894146,3380.2777571305384,54.650252232286704,18.590229611942024,59.98874030371672,29.446060043366656,0.329,19.221,19.93,9.3959322272296224,37.5,39.233333333333336,NA,32.466666666666668,19.554,NA,NA,NA,NA,NA,NA,NA,3.5666666666666668,82.3994858025608,81.505,60.639743133834712,60.26396214324444,79.161116100626096,78.575333333333328,71.149333333333328,40.703,56.836,135.883632654415,135.24666666666666,60.8933637105654,7.2966666666666672,7.3533333333333328,8.94,1039.5,826.8,604.9,536.5,202.7,14.1,63.2,20.4,80.4,24.6,92.4,85.5,620.6,171.573,123.284,42.503,5.787,242.838,131.99100000000002,110.848,3.1,56.3,53.1,2.5,3228.8,618.56500000000008,352.409,332.33999999999996,23.776,1701.376,766.456,893.629,-62.1,184.4,246.5
1970q1,1051.2,1057.5,1048.7095925840092,5300.7,5342.4,5288.1420637462488,3421.7,81.735019038278416,64.698609310529296,59.814006037532592,5.8902983665466312,0.23747350397116396,3414.756402506634,54.872670956839984,18.80942677662152,60.190060309629104,29.625835300123108,0.329,19.444,20.148,9.5620601453158704,38.1,39.833333333333336,NA,33,19.823,NA,NA,NA,NA,NA,NA,100,4.1666666666666672,82.991053387001408,82.21,60.753090879114464,60.470909576828688,79.424843098619504,78.780333333333328,71.31066666666668,40.829000000000008,56.614,136.603837246957,135.94966666666664,61.027950419693296,7.3666666666666672,7.21,8.5733333333333344,1047.1,841.7,615,545.1,206.60000000000004,13.5,63.5,20.4,84.7,24.5,84.7,77.5,631.70000000000008,168.113,123.796,42.493,1.823,247.889,133.559,114.33,3.5,57,53.5,3.9,3248.9,600.116,349.935,332.533,4.328,1693.165,753.505,902.174,-58.8,186.8,245.7
1970q2,1067.4,1074,1072.6833236209648,5308.2,5351.1,5334.4740663713736,3426.6,82.265624914989728,64.84450913590972,59.878145000780992,5.9041,-0.49253339775341408,3448.3773642460064,55.099725416369776,19.021002477916488,60.381185204212432,29.794241071581728,0.329,19.659,20.375,9.744054646123408,38.633333333333336,40.566666666666664,NA,33.700000000000004,20.109,NA,NA,NA,NA,NA,NA,99.47786181519792,4.7666666666666664,83.440986153263104,82.564666666666672,60.743069444229216,60.40875057922592,79.269515712834096,78.635666666666672,71.167,41.426,55.878,137.367088816402,136.67666666666664,61.5240139952458,7.7133333333333328,6.6766666666666664,7.8866666666666672,1061.9,860,620.20000000000008,549.1,210,12.4,64.3,20.2,88.8,24.3,88.5,81.1,641.6,171.45500000000002,125.008,41.365,5.0810000000000008,249.143,131.76,117.383,5.2,60.4,55.2,5,3263.6,601.42100000000008,347.646,312.18,20.148,1673.464,733.64,907.097,-56.4,194.1,250.5
1970q3,1086.1,1092.6,1090.6385858268848,5357.1,5399.6,5379.4862058127288,3463.4,82.819142667884672,64.954623200884296,59.946024911861576,5.918292,-0.41614022150553432,3481.368505327634,55.331481829786536,19.223361567378264,60.564128253990712,29.953299657677592,0.329,19.851,20.602,9.8796832334099232,39.033333333333328,41.1,NA,34.299999999999996,20.274,NA,NA,NA,NA,NA,NA,98.57460464431008,5.1666666666666672,83.7413494974696,82.911666666666672,60.612216208229496,60.318695922089016,79.220097884555488,78.616,70.977999999999992,42.076,55.604,138.15919419574002,137.45599999999998,62.015228178728104,7.46,6.3266666666666672,6.7066666666666672,1079.5,874.7,628.20000000000008,555.70000000000008,216.89999999999996,13.2,65.3,20.9,93.3,24.2,88.4,81.1,653.5,173.904,126.255,42.566,5.083,254.584,132.36000000000002,122.224,4.1,60.5,56.4,3.7,3292.2,611.208,348.844,330.188,20.25,1680.531,724.601,927.769,-55.1,194.9,249.9
1970q4,1088.6,1094.7,1113.9796899255794,5299.7,5339.1,5423.2575442757608,3405.6,83.390816800128384,65.03422981542748,60.017483023252384,5.932861,-2.2782901838430236,3513.7409992299164,55.567792687482168,19.419391922359384,60.74090272548796,30.103263271888792,0.329,20.108,20.892,9.995106018171688,39.6,41.766666666666664,NA,34.833333333333336,20.539,NA,NA,NA,NA,NA,NA,98.478956990313536,5.8333333333333328,84.292721606986608,83.498,60.660595149248344,60.391869444357384,79.257196721978496,78.643,70.574,41.69,55.183,138.95795351099698,138.26033333333334,62.374371897899,6.8533333333333336,5.3533333333333336,5.5666666666666664,1083.5,883.7,630,556.4,220.1,12.5,66.400000000000008,21.2,95.8,24.2,83.5,76.9,660.20000000000008,166.754,123.52,47.218,-3.984,258.70800000000004,133.54,125.168,3,60.9,57.9,2.2,3283.2,578.75699999999992,336.895,363.458,-16.829,1681.319,721.879,932.457,-58.5,195.3,253.8
1971q1,1135.2,1142.6,1140.0185103299218,5443.6,5489.2,5466.706098336824,3522.7,83.975524191159648,65.09880290705372,60.092356587431472,5.947782,-0.42266948179001672,3545.7929816929948,55.807976223530448,19.613671188920372,60.914170259766488,30.247123428624084,0.329,20.299,21.156,10.083917837064526,39.933333333333328,42.166666666666672,NA,35.4,20.85,NA,NA,NA,NA,NA,NA,98.038542698517904,5.9333333333333336,84.617874241489696,83.676,60.5515274924144,60.183984214854448,79.3569873804372,78.717333333333328,70.844000000000008,42.925,55.438,139.745234754136,139.03366666666664,62.6706297449582,6.0166666666666664,3.84,3.8566666666666664,1121.8,903.7,647.9,570.5,224.10000000000004,13.1,67.2,21.1,97.7,25,96.6,89.1,679.20000000000008,189.495,126.281,50.961,12.254,261.90499999999996,133.347,128.558,4.6,63.2,58.7,4.5,3346.3,646.232,339.663,382.325,47.696,1656.742,698.672,936.357,-53.8,197,250.8
1971q2,1156.3,1164.2,1164.1861109189642,5473.1,5520.7,5510.42722794308,3544.3,84.568862873352848,65.159055481156104,60.170482856876872,5.963016,-0.6773926303535016,3578.0042658751808,56.051345290806664,19.811238108806424,61.087932051408464,30.3893765051019,0.329,20.53,21.397,10.197918857516054,40.3,42.6,NA,36,21.13,NA,NA,NA,NA,NA,NA,97.736778466460272,5.9,84.814205204082304,83.929,60.338061454617176,60.023314468797232,79.597314907279504,78.961,71.179,43.047,55.621,140.56501511549998,139.82733333333334,63.076679773891696,6.2466666666666664,4.25,4.5666666666666664,1144,927.1,659.79999999999992,580.4,228.89999999999996,13.3,69.599999999999992,21.7,99.3,25,98.7,90.8,693.20000000000008,197.329,129.481,56.974,10.875,266.118,134.252,131.867,-0.4,62.9,63.3,-0.1,3377,664.56899999999992,344.293,419.008,40.589,1652.914,690.506,943.326,-74.1,195.6,269.7
1971q3,1177.7,1184.9,1185.437696150679,5518.1,5562,5554.3548876021576,3578,85.16654577951784,65.217566789446504,60.251699084066664,5.9785056114196776,-0.65272904479117824,3610.6108366242808,56.29628869009588,20.013468128589404,61.262189510316472,30.53288855433568,0.329,20.732,21.599,10.300807574060896,40.7,42.966666666666672,NA,36.533333333333328,21.343,NA,NA,NA,NA,NA,NA,96.683325731436208,6.0333333333333336,85.402457924810112,84.581333333333328,60.416228020411312,60.156279634336008,80.136784947791504,79.511,71.434,43.454,55.624,141.356818727507,140.60266666666666,63.426963929973704,6.4833333333333336,5.0100000000000008,5.4766666666666664,1165.5,941.1,670.1,588.79999999999992,232.7,13,71.599999999999992,22,100.9,25.2,101.4,93.7,705.6,202.058,131.19,60.68,10.188,269.783,135.60400000000002,134.18,0.2,65.7,65.5,0,3403.9,672.63199999999992,345.81,438.27,38.579,1652.012,687.505,946.501,-70.3,205.4,275.7
1971q4,1190.3,1198,1204.8500258677978,5531,5576.9,5598.6100084640768,3584.9,85.765876952190816,65.277826187038896,60.335842521478848,5.994177,-1.207621326755437,3643.652044212944,56.541779247132528,20.224908886601172,61.43694405041492,30.678519854933172,0.329,20.86,21.722,10.399209113276482,41,43.2,NA,36.6,21.52,NA,NA,NA,NA,NA,NA,94.1708936259044,5.9333333333333336,86.126216841028496,85.318333333333328,60.586049558765112,60.337572635871808,80.8506924292344,80.228666666666672,71.866,43.077,56.218,142.15519491412102,141.40166666666668,64.0482748720796,5.89,4.2299999999999992,4.75,1190,959.3,682.20000000000008,598.4,237.7,14.2,73.6,22.5,102.5,24.9,105.8,97.6,721.7,198.411,134.71100000000002,63.995,-0.295,272.067,134.71199999999998,137.35499999999998,-1.9,60,61.9,-3.1,3460.4,654.519,352.86200000000004,455.149,-2.2280000000000004,1640.336,669.35,958.392,-70.599999999999992,186.4,257
1972q1,1230.6,1238.8,1232.9597839664582,5632.6,5680.3,5643.4010069636544,3682.1,86.36397130113176,65.344389818369792,60.422750421591488,6.00994,-0.19139180345905116,3677.3200839315328,56.785967862417096,20.444868940384104,61.612197089661512,30.828853767386548,0.329,21.08,21.931,10.494253726142378,41.333333333333336,43.566666666666672,NA,36.9,21.865,NA,NA,NA,NA,NA,NA,91.920589841006976,5.7666666666666664,86.795676433590608,86.208333333333328,60.706759007582616,60.283299457362896,81.5693903193456,81.213333333333328,72.677666666666672,43.751,56.853,142.975309261279,143.00533333333334,64.993964344968104,6.0333333333333336,3.4366666666666664,3.5466666666666664,1225.6,986.5,708.4,618.5,242,13.1,74.8,23.1,104.9,26.1,111.5,102.7,738.9,212.968,140.585,69.156000000000008,3.227,282.228,141.416,140.811,-3.5,68.599999999999992,72.2,-5,3506.1,697.648,364.118,484.85,13.935,1649.269,674.832,961.035,-87,207.6,294.60000000000004
1972q2,1266.4,1274.5,1250.636052740062,5760.5,5807.7,5688.794205471516,3781.9,86.9581811188336,65.419884963985568,60.51226003688264,6.0256905555725096,1.2604743982392196,3711.4990924781544,57.02719026668564,20.675059803725164,61.7879500500588,30.983777173494948,0.329,21.202,22.079,10.559246676520438,41.6,43.9,NA,37.2,21.999,NA,NA,NA,NA,NA,NA,91.317998782395344,5.7,87.401118259528112,86.809666666666672,60.80831397018748,60.385692688672688,82.216695528998496,81.875,73.463000000000016,44.613,57.266,143.732184882446,143.75866666666668,65.3737721354162,6.1433333333333336,3.77,4.3,1249.1,1004.2,722.5,630.4,245.60000000000004,15.4,75.9,20.2,107.7,26.4,113.4,104.3,757.4,226.798,143.976,70.824,11.998,286.464,144.23500000000002,142.22900000000002,-4.3,67.2,71.400000000000008,-4.8,3572.8,737.276,370.053,494.037,45.638,1655.872,681.39,959.394,-82.6,201.5,284.10000000000004
1972q3,1290.6,1299.5,1272.8692097242694,5814.9,5865.5,5735.0125272165304,3825.3,87.548336693238544,65.506813079858912,60.604208619830352,6.041317,1.3929781740553926,3746.3476097163888,57.266805168664256,20.91551640971932,61.96420435766572,31.143835207322544,0.329,21.388,22.245,10.676001777528424,41.933333333333328,44.233333333333336,NA,37.366666666666664,22.198,NA,NA,NA,NA,NA,NA,91.590747398891456,5.5666666666666664,87.873644158014992,87.350666666666672,60.815792401190648,60.440807439663448,82.796191956020704,82.450333333333328,74.038,44.869,57.592,144.491489280167,144.52266666666666,65.597354046821,6.29,4.22,4.7433333333333328,1281.7,1030.1,735.7,642.29999999999992,257.90000000000004,17.2,78.4,23.9,111.3,27.1,118.2,108.2,775.8,233.09,147.01499999999998,72.36,13.715,284.31599999999996,138.763,145.552,-2.6,71.5,74.1,-3.6,3627.9,747.745,375.481,496.219,48.838,1624.317,650.144,967.109,-76.3,213.7,290
1972q4,1328.9,1337.9,1299.7129353922772,5912.2,5962.7,5782.3484209693888,3898.2,88.136806084068752,65.606511942966608,60.698433422912656,6.056706,2.2456546990442748,3782.0092881260616,57.508092470319784,21.164629954367272,62.140961442609056,31.308380627275148,0.329,21.562,22.385,10.758241350961484,42.366666666666664,44.466666666666672,NA,37.833333333333328,22.45,NA,NA,NA,NA,NA,NA,92.15028528428384,5.3666666666666664,88.203639216151296,87.675333333333328,60.758497816259568,60.376223760171696,83.291465936473504,83.002,74.971666666666672,45.248,58.197,145.170868909381,145.215,65.1767686397358,6.3733333333333336,4.8633333333333336,5.1466666666666664,1331.4,1077,758.8,664,272.3,22.4,83.3,23.8,115.1,27.7,125.7,115.5,800.5,239.715,154.96700000000002,77.257,7.491,291.74900000000004,142.167,149.582,-3.1,76.1,79.2,-2.8,3713,752.434,393.47,513.755,19.615,1637.754,651.828,980.407,-80.4,222.7,303.10000000000004
1973q1,1377.5,1388.2,1325.6977099781812,6058.5,6115.8,5830.6639389494088,4045.9,88.727450169386288,65.714318712171984,60.794771698607608,6.0717453956604,3.907549181982928,3818.7988904802376,57.763296860314984,21.420581099236944,62.316073110290528,31.473264481397552,0.329,21.823,22.541,10.847836673413836,43.033333333333328,44.8,NA,38.1,22.735,NA,NA,NA,NA,NA,NA,89.14856147505648,4.9333333333333336,88.687630333062096,88.232333333333328,60.77715803320432,60.447871968722944,84.196347943428496,83.841666666666672,75.971666666666672,46.272000000000008,59.069,145.92263475796198,145.96433333333334,66.808726248347896,6.6033333333333336,5.7,6.5366666666666672,1370.8,1095.1,785.4,683.4,274.3,21.8,82.4,23.5,118.2,28.4,133.5,121,825,254.313,162.839,80.925,10.55,299.57100000000004,146.35400000000002,153.21700000000002,-1.4,84,85.4,2.2,3780.8,796.53,409.969,530.912,32.168,1651.865,660.26,984.882,-78.1,239,317.10000000000004
1973q2,1413.9,1425.5,1357.6775922022996,6124.5,6185.1,5880.9649999596744,4089.7,89.321926711374688,65.84010462473336,60.893060699393248,6.086335,4.1410720866727816,3856.7616979647248,58.036245837816696,21.680663744934816,62.489171173175392,31.636648561932492,0.329,22.242,22.848,10.980271712850048,43.933333333333336,45.266666666666664,NA,38.466666666666672,23.111,NA,NA,NA,NA,NA,NA,85.669867167385184,4.9333333333333336,89.791118426394,89.181,61.214720099563968,60.783262411992032,85.13360064684,84.797333333333328,76.663333333333328,46.289,59.686,146.68223309745,146.71966666666666,66.8703215966746,6.8066666666666664,6.6033333333333336,7.8166666666666672,1399.5,1124.9,803.2,700.20000000000008,285,27.6,82.4,23.3,122.4,29.3,131.19999999999998,117.2,840.5,268.19600000000004,171.28299999999998,78.707,18.206,302.709,146.517,156.192,2.5,91.9,89.5,5.4,3779.1,830.483,425.217,503.401,62.868,1640.23,649.638,986.459,-57.4,250.5,308
1973q3,1433.8,1447.7,1396.0489145350432,6092.3,6161.5,5931.8934314561608,4078.8,89.920345617063696,65.968312185073472,60.993137677747608,6.1003866195678712,2.7041377327047256,3895.7719221184944,58.327158966127024,21.943252018917516,62.66052104792892,31.797258422466012,0.329,22.647,23.152,11.117305050731594,44.800000000000008,45.733333333333336,NA,38.733333333333336,23.553,NA,NA,NA,NA,NA,NA,83.086588373680576,4.8,90.160405382654,89.650333333333328,61.155572646157536,60.78881643631268,85.647603902455792,85.330333333333328,77.119,45.855,60.089,147.427947252357,147.47833333333336,67.550842486422296,7.2066666666666672,8.3233333333333328,10.56,1431.4,1152.5,820.4,716.20000000000008,294.89999999999996,29.5,84.3,22.3,128.4,30.4,133,116.6,858.9,264.33499999999996,176.642,77.932,9.761,304.18900000000004,144.24,159.94900000000002,6.4,97.6,91.1,12.5,3792.4,800.37,431.763,481.817,29.975,1620.936,626.659,996.795,-48.1,251.4,299.39999999999996
1973q4,1476.3,1490.6,1436.419691417415,6150.1,6219.8,5983.963113314532,4073.8,90.523247989103728,66.104158282464864,61.094839886148776,6.1138305664062496,2.7763688301454924,3935.7089745925536,58.634916791049464,22.204787077288664,62.830388151216392,31.954618745329184,0.329,23.11,23.474,11.287683318154498,45.933333333333328,46.5,NA,39.733333333333336,23.961,NA,NA,NA,NA,NA,NA,85.042685136721664,4.7666666666666664,91.188133570768992,90.579,61.544831807149528,61.108712371648696,86.506804680088912,86.236,77.852666666666672,45.57,60.39,148.165379436744,148.226,67.990339798422896,6.7533333333333336,7.5,9.9966666666666656,1475.2,1190.7,841.7,735.3,310.10000000000004,37.5,84.7,23.3,133.1,31.5,135.80000000000002,119.1,873.9,280.858,180.142,75.723,24.993,312.593,147.63,164.963,9,107.6,98.7,15.4,3781.1,828.879,435.01,459.97,69.558000000000008,1633.097,628.077,1008.921,-37.9,263.7,301.7
1974q1,1491.2,1508.3,1476.4135244894446,6097.3,6177.6,6036.8402513878016,4047.2,91.130846490099104,66.243653865803536,61.198004577074752,6.1266164779663088,1.0015131442032032,3976.3072463293696,58.957712549594032,22.463477916468488,62.999037899702992,32.107484801582828,0.329,23.798,23.877,11.511721174962172,47.3,47.233333333333336,NA,40.366666666666664,24.446,NA,11.59,8.2366666666666656,NA,NA,NA,87.037511511716688,5.1333333333333328,91.790889734803696,91.379,61.64294583977076,61.333676391623424,87.052297008502016,86.709333333333328,78.216666666666672,45.46,60.141,148.907370477389,148.98666666666666,68.323426442993096,7.0533333333333336,7.6166666666666656,9.3233333333333344,1491.1,1206.8,858.3,748.2,309.60000000000004,28.6,87.1,23.5,137.9,32.5,130.30000000000002,111.1,891.9,268.361,183.404,72.438,12.519,324.586,152.68700000000002,171.899,6.4,116.7,110.3,16.5,3747.3,781.544,434.558,430.059,33.921999999999996,1662.599,643.206,1021.664,-24.3,267.2,291.39999999999996
1974q2,1530.1,1546.5,1524.7263132799866,6111.8,6188.2,6090.335456182356,4046,91.743112747952224,66.38466118884,61.302469003003632,6.138715,0.3524361502264206,4017.3950662063432,59.293519965670696,22.703368882815852,63.166735710054056,32.255537641428484,0.329,24.472,24.47,11.805306761229508,48.566666666666672,48.466666666666672,NA,41.5,24.989,NA,12.933333333333334,9.34,NA,NA,NA,84.06166925565072,5.2,92.247378257088992,91.583666666666672,61.633814413450512,61.159068649274328,87.225482366275792,86.833666666666672,78.511666666666672,45.324,60.304,149.670078243539,149.74666666666666,68.982407050384096,7.5433333333333328,8.1533333333333344,11.25,1520.4,1232.9,878.5,765.3,309.2,20.1,88.5,22.9,144.4,33.299999999999996,128.9,110.8,920.4,277.391,188.818,71.157,17.416,334.957,154.877,180.08000000000002,-2.7,126.7,129.4,2.7,3760.8,778.425,433.813,412.701,44.484,1670.929,641.00300000000008,1034.302,-26.7,280.2,306.89999999999996
1974q3,1560,1575.3,1582.9867365138622,6054,6124.2,6143.2062197787952,3990.9,92.359517445379024,66.51405712910808,61.408070416413416,6.1501145362854,-1.4521117570754028,4057.9470545417064,59.639878800117904,22.923631285263568,63.333746998934792,32.391913237717276,0.329,25.131999999999996,25.169000000000004,12.18488101092301,49.933333333333328,50.133333333333336,NA,43.166666666666672,25.759,NA,12.653333333333332,9.2000000000000016,NA,NA,NA,86.320708825479616,5.6333333333333336,92.7876556716036,92.253,61.694677708370232,61.298489016465336,87.371137389013296,87.079,78.621666666666672,44.859,60.099,150.398152836148,150.498,69.357670284970296,7.9633333333333328,8.1900000000000016,12.09,1556.5,1269.1,900.2,783.1,318.10000000000004,21.5,89.5,23.3,150.30000000000002,33.5,124.3,107.3,949.3,271.01299999999996,194.485,70.949,5.578,346.70999999999996,160.404,186.306,-7,126.6,133.6,0.3,3776.9,738.08,429.395,398.879,14.232,1674.253,645.11800000000008,1032.405,-36.4,265.10000000000004,301.5
1974q4,1599.7,1613,1643.462742733994,6030.5,6092,6195.4754454318616,3960.7,92.980911934900464,66.631691564496096,61.514646069782168,6.1608195304870608,-2.6628375317588216,4097.8578890239408,59.995019071998616,23.122976455357072,63.500337183010472,32.516865446764228,0.329,25.771,25.784000000000004,12.545356232987152,51.466666666666672,51.6,NA,44.433333333333328,26.540999999999996,NA,12.596666666666666,9.3033333333333328,NA,NA,NA,86.266600774387008,6.6,93.348224952739792,92.688,61.762213434899272,61.280106840856048,86.9314585823868,86.588333333333328,78.182333333333328,45.259,59.117,151.141320495474,151.25299999999998,69.880385740030608,7.67,7.36,9.3466666666666656,1583.2,1298.5,913.8,792.5,326.89999999999996,23.7,89.8,23,157,33.4,119.3,103.8,959.1,281.339,197.569,63.324,20.446,359.228,167.37,191.858,0,136.6,136.6,4.4,3721.7,742.56,418.112,346.943,52.492,1682.266,651.499,1032.767,-26.5,272,298.5
1975q1,1616.1,1627.5,1694.635043231556,5957,6009.8,6246.482861537268,3866.5,93.607668051864688,66.73046120619428,61.622033215587936,6.170844,-4.6343337195361432,4136.980332290288,60.35681462520392,23.303072912680536,63.666853869536656,32.630529490663796,0.329,26.256,26.288,12.852335634503198,52.566666666666664,52.699999999999992,NA,45.8,27.141,NA,13.033333333333334,9.8266666666666656,NA,NA,36.263769545431816,84.636334232411888,8.2666666666666656,93.798030490366384,93.023,61.755550284935248,61.20444247546944,85.806446379391296,85.356666666666672,76.953,45.595,57.287,151.885992526323,151.98733333333334,69.9877128935632,7.54,5.75,6.3033333333333336,1600.7,1318.4,918.4,791.9,331.79999999999996,19.7,93,22.7,163.5,32.9,117.8,103.9,985.2,244.306,193.137,61.197,-10.028,370.138,168.635,201.504,16.5,141.4,124.9,17.899999999999998,3752.9,622.94899999999992,394.242,327.36399999999996,-21.151,1700.574,644.63699999999992,1063.327,5.3,273.89999999999996,268.60000000000004
1975q2,1651.9,1663.5,1733.650610522778,5999.6,6052.7,6296.5132289439176,3892.1,94.239386043225008,66.814030665011768,61.73006910630876,6.180209,-4.7155182264854488,4175.3221679860104,60.722577049538568,23.4700212527542,63.833807212120496,32.734579995790576,0.329,26.578000000000004,26.688000000000004,13.125714896441978,53.2,53.533333333333328,NA,47.033333333333328,27.534,NA,13.56,9.9833333333333328,NA,NA,37.009123175615944,85.588090956287728,8.8666666666666672,94.203619893216,93.619333333333328,61.727481438029208,61.306243083189448,85.732306575652704,85.331666666666672,76.535,46.319,56.763,152.612122993858,152.70766666666666,70.3436955954498,8.05,5.3933333333333336,5.42,1638,1350,931.2,800.4,335.20000000000004,20.1,94.2,22.4,165.9,32.6,128.9,115.6,1013.6,243.281,193.276,63.959,-13.954,373.408,169.392,204.016,21.6,136.80000000000002,115.2,21.5,3814.7,604.403,384.768,336.58800000000004,-37.094,1686.211,638.24300000000008,1055.677,18.8,265.89999999999996,247.1
1975q3,1709.8,1722.8,1778.0911486769362,6102.3,6159.3,6346.0320602241592,3975.5,94.874168900372496,66.888934404138352,61.838590994422704,6.188934,-3.8407001085265512,4213.1579461101664,61.090507900316424,23.629959196713672,64.001198355803408,32.83227533385702,0.329,27.076,27.088999999999996,13.440092932306724,54.266666666666664,54.233333333333336,NA,48.133333333333336,28.021,NA,14.106666666666666,10.723333333333332,NA,NA,37.021009674485408,88.761091452965632,8.4666666666666672,94.6127434020644,94.128333333333328,61.654450323529272,61.289846485088024,86.446212058044416,86.135666666666672,77.050333333333328,46.885,57.28,153.456470547686,153.579,70.8563200947726,8.2966666666666672,6.33,6.16,1700.8,1386.5,956,821.3,345.40000000000004,23.8,96.9,22.2,169.69999999999998,32.799999999999996,149.80000000000002,135.4,1047.2,265.192,197.807,68.772000000000008,-1.388,385.394,176.118,209.275,12,134.1,122.1,18.4,3868.9,651.26,388.867,358.776,-5.93,1717.7159999999998,654.702,1069.166,-6.2,261.39999999999996,267.60000000000004
1975q4,1761.8,1777.8,1821.8779998913456,6184.5,6251.1,6395.3936260234008,4047.6,95.507297700921424,66.962355547430592,61.947436132407784,6.1970324516296384,-3.2975863309688492,4250.6915060053768,61.457232645959136,23.782080923686652,64.169028448629536,32.927106094330164,0.329,27.529999999999996,27.529999999999996,13.797224509059694,55.266666666666664,55.166666666666664,NA,49,28.489000000000004,NA,14.836666666666666,10.96,NA,NA,37.638000592562632,89.4233155717372,8.3,94.9377872356516,94.308666666666672,61.566673718939736,61.105939625363648,86.901680339851696,86.497,77.747333333333328,46.936,58.256,154.20321011503,154.33633333333336,71.377184473061208,8.0633333333333344,5.6266666666666672,5.4133333333333328,1746.7,1422.7,983.4,845.8,353.40000000000004,24.3,100.8,21.9,173.1,33.299999999999996,159,142,1076.2,276.236,202.883,73.005,0.34799999999999996,395.571,180.772,214.799,13.8,142.5,128.69999999999998,21.6,3910.5,669.438,393.523,374.145,0.387,1732.769,656.879,1083.4659999999998,-5.7,276.2,281.89999999999996
1976q1,1820.5,1836.2,1855.265481747014,6323.6,6388.7,6444.359681612424,4175.1,96.136161265296608,67.03366971173956,62.05644177274208,6.204509,-1.8738817753606308,4287.7947664347928,61.821078658171952,23.943320902574812,64.337298641653488,33.019035852758656,0.329,27.833,27.949,14.098638518498424,55.899999999999992,56.2,NA,50.2,28.800000000000004,NA,13.346666666666666,10.58,NA,NA,38.323848118086504,88.748201508566448,7.7333333333333328,95.722065261882496,95.049,61.775200893011912,61.292277930033872,88.083101436292416,87.685666666666672,78.789,47.631,59.214,154.952252486662,155.07499999999998,71.7906597940178,7.7533333333333344,4.9166666666666672,4.8266666666666664,1801.8,1456.1,1014.7,871.2,358.5,19.4,107,21.6,174.4,36.1,175.1,159.1,1109.9,304.63799999999996,209.504,80.441,14.693,401.291,181.601,219.691,4.7,143.6,138.9,13.2,3988.7,734.031,401.933,409.621,39.195,1735.49,650.359,1095.656,-25.2,274.3,299.5
1976q2,1852.3,1869,1888.3350948201368,6370,6437.4,6493.9235296681272,4215.8,96.759731499470736,67.11390605402464,62.165445167903616,6.211358,-1.9082997990655492,4325.4407391451392,62.181401737379328,24.119334891498756,64.506010088948312,33.11592075701816,0.329,28.065999999999996,28.284,14.380464166563166,56.399999999999992,56.966666666666672,NA,51.4,29.088,NA,13.426666666666668,10.723333333333334,NA,NA,39.052163032469688,88.790287259394576,7.5666666666666672,96.371100101267504,95.826,61.624355668755512,61.516174107305272,88.818569780836496,88.591000000000016,79.326666666666672,48.069,59.246,155.658610808312,155.77366666666666,72.025656487264104,7.7733333333333328,5.1566666666666672,5.1966666666666672,1831.4,1481.2,1035.5,889.4,366.20000000000008,17,111.6,20.5,179,38.1,173.19999999999998,156.6,1129.5,322.303,215.008,84.847,22.448,400.985,182.502,218.482,-0.5,146.6,147.1,9,4025.4,763.083,407.281,419.72,58.961,1716.171,648.131,1076.4760000000002,-35.4,277.10000000000004,312.5
1976q3,1886.6,1903.7,1927.8299898486044,6404.9,6472.9,6544.8734771447704,4242.6,97.378942496043152,67.210356873722592,62.274283570370448,6.217563,-2.1386735379006148,4363.997786663176,62.538826719799056,24.308563801043476,64.67516394761336,33.220163742099288,0.329,28.492,28.727000000000004,14.66955768300338,57.3,57.9,NA,52.633333333333336,29.459000000000004,NA,13.52,10.943333333333334,NA,NA,40.008759325135184,89.26172285885,7.7333333333333328,97.228591123258096,96.625666666666672,61.83335177147912,61.73112142765876,89.461583279108592,89.163,79.714333333333328,48.182,59.483,156.38262882084502,156.52666666666668,72.433425502732512,7.73,5.15,5.2833333333333336,1869.2,1518.4,1058.4,908.5,375.5,16.100000000000002,116.6,20,182.9,39.9,174.69999999999998,158.4,1158.8,328.307,222.627,84.874,20.807,403.517,184.874,218.643,-4.1,151.80000000000002,155.80000000000002,2.4,4067.8,765.742,416.196,413.165,53.269,1711.1400000000002,649.119,1069.316,-40.2,285.10000000000004,325.3
1976q4,1934.3,1952.2,1977.8657229024836,6451.2,6520.7,6596.49865666572,4277.6,97.99558759194152,67.314241577221496,62.382794232620608,6.223099,-2.2026633253217852,4403.4319365676008,62.894534206078296,24.51395973639324,64.844761377782248,33.33077095092844,0.329,28.942,29.175999999999996,14.94322314153883,58.133333333333336,58.700000000000008,NA,53.766666666666664,29.960000000000004,NA,13.593333333333334,11.26,NA,NA,40.649870599674456,91.64171188016688,7.7666666666666672,97.789358877530496,97.102,61.924100986718232,61.761076694101336,89.913820302676496,89.570333333333328,80.199666666666672,48.32,59.803,157.065168737188,157.222,72.802971227359712,7.19,4.6733333333333328,4.8733333333333328,1908.6,1554.9,1084.8,929.9,385.00000000000008,16.3,119.9,19.1,187.9,41.8,174.30000000000002,157.1,1192.4,337.64999999999996,230.244,96.888,10.518,410.818,190.224,220.595,-6.6,156.1,162.69999999999998,3.8,4120.5,771.471,424.233,463.174,19.461,1710.087,650.524,1066.119,-48.1,288,336.2
1977q1,1988.6,2009.4,2025.8293717273472,6527.7,6606.1,6649.907668623456,4350.6,98.612421813046112,67.43478708220604,62.490814407132152,6.227931,-1.8377348184858812,4444.00689439208,63.250325700723544,24.730445550897684,65.014803542630776,33.44867618773184,0.329,29.465000000000004,29.667,15.236302553095794,59.200000000000008,59.666666666666672,NA,55.000000000000008,30.443000000000004,NA,14.383333333333332,11.773333333333334,NA,NA,41.961821546780976,92.090455912426416,7.5,98.430099821758496,97.702666666666672,62.198216107104048,61.8721133467868,90.720768063608496,90.359333333333328,81.023,48.632,60.434,157.76511499275798,157.91066666666666,73.239474724686896,7.3533333333333328,4.63,4.66,1960.9,1588.8,1113.3,950,393.8,16,122.6,16.399999999999998,196.2,42.6,184.1,165,1228.2,360.313,243.278,102.213,14.822,421.202,194.23,226.972,-21.1,155.4,176.4,-8,4169.1,807.213,439.694,476.949,33.147,1724.629,654.98,1076.689,-68.5,283.39999999999996,351.89999999999996
1977q2,2055.9,2076.7,2071.3756024591668,6654.5,6731.6,6704.5911506223664,4451.3,99.230458126941312,67.565859083765064,62.598181346383144,6.2320165634155272,-0.74711715445492384,4485.4551927215656,63.606887105845144,24.957443542949312,65.185291608384976,33.571392616055996,0.329,29.969,30.121,15.583682755765924,60.233333333333344,60.633333333333328,NA,56.500000000000008,30.925000000000004,NA,14.536666666666668,11.866666666666668,NA,NA,43.505767948307024,91.986996909860672,7.1333333333333336,99.2797821494336,98.696,62.43696408011504,62.208981063415392,91.869643259438208,91.661333333333328,82.101333333333328,48.831,61.58,158.522943856572,158.65233333333334,73.442026159713088,7.37,4.84,5.1566666666666664,2035.2,1633,1150.3,980.9,403.4,14.1,126.4,16.3,202.7,43.9,204.9,185.7,1256,389.703,253.749,116.485,19.469,431.362,198.93,232.431,-21.1,161.9,183,-8.8,4191.7,865.083,451.828,529.28,49.461,1740.413,663.298,1083.2739999999998,-64.2,291,355.2
1977q3,2118.5,2139.4,2113.9959592049536,6774.5,6851,6760.0970618994376,4546.4,99.848328182427712,67.703657987627136,62.7047323028516,6.235309,0.21305815535901384,4527.7047751259744,63.963380767682976,25.200597592193004,65.356226744329048,33.698740359982692,0.329,30.42,30.622,15.850571446550774,61.066666666666656,61.5,NA,57.733333333333336,31.351000000000004,NA,14.54,11.973333333333332,NA,NA,44.83453533659804,91.347183616968336,6.9,99.918752775677008,99.244,62.499848981254104,62.249393149330224,92.744257398734608,92.409,83.147,49.343,62.242,159.26753825418502,159.42966666666666,73.967232628964,7.3566666666666672,5.4966666666666672,5.82,2097.9,1677.7,1182.1,1007.5,413.5,11.8,130.6,15.6,209.9,45.6,219.6,199.9,1286.9,414.134,263.26799999999996,119.982,30.884,438.014,201.899,236.115,-20.6,162.30000000000002,182.9,-7.9,4231.3,908.859,460.849,527.70899999999992,86.816,1747.4090000000002,669.91999999999992,1082.145,-57,293.3,350.3
1977q4,2164.3,2183,2177.8809663590208,6774.6,6843.5,6817.110564476192,4532.7,100.46495375949298,67.855608442282688,62.810304529015584,6.237757,-0.62358625511683696,4571.0629827468552,64.319160816759152,25.460014203997648,65.527610122813432,33.83325735079024,0.329,30.852,31.067,16.110887314648732,61.966666666666672,62.333333333333344,NA,58.666666666666664,31.874999999999996,NA,14.643333333333332,12.19,NA,NA,46.5972268914564,89.739944933833584,6.6666666666666672,100.860376725831,100.294,62.839768990042992,62.628819306400008,93.865815233401408,93.639333333333328,84.127666666666672,48.715,62.855,159.956818147447,160.14033333333334,74.420257849802896,7.5966666666666672,6.11,6.5133333333333328,2155.5,1737.4,1217.6,1038.2,437.1,22,134.5,15.1,218.7,46.8,214.5,196.1,1324.8,422.299,275.943,122.235,24.121,446.749,206.299,240.45,-29.6,157.80000000000002,187.4,-18.9,4295,886.06,474.873,521.45500000000008,45.665,1743.244,665.28599999999992,1083.786,-71.400000000000008,283.89999999999996,355.3
1978q1,2202.8,2224.9,2228.49081189126,6796.3,6874.8,6875.5638754569496,4556.5,101.081498988526,68.020003108950848,62.914735277353136,6.239311,-1.152834544085768,4615.5741238181728,64.675017315394104,25.736753769343684,65.699442919262752,33.9747408404207,0.329,31.358000000000004,31.552000000000004,16.467968290006326,63.033333333333328,63.433333333333328,NA,59.8,32.397,NA,14.5,12.183333333333334,NA,NA,48.017953495123496,87.424074383845408,6.3333333333333328,101.377542062875,100.934,62.860728722144408,62.7587121698868,94.826151682044096,94.552666666666672,85.000666666666672,48.743,63.147,160.658765030013,160.82866666666666,74.977852915912288,8.01,6.3933333333333336,6.7566666666666672,2200,1778.1,1250.9,1063.8,447.7,18.5,140,15.9,225.1,48.2,209.9,187.5,1354.1,434.799,282.42399999999996,126.921,25.453,452.589,208.795,243.794,-38.7,164.6,203.3,-25,4319.1,903.329,479.025,526.316,54.392,1743.682,665.754,1083.636,-88.5,290.60000000000004,379.1
1978q2,2331.6,2350.4,2290.7369531242016,7058.9,7126,6935.1874585728376,4782.3,101.69919907994386,68.193137422067752,63.017861800342312,6.239927,1.783838463864984,4661.3409057350528,65.03178084192864,26.0299242885224,65.871726312184024,34.123392020097136,0.329,32.002000000000004,32.095999999999996,16.765175984112502,64.466666666666672,64.733333333333336,NA,61.1,33.043,NA,14.483333333333332,12.343333333333334,NA,NA,49.475957059517792,87.185386591839248,6,102.657948271544,101.947,63.27729114781244,63.115176979462448,96.119319460465888,95.835333333333328,86.540333333333344,49.712,64.986000000000008,161.379372054366,161.52533333333336,75.536035807571904,8.32,6.4766666666666664,7.2833333333333328,2309.6,1838.2,1299.1,1106,463,20.9,145.19999999999998,15.6,231.9,49.4,239.7,220,1411.4,470.584,309.351,136.976,24.257,472.288,217.004,255.284,-22.6,186.2,208.8,-12.9,4411.4,962.001,516.14700000000008,551.49800000000008,53.511,1787.41,678.63,1116.157,-59.4,320.89999999999996,380.3
1978q3,2395.1,2415.9,2350.273106854912,7129.9,7202.4,6996.4561916265856,4825.9,102.31904184356392,68.378828276397488,63.119521350461136,6.2395744323730472,1.9073057090405408,4708.3411588341032,65.390113300901744,26.335460113068136,66.044461483174576,34.27857899326824,0.329,32.564,32.647,17.139338954529194,65.966666666666672,66.133333333333328,NA,62.366666666666664,33.625999999999996,NA,14.493333333333334,12.493333333333334,NA,NA,51.340538612271296,84.440741417020384,6.0333333333333336,103.37698385551598,102.56833333333332,63.477323445529008,63.210386302242216,96.901266029695808,96.397,87.436,49.743,65.536,162.085947492897,162.26499999999998,75.852325524732,8.49,7.3133333333333328,8.1,2365.9,1892.6,1336.9,1138,475.2,20.8,147.6,17.100000000000002,238,51.7,246.2,223.8,1442.2,492.368,325.10000000000004,142.302,24.966,484.229,222.073,262.15499999999996,-23.8,191.3,215.1,-11.4,4430,990.029,533.657,557.859,54.536,1803.917,683.061,1129.029,-60.8,324.39999999999996,385.2
1978q4,2476.9,2501.5,2419.7143321287984,7225.8,7308,7058.9736449175472,4916.3,102.94193152439608,68.57238387104336,63.21955118018768,6.238234519958496,2.3633231043802992,4756.480705555108,65.753078307407944,26.653227855720708,66.21764961693032,34.4378972650919,0.329,33.179000000000004,33.232999999999996,17.58378039019333,67.5,67.599999999999992,NA,63.733333333333336,34.290999999999996,NA,14.77,12.77,NA,NA,52.917458349106344,83.295807093937904,5.9,104.103082032817,103.48366666666668,63.81944823657768,63.477565675401576,97.6730542454736,97.399666666666672,88.339333333333328,50.07,66.328999999999992,162.81275597175202,163.024,76.234024630318496,8.82,8.57,9.5833333333333344,2437.7,1946,1380.2,1174.4,487.30000000000008,19.5,151.4,17.5,245.3,53.6,258.39999999999996,231.5,1481.4,515.755,341.428,145.84,28.487,496.241,227.818,268.423,-16.399999999999998,205.4,221.8,-1.3,4465.7,1012.924,550.90099999999992,556.807,64.839,1820.148,688.835,1139.727,-53.2,337.3,390.5
1979q1,2526.6,2552.3,2486.3254376582584,7238.7,7322.8,7123.3135223529,4906.7,103.56780486560354,68.77922662932352,63.317788541999976,6.2359094619750976,1.619842749936784,4805.8948987404952,66.12358503499928,26.980552363362892,66.391291901253736,34.600697488382608,0.329,33.804000000000004,33.686999999999996,18.02300334600202,69.2,69.166666666666672,NA,65.233333333333336,34.930999999999996,NA,15.93,13.41,NA,NA,54.52398505612612,83.8867652060972,5.8666666666666672,104.685136939414,104.38266666666668,63.866283864998824,63.742674583578448,98.434676233461296,98.252333333333328,89.114,49.615,66.806,163.558660075304,163.75633333333334,76.405242167017504,9.1066666666666656,9.3833333333333328,10.073333333333334,2501.8,2005.2,1422.5,1208.6,506,23.8,156.30000000000002,17.3,253.2,55.4,250,222.3,1517.1,525.809,356.695,145.262,23.852,501.818,231.682,270.13600000000004,-18.2,211.7,229.8,-1.8,4488.8,1014.607,563.568,543.287,49.046,1802.151,687.822,1120.355,-51.9,337.5,389.5
1979q2,2591.2,2620.7,2569.3222407112088,7246.5,7339.6,7185.3170798524912,4913.2,104.19501834594518,68.960274626527888,63.414070688376072,6.232617,0.85149923750844624,4852.8560220899024,66.497752640073384,27.311881448178752,66.519026308881576,34.742207898998928,0.329,34.728,34.427,18.321779849645312,71.400000000000008,70.8,NA,66.599999999999992,35.775,NA,19.203333333333332,15.64,NA,NA,56.19021356933492,84.76772224610864,5.7,105.001966476535,104.327,63.571946952620448,63.440980090890288,98.691110045922912,98.371,89.771333333333328,49.523,67.019000000000008,164.28032135636,164.44733333333334,77.180509555440912,9.1133333333333328,9.3766666666666672,10.18,2550.2,2045.2,1454.7,1234.4,513.20000000000008,21.8,157.30000000000002,15.6,261.60000000000004,56.9,252.4,219.7,1557.6,539.293,364.268,147.625,27.401,516.508,237.578,278.92899999999996,-22.2,220.9,243.1,-2.7,4485.9,1013.693,563.03599999999992,533.706,55.49,1819.707,694.798,1130.904,-53.2,338.39999999999996,391.6
1979q3,2667.6,2703.7,2646.9474189225672,7300.3,7410.1,7243.7810175290224,4951.9,104.82153724032594,69.105846071700856,63.508234871794024,6.2283935546875,0.78024145586688128,4896.0293995545832,66.875722528001976,27.640722235979928,66.588135916481448,34.85318777992032,0.329,35.590000000000004,35.063000000000004,18.73210653795588,73.7,72.633333333333344,NA,68.2,36.522,NA,24.043333333333332,19.49,NA,NA,57.617127184677872,83.430066922246912,5.8666666666666672,105.80224585574,105.20933333333334,64.036697449123704,63.68616562987416,99.373210394503296,99.040666666666672,90.281333333333344,49.463,67.631,165.005033379565,165.19966666666664,77.264585902623392,9.1033333333333328,9.6733333333333344,10.946666666666668,2609.1,2110.9,1496.7,1269.4,526.6,22.3,158.5,15.4,272.2,58.2,250.3,211.3,1611.9,545.621,383.003,150.488,12.131,533.106,243.694,289.41199999999996,-23,234.3,257.3,2.4,4529.6,996.622,579.667,527.198,20.445,1825.02,696.393,1134.804,-35,350.60000000000004,385.6
1979q4,2723.9,2760.4,2716.2749608184936,7318.5,7427.6,7298.013253331672,4957.4,105.44346927041786,69.212567680368696,63.600118344731864,6.2232900000000008,0.28071676437384508,4934.9205690317448,67.257792184126448,27.959449928184192,66.59824841628044,34.930478600382868,0.329,36.451,35.793999999999996,19.23385612137138,76.033333333333328,74.833333333333328,NA,69.866666666666664,37.188,NA,26.993333333333332,22.116666666666668,NA,NA,59.192110187545248,84.360087334383664,5.9666666666666664,106.530211715608,105.92333333333334,64.110504253569728,63.78823038196256,99.862685519290592,99.637,90.575333333333328,49.405,67.785,165.812519169517,166.05466666666666,77.7492752440008,10.446666666666668,11.843333333333332,13.576666666666666,2668.1,2169.6,1534.9,1300.9,544.9,20.8,157,16.100000000000002,290.89999999999996,60.1,244.1,205.2,1655,547.875,391.332,147.99,8.5530000000000016,547.775,249.342,298.433,-26.8,253.7,280.5,-2.6,4540.8,978.943,581.264,506.125,14.701,1837.039,697.165,1147.526,-21.3,372.7,394
1980q1,2789.8,2827.8,2791.7518435767148,7341.6,7452.5,7346.7364451942096,4969,106.05389789200658,69.273610788688824,63.68955835966764,6.22320640721058,-0.06991465166237276,4968.5310114495168,67.635281883534872,28.271002868100144,66.54899150050552,34.97209720465976,0.329,37.545,36.67,19.88763517806962,79.033333333333328,77.6,NA,72.233333333333328,38.001,37,32.189999999999996,25.933333333333332,NA,NA,60.495492180048248,84.656225729759728,6.3,106.970075395848,106.567,63.971839552551336,63.903519379875952,100.081615085639,99.862333333333328,90.892333333333328,49.639,67.622,166.539803783359,166.76233333333334,78.182596329084896,11.986666666666666,13.353333333333334,15.046666666666666,2722.1,2233.2,1573.6,1333.8,562.20000000000008,13.3,154.30000000000002,15.8,316.2,62.6,237.4,197.2,1702.3,554.562,404.492,140.171,9.8989999999999984,568.78099999999992,261.06400000000004,307.717,-35.799999999999996,268.5,304.3,-10.7,4534.3,972.248,587.597,467.175,16.25,1864.003,715.77599999999992,1152.897,-11.2,383.1,394.3
1980q2,2797.4,2833.2,2875.0403195231168,7190.3,7293.2,7389.8628760517152,4828.3,106.64699852258438,69.29274127191476,63.776392169079408,6.2144459206877168,-2.7004949807450164,4997.176494768384,68.013546934684424,28.582347674240504,66.439992861383784,34.978102075634396,0.329,38.464,37.49,20.434684215908636,81.7,80.2,NA,74.166666666666672,38.903,37.9,34.116666666666668,27.913333333333332,NA,NA,60.760033995396536,84.495951221581808,7.3333333333333328,107.293542123288,106.76666666666668,63.833156022968336,63.773402329929304,99.149065513857488,98.953333333333328,90.456666666666672,49.122,66.401,167.248040710488,167.41566666666666,78.6031454251944,10.476666666666666,9.6166666666666672,12.686666666666668,2741.7,2270.8,1599.2,1353.9,569.9,3.1,157.19999999999998,17.100000000000002,327.60000000000004,64.900000000000008,206.8,169.9,1704.7,519.294,394.68,116.864,7.75,588.547,276.514,312.033,-15.2,277.39999999999996,292.60000000000004,9.8,4432.2,889.579,560.428,380.553,13.872,1867.666,729.918,1137.617,24.6,390.3,365.6
1980q3,2856.5,2890.9,2953.9699036201076,7181.7,7279.2,7426.7549997649312,4825.4,107.21878337932856,69.267294084935376,63.8604570254452,6.2056821483064696,-3.2996241261854964,5020.6666924256448,68.382979589637944,28.891520434162664,66.27088019114224,34.952669233037276,0.329,39.364,38.325,21.020544920796164,83.233333333333328,81.399999999999984,NA,75.7,39.77,38.7,34.47,28.796666666666668,NA,NA,62.35862768661728,83.0454981385516,7.6666666666666672,107.70433855412602,107.12066666666668,63.819409536763936,63.720327086125816,99.18837525659088,98.899,90.050666666666672,49.316,66.098,167.93214338866098,168.11066666666664,79.063811807179504,10.953333333333334,9.1533333333333344,9.8366666666666656,2823.8,2349.2,1628.6,1377.3,591,11.7,161.69999999999998,19.9,333,64.7,214.1,179.19999999999998,1763.8,495.071,405.717,123.21,-33.854999999999996,592.169,276.086,316.08300000000004,5.5,284.7,279.2,28.2,4480.8,830.866,564.1,392.239,-59.914,1842.245,721.512,1119.993,50.1,389.5,339.3
1980q4,2985.6,3014.1,3046.6522950104632,7315.7,7396.6,7465.298162717056,4939.9,107.7669693641036,69.272600006915408,63.941678523770896,6.1969094298297528,-2.0039141030451348,5045.4369596402728,68.741160195969488,29.20285896828124,66.130299512420208,34.942091998526052,0.329,40.338,39.259,21.643670744187564,85.566666666666656,83.933333333333344,NA,77.333333333333328,40.825,39.5,35.116666666666668,30.246666666666668,NA,NA,63.092863154853664,84.533359428178528,7.4,108.115557440821,107.44166666666668,63.881922789759648,63.690397386979568,99.761310066482512,99.498666666666672,90.726666666666672,49.817,66.986999999999992,168.579108924167,168.69366666666664,79.199930707863296,12.423333333333334,13.613333333333334,15.853333333333334,2964.7,2444.6,1687.6,1428.7,630.1,18.7,166.30000000000002,23.2,357.3,64.599999999999992,234.3,204.4,1831.9,551.472,422.755,137.835,-9.118,608.893,285.815,323.079,-6.7,292.5,299.2,6.7,4541.4,908.306,575.889,428.828,-16.997,1841.838,725.158,1114.4949999999998,29.6,387.1,357.5
1981q1,3124.2,3155.6,3144.7589058220544,7459,7545,7508.084206685456,5044.9,108.29123651908922,69.332334249982976,64.019794930470096,6.1881203451032872,-0.65375141426557984,5073.3844350762616,69.086634934544096,29.516329845107356,66.040005730725712,34.959942440058432,0.329,41.384,40.129,22.303868022484384,87.933333333333344,85.9,NA,79.233333333333328,41.907,40.5,38.72,36.54,NA,NA,62.639380599555896,86.843078959867616,7.4333333333333328,108.826372023319,108.27366666666668,64.183484923754736,63.96166486490744,100.504735997144,100.239,91.116,50.584,67.373000000000008,169.15709794547998,169.279,79.556922129554704,12.96,14.389999999999998,16.57,3064.9,2508,1739.6,1467.7,651.69999999999992,17.600000000000002,170.6,24,373.4,66.099999999999992,243.1,213,1885.7,619.381,443.025,137.601,38.755,633.35,297.218,336.132,-14.3,305.5,319.7,1.7,4556.6,992.376,587.597,418.342,69.238,1866.472,739.388,1123.232,21.6,394.4,372.8
1981q2,3162.5,3192.5,3226.7047112309736,7403.7,7485.1,7554.0090657836384,4983.5,108.79162711025396,69.435573917173728,64.093355634760104,6.17930610228008,-1.9897919697300036,5104.330205980772,69.418691488219128,29.829052257260308,65.997159614613,35.004938173534116,0.329,42.078,40.888,22.801454564059868,89.766666666666672,87.8,NA,81.466666666666672,42.694,41.4,37.76,35.906666666666668,NA,NA,63.894177915925648,91.39139381308072,7.4,109.319372318393,108.84766666666666,64.197668924059856,64.089363940397872,100.95109220130302,100.80066666666668,91.356333333333328,49.93,67.425,169.727531059596,169.83733333333334,79.980486827374512,13.75,14.906666666666666,17.780000000000002,3127.1,2558.1,1774.8,1496.7,666.99999999999992,18.2,158.19999999999998,23.3,398.4,68.900000000000008,239.3,211.8,1917.5,609.843,462.864,135.26499999999998,11.713,648.673,311.91000000000004,336.76299999999996,-13.5,308.5,322,0.2,4556.9,951.246,599.54600000000008,405.016,17.351,1870.062,758.341,1101.751,23.2,396.5,373.3
1981q3,3260.6,3293.3,3308.6073409637216,7492.4,7578.4,7602.7141144073456,5027.3,109.27432357240332,69.574570364372152,64.1640168073578,6.1704567803530488,-1.4509833297334796,5138.1549246508936,69.741260411851232,30.140541169588848,65.99892193263632,35.07392583214402,0.329,42.772,41.641,23.547021533658168,92.266666666666672,90.766666666666672,NA,84.266666666666672,43.524,42.1,35.946666666666664,34.423333333333332,NA,NA,63.556350672912136,95.529137753626752,7.4,109.095146383249,108.525,63.788911873230528,63.683646364315648,100.698033196461,100.482,91.547666666666672,50.397000000000008,67.387,170.290095186846,170.41266666666666,80.187365408069392,14.846666666666666,15.053333333333332,17.576666666666668,3231.8,2657,1815.1,1530.6,711.79999999999992,23.3,158.9,23.1,435.2,71.3,256.10000000000004,228.6,1958.1,652.297,482.109,126.228,43.96,657.774,317.44799999999996,340.32600000000004,-7.6,302.3,309.89999999999996,7.1,4578,1004.861,613.463,373.58,71.443,1863.621,755.239,1098.597,19,388.1,369.1
1981q4,3280.8,3318.4,3388.6272150363552,7410.8,7506.3,7654.3643517408624,4952.2,109.74603832497134,69.746156385849304,64.234428656244008,6.1615614833320032,-3.1820323745820556,5174.8379496667216,70.05761513979748,30.444033263841452,66.04245345334996,35.164818607904424,0.329,43.427,42.381,24.296557353104996,93.766666666666672,92.533333333333328,NA,86.733333333333328,44.243,43,35.863333333333336,34.243333333333332,NA,NA,62.767031263645288,93.8615043864696,8.2333333333333344,109.577702017565,109.05733333333334,64.018899020080384,63.779823810702736,100.269315734433,100.07666666666666,91.148666666666672,49.862,67.093,170.852898010981,170.99033333333336,80.438315383945392,14.086666666666668,11.75,13.586666666666666,3253.5,2689.7,1840.7,1550.6,719,17,154.9,24.7,449.8,72.6,245,211.4,1974.4,643.395,503.755,114.834,24.807,677.727,329.343,348.384,-14.8,304.7,319.39999999999996,4.6,4546.7,969.475,627.75300000000008,334.57600000000004,36.32,1887.304,768.786,1107.185,10.2,389.8,379.6
1982q1,3274.3,3310.3,3459.5138095118744,7295.6,7386.4,7708.2823652917664,4844.5,110.20880450621406,69.942527730233568,64.304996184171104,6.1526084424044576,-5.353752570740788,5213.87178045796,70.368462183247616,30.72577030279814,66.12491494530816,35.273557543596788,0.329,43.979,43.002,24.938179331099512,94.600000000000016,93.666666666666672,NA,88.866666666666656,44.877,43.8,35.03,33.053333333333336,NA,NA,63.144041325532008,99.061188885704832,8.8333333333333344,109.97230916828598,109.37433333333332,64.021816813520048,63.776237096470088,99.960200163948704,99.708666666666672,90.520666666666672,49.612,65.964,171.382018819231,171.49700000000002,80.844864614222304,14.293333333333334,12.813333333333332,14.226666666666666,3272.1,2724.7,1864.7,1567.5,729.7,14.4,150.80000000000002,23.5,468.7,72.3,219.8,188.2,2014.2,588.318,500.083,109.701,-21.466,688.10400000000008,334.85700000000004,353.247,-16.3,293.2,309.5,0.69999999999999992,4580.2,877.772,614.634,315.27499999999996,-34.131,1885.192,769.305,1104.074,4.1,372.9,368.8
1982q2,3332,3372.9,3529.64498568652,7328.9,7429.8,7763.6299926764512,4868.2,110.65835248796514,70.158553946669328,64.372502971269696,6.1435850852786056,-5.5995712454939176,5254.1806209041304,70.671081599148056,30.991749622043812,66.2434671770652,35.394048082161392,0.329,44.402,43.584,25.450690506147764,95.966666666666672,95.4,NA,91.333333333333328,45.473,44.3,33.130000000000004,31.196666666666664,NA,NA,63.610230652699976,104.38912160468194,9.4333333333333328,110.515868908945,110.11733333333334,64.158151348885344,64.014261907530144,99.865831359108608,99.745,90.040666666666672,49.626,66.268,171.904625479819,172.02000000000002,80.849300014074992,13.93,12.42,14.513333333333334,3326.7,2769.5,1884.4,1581.7,747.7,12.8,156.6,21.1,485.8,71.400000000000008,234.1,200.5,2039.6,593.621,490.069,107.717,-4.166,703.093,342.92,360.173,-4.4,294.7,299.10000000000004,17.399999999999998,4594.1,877.104,595.47400000000008,305.08300000000004,-6.705,1892.356,772.483,1107.931,12.4,375.1,362.8
1982q3,3366.3,3401.3,3605.7342903003904,7300.9,7387.6,7820.189965259816,4843,111.0966196097071,70.390890314510744,64.4371024452942,6.13447808484682,-6.640375330608272,5295.989883131516,70.96671662983432,31.243873745854304,66.395270917175328,35.527071554358992,0.329,45.103,44.282,26.131747659641424,97.633333333333344,97,NA,93.866666666666672,46.104,45.1,33.14,31.529999999999996,NA,NA,63.822738463347216,110.43278044709628,9.9,110.931447613945,110.52566666666668,64.16255669323488,64.064803454638568,99.720882415357104,99.543333333333344,89.355666666666672,49.724,65.795,172.40185335030798,172.52166666666664,80.918503419946208,13.116666666666668,9.3166666666666672,11.006666666666666,3360.8,2810.5,1904.8,1596.4,754,11.9,158.80000000000002,24.4,486.2,72.7,231.5,200.4,2085.7,592.95399999999992,478.723,108.433,5.798,717.34400000000008,351.509,365.835,-29.6,279.60000000000004,309.3,-14,4624.9,869.067,578.36300000000008,304.789,7.453,1907.531,785.194,1107.952,-21.1,358.5,379.6
1982q4,3402.6,3436.7,3670.1755861132472,7303.8,7387.6,7878.1603614453456,4840,111.52749990486446,70.638724692704488,64.5003764617764,6.125273394360952,-7.290539099155536,5338.8778624769936,71.25786245384748,31.489189880080156,66.571634076991088,35.668444604259064,0.329,45.601,44.899,26.72476599496424,97.933333333333344,97.333333333333328,NA,96.4,46.571,45.6,33.073333333333336,31.78,NA,NA,65.356820747007008,112.84763536590352,10.666666666666668,111.304126573321,110.959,64.22112420876168,64.121100747778048,99.314483440508,99.119666666666672,88.821333333333328,50.161,65.182,172.901427400274,173.046,81.218972509265792,10.666666666666666,7.9066666666666672,9.2866666666666672,3380.9,2853.1,1918.1,1604.4,768.3,14.2,165.30000000000002,26.3,486.3,76.2,225.5,191.5,2145.6,549.242,471.521,117.54,-39.82,737.351,364.058,373.293,-29.6,265.3,294.89999999999996,-17.3,4706,801.889,568.384,328.92700000000004,-65.093,1936.943,803.716,1116.349,-22.6,342.10000000000004,364.7
1983q1,3473.4,3507.5,3724.9071885475008,7400.1,7483.1,7935.9376075229936,4935.7,111.95250095898396,70.886648708549016,64.562756667510104,6.1159562731830032,-6.7520390661216512,5381.37733593588,71.545492018828512,31.742798510459576,66.748465703366464,35.807841874691164,0.329,45.978,45.489,27.367646367688872,98,97.933333333333344,NA,98.566666666666656,46.943,46.1,30.196666666666664,29.62,NA,NA,66.822618480754048,113.7959065073244,10.366666666666668,111.418709865303,110.63866666666668,64.074848368250896,63.7668462964564,99.4604086648104,99.143,88.999,50.843,65.578,173.404308731123,173.505,81.3013164445376,10.563333333333334,8.1066666666666656,8.6533333333333328,3442.8,2893.1,1947.2,1622.4,784.2,12.9,170.4,25.8,495.8,79.3,242.4,209.5,2184.6,565.52,462.106,138.47300000000002,-35.060000000000004,747.852,370.501,377.351,-24.5,270.7,295.3,-7.9,4752.5,829.672,559.895,385.483,-60.654,1955.554,816.377,1120.376,-25.4,347.60000000000004,373
1983q2,3578.8,3615.6,3780.4062367754016,7568.5,7656.6,7994.8598980201824,5102.5,112.3663644934377,71.149938276120776,64.621160503099904,6.1065113051627296,-5.3329251976731216,5424.1663100979352,71.826254955321304,32.018069918723632,66.925767040670824,35.95147809877178,0.329,46.398,45.837,27.81713003851958,99.133333333333344,98.9,NA,99.9,47.291,46.7,28.57,28.606666666666664,NA,NA,67.344318693677168,116.83898600062844,10.133333333333332,111.706062087918,111.16766666666668,64.054431331992536,63.905133825919,100.178732151966,99.945,89.676333333333328,51.956,66.343,173.887834082926,173.95733333333334,81.470312722962704,10.543333333333334,8.3966666666666672,8.8033333333333344,3526.6,2943.4,1986.3,1654.7,793.2,7.9,174.80000000000002,24.7,504.7,81.1,272.60000000000004,238.3,2249.4,613.783,466.455,155,-7.672,761.061,380.323,380.739,-45.4,272.5,317.89999999999996,-27.6,4849.3,903.148,567.66600000000008,430.369,-9.5399999999999984,1971.659,831.608,1118.16,-53.1,348.60000000000004,401.7
1983q3,3689.2,3727,3849.614783175544,7719.7,7809.6,8055.3700644259584,5216.9,112.77097088750616,71.431238030765312,64.676173352488304,6.0969224103273768,-4.167034682966852,5468.0543628518688,72.101362655829568,32.322017587356824,67.103539336578936,36.104083704707032,0.329,47.008,46.533,28.396161429690016,100.1,100.13333333333332,NA,101.33333333333332,47.794,47.3,29.266666666666664,28.866666666666668,NA,NA,69.520301748775992,120.47206737686218,9.3666666666666672,112.449603251149,112.095,64.424866017251832,64.256479436245088,101.768763109186,101.61066666666668,90.604333333333328,52.080000000000008,67.669,174.37123902061898,174.44933333333336,81.835402914766608,11.626666666666666,9.14,9.4599999999999984,3613.6,3002.2,2029.6,1691.4,817.7,0.2,183.6,23.7,527,83.2,289.39999999999996,254.4,2319.9,652.269,485.371,171.101,-4.204,782.216,394.447,387.769,-65.2,278.2,343.39999999999996,-47.9,4936.2,959.692,591.563,472.391,-3.299,2005.68,853.067,1127.92,-79.1,353.89999999999996,433
1983q4,3794.7,3834.4,3909.1176448479192,7880.8,7973.9,8118.4215710115392,5345.4,113.16911806179578,71.737075538385752,64.729158092827008,6.087172849586956,-2.926942989263026,5513.5224283184664,72.372615009363872,32.66533252948772,67.281783842079688,36.267853839746752,0.329,47.318,46.905,28.965292857686156,101.1,101.43333333333334,NA,102.83333333333332,48.151,47.9,29.353333333333336,28.94,NA,NA,70.500403297931072,121.80203790837948,8.5333333333333328,112.547807087802,112.16033333333332,64.274002498941232,64.109814023408544,102.749649912333,102.588,91.875,52.38,68.938999999999992,174.841269830742,174.95033333333334,82.462479359253088,11.686666666666666,8.8,9.43,3725.7,3088.1,2086.8,1741.5,848.59999999999984,3.8,191.5,23.5,545.5,84.3,307.2,269.2,2372.5,718.496,514.687,179.877,23.932,775.099,384.159,390.94,-71.400000000000008,286.60000000000004,358,-56.8,5014.9,1053.054,627.328,492.334,34.462000000000004,1973.58,825.493,1128.581,-93.3,361,454.3
1984q1,3908.1,3945.1,3980.7289455238096,8034.8,8121.8,8184.1203990416576,5474.1,113.56285319344272,72.066878991679136,64.780607323205304,6.0772452214512824,-1.8245137138884536,5561.2302611288096,72.641333981681952,33.044458840883436,67.460501811484992,36.446350104926632,0.329,47.83,47.379,29.513051699830396,102.53333333333332,102.83333333333332,NA,104.73333333333334,48.626,48.4,28.886666666666668,28.763333333333332,NA,NA,70.083007238522808,123.44504047172108,7.8666666666666656,112.771672278037,112.51233333333334,64.3133490824754,64.04439165446004,103.660355770387,103.664,93.086333333333328,52.633000000000008,70.257999999999992,175.30274793773,175.67866666666666,82.8017679184364,11.943333333333334,9.17,9.6866666666666672,3866.1,3176.2,2143.8,1784,888,19.5,202.4,23.2,558.1,84.8,335.7,301.10000000000004,2418.2,790.872,531.465,186.425,72.982,794.021,392.404,401.617,-95,293,388,-78.5,5056.5,1154.826,647.28599999999992,507.084,109.746,1994.498,832.494,1142.902,-122.2,368.5,490.8
1984q2,4009.6,4047.1,4048.1871503008304,8173.7,8261.2,8252.361160817512,5576.2,113.95025883105928,72.42073204109456,64.828555492950104,6.067121449278656,-0.95319581007916592,5610.903441418928,72.906306833792176,33.447539675698252,67.6396945024384,36.63824582975176,0.329,48.293,47.934,30.003569769249488,103.49999999999998,104.1,NA,106.23333333333334,49.063,48.9,29.186666666666668,28.79,NA,NA,70.466105363941512,125.74533684814248,7.4333333333333328,113.765591788758,113.52133333333334,64.592030762348728,64.45485790421972,104.973497492204,105.04,94.123,52.926000000000008,71.173,175.76490912736198,176.12533333333334,83.304253767516704,13.200000000000002,9.7966666666666672,10.556666666666666,3962.8,3258.7,2195.2,1828.1,920.7,21.3,210.5,21.7,581.4,85.8,337.7,301.2,2475.9,818.894,558.274,191.299,69.321,819.132,408.298,410.833,-104.3,302.2,406.5,-87.9,5127.3,1192.381,677.463,515.94500000000008,103.174,2037.823,857.714,1158.1389999999998,-133.6,377.7,511.3
1984q3,4084.3,4121.6,4118.8710895834904,8252.5,8339.3,8322.3523411080848,5624,114.3343336196842,72.789616886132608,64.873588093807296,6.0567827573329104,-0.83933409984398016,5661.965244162724,73.169466470858672,33.868183160306756,67.81936317592428,36.838699253990392,0.329,48.666,48.384,30.432515825130944,104.4,105.4,NA,107.66666666666668,49.506,49.2,28.873333333333336,28.693333333333336,NA,NA,70.66914448127912,131.9701125426802,7.4333333333333328,114.149507106668,113.837,64.575986847070168,64.462065815253696,105.418709501843,105.36266666666666,95.055,53.149,71.482,176.23629413538398,176.59533333333334,83.816412289277296,12.866666666666668,10.32,11.39,4040.4,3332.6,2241.6,1867.1,950.40000000000016,20.4,211.9,24.4,608.20000000000008,85.5,333.10000000000004,295.3,2513.5,838.852,576.64200000000008,190.872,71.337999999999992,835.72,413.986,421.734,-103.8,305.7,409.6,-90.4,5165.4,1218.184,698.246,509.909,107.716,2054.317,856.929,1177.916,-138.5,386,524.6
1984q4,4148.6,4181.8,4185.318604328616,8320.2,8398.5,8393.8407780299264,5667,114.71923777787404,73.168554294987216,64.9175249306292,6.0462096339433904,-0.87731921509248688,5714.1893793247096,73.433491905605984,34.295870961072844,67.999509096276344,37.044814615031336,0.329,48.966,48.728,30.915758729657828,105.3,106.46666666666666,NA,109.26666666666666,49.852,49.8,28.516666666666664,28.276666666666668,NA,NA,71.356499013514168,135.64439423075954,7.3,114.636056194997,114.25666666666668,64.672359812633896,64.503563249322072,106.040379353665,105.94433333333334,95.906,53.208,71.947,176.725496536095,177.13233333333334,84.0550840797808,11.743333333333334,8.8033333333333328,9.2666666666666672,4115.4,3387.2,2282.9,1900.5,959.40000000000016,22.5,204.4,29.3,616,87.2,342.5,305.2,2561.8,831.741,590.903,192.86,47.979,862.769,432.53,430.24,-107.8,308.60000000000004,416.4,-103.4,5232.3,1202.383,714.665,510.412,67.827,2097.444,884.389,1189.85,-146.1,393.9,539.9
1985q1,4230.2,4255.9,4263.0787862741536,8400.8,8463.9,8466.0943377929904,5730.4,115.10750794226002,73.549453803132768,64.961377311643504,6.0353817803821864,-0.77124510060695424,5767.0739603736768,73.700026014274624,34.724065321926816,68.180133531186784,37.252451357655488,0.329,49.544,49.393,31.385378666449208,106.26666666666666,107.63333333333334,NA,110.80000000000002,50.363,50.4,27.226666666666668,26.756666666666668,NA,NA,72.511618431526144,142.50603271777394,7.2333333333333328,115.13515575105,114.97633333333332,64.879956199135024,64.767249942260792,106.577276745135,106.61533333333332,96.572333333333328,53.378,72.522,177.18944566522402,177.52233333333334,84.2278257757268,11.583333333333334,8.1833333333333328,8.4766666666666672,4191,3451.5,2323.5,1932.1,982.2,22.8,217.8,26.9,624.20000000000008,90.5,347,311.39999999999996,2636,809.865,599.417,194.219,16.23,875.592,434.778,440.814,-91.3,306,397.3,-89.4,5321.2,1169.416,722.675,511.627,20.964,2120.284,892.479,1204.874,-133.1,394.9,528
1985q2,4294.9,4322.6,4327.3628150742768,8474.8,8540.7,8538.8564076442944,5787.7,115.49766431769582,73.930987765750224,65.003527873744704,6.0242782379984552,-0.75017548704706672,5820.2105377946088,73.968141794406896,35.14542018379516,68.361237751715096,37.459412576372616,0.329,49.945,49.821,31.872592796926872,107.23333333333334,108.76666666666666,NA,112.63333333333332,50.66,51,27.48,26.970000000000004,NA,NA,73.34049457536096,141.11304391433628,7.3,115.27304813649702,115.17666666666668,64.766625692374216,64.725507128553744,106.679081865035,106.791,97.269666666666688,53.546000000000008,73.017,177.660344279312,177.94633333333334,84.8463072263344,10.813333333333332,7.46,7.9233333333333328,4248.3,3493,2363.6,1963.6,984.89999999999984,20.4,218,25.3,628.4,92.8,350.3,310.3,2681.8,827.04,609.088,196.306,21.646,900.527,447.306,453.221,-114.4,304.10000000000004,418.6,-111.4,5370,1189.334,733.027,515.953,30.728,2167.338,915.99,1226.696,-159.9,394.1,554
1985q3,4386.8,4409.3,4390.7219348405712,8604.2,8659.9,8611.8924208432688,5877.9,115.8937744849639,74.308498960490576,65.045415415980696,6.0128780798807528,-0.089323234282978608,5873.338403570032,74.240465143228048,35.553911427580664,68.542823032297048,37.66268833449724,0.329,50.337,50.332999999999992,32.28900174917024,107.9,109.73333333333332,NA,114.56666666666666,50.997,51.6,26.58,26.513333333333332,NA,NA,74.32950146414928,138.7751958140634,7.2,115.727662568853,115.50533333333332,64.75938875074344,64.740303415290328,107.180018966562,107.18633333333334,97.844333333333328,54.228,73.222,178.158245646991,178.41333333333336,85.309098398158192,10.336666666666666,7.1066666666666664,7.9,4325.8,3541.7,2406.4,1997.4,990.6,19.3,221.5,27.1,627.79999999999992,94.9,367.3,331.5,2754.1,822.157,604.432,201.422,16.303,927.363,463.111,464.252,-116.9,297.3,414.2,-121.3,5472,1181.2260000000002,724.697,525.56500000000008,25.833,2216.743,943.261,1246.217,-160.30000000000002,388.3,548.6
1985q4,4444.1,4469.7,4452.711175604696,8668.2,8729.5,8684.996064979776,5931,116.29973125589752,74.677696768446864,65.089268317458408,6.00116223674976,-0.19339173966355096,5926.2708870090728,74.519511421595056,35.94387610858638,68.72489065075364,37.859814045242592,0.329,50.688,50.694,32.6940006131371,109.00000000000002,111.00000000000002,NA,116.46666666666666,51.261999999999992,51.9,26.706666666666668,26.746666666666668,NA,NA,75.594441192323456,134.76339080949234,7.0333333333333336,116.384802883058,116.21133333333332,65.008074925758848,64.944059669685672,107.954208141194,108.02333333333332,98.428333333333328,54.445,73.589,178.67429994679798,178.94066666666666,85.613281123453408,9.76,7.1666666666666672,8.1033333333333328,4374.4,3605.4,2455.7,2037,1008.6,21.4,223,25.6,641.6,97,347.8,306.60000000000004,2779.4,859.545,618.067,208.359,33.119,938.584,466.441,472.143,-133.4,305.39999999999996,438.9,-135.19999999999998,5483.9,1224.763,737.817,537.02599999999992,47.518,2225.878,943.805,1255.722,-170.19999999999998,399.9,570.1
1986q1,4507.9,4530.1,4512.4486799057528,8749.1,8804,8757.9282471579744,5992.6,116.71555705602358,75.036511567640992,65.135711646447904,5.989116414842148,-0.10080291718350676,5978.7131990268616,74.80531447467592,36.320141059643256,68.907441888300056,38.048912112358984,0.329,51.047,51.241,33.210870142131904,109.56666666666666,112.20000000000002,NA,118.83333333333332,51.515,52.5,19.086666666666668,20.063333333333332,17,NA,77.1360131062004,132.20422116008374,7.0333333333333336,116.81744655237,116.928,65.134367014088384,65.023096486219952,108.40968751109,108.73466666666666,98.837666666666672,55.09,73.483,179.179882505185,179.82533333333334,85.9336224634008,8.5566666666666672,6.8966666666666664,7.8266666666666672,4439.6,3668.7,2491.1,2063.5,1031.1000000000002,18.3,227.4,22,661.70000000000008,101.7,338.5,296.7,2823.6,863.457,613.525,219.534,30.397,946.803,463.966,482.837,-126,313.39999999999996,439.4,-128.30000000000002,5531.8,1224.404,730.499,558.83399999999992,42.151,2243.464,941.147,1278.823,-157.1,412.5,569.5
1986q2,4545.3,4560.8,4567.0822947203288,8788.5,8830,8830.616845345656,6023.3,117.13598656665784,75.387736119168416,65.182484049497704,5.9767344249437432,-0.47694114786391848,6030.7615626428184,75.094512101037488,36.682462349921944,69.090478029554792,38.232344829456744,0.329,50.993,51.591999999999992,33.7188267170662,109.03333333333334,113.13333333333332,NA,121.13333333333334,51.695,52.800000000000008,12.856666666666668,12.976666666666666,13.883333333333332,NA,78.74201819783192,129.93894039321818,7.1666666666666672,117.518059989805,117.64266666666668,65.244292660659736,65.240811739087048,108.910916734703,109.20566666666668,99.174666666666672,55.522000000000008,73.284,179.69580076009398,180.32066666666664,86.046179714174704,7.6033333333333328,6.14,6.92,4468.8,3709.1,2517.2,2081.8,1043.3,19.6,232,21.1,666,104.6,324.8,286.39999999999996,2851.5,855.237,605.016,234.559,15.663,967.519,477.801,489.718,-128.9,315.10000000000004,444,-141.9,5592.1,1203.028,715.67600000000008,590.93499999999992,20.508,2290.227,971.62,1291.3320000000002,-176.9,416.9,593.79999999999992
1986q3,4607.7,4625.8,4623.6836402095488,8872.6,8918.3,8903.3781422669104,6079.4,117.56003067786464,75.734738166781776,65.229912094982392,5.96401752308534,-0.34569061063235428,6082.3768633641288,75.3864749186776,37.037208290842032,69.274000362548576,38.41022628531968,0.329,51.263000000000008,51.946999999999992,34.181520816515856,109.7,114.20000000000002,NA,123.23333333333334,51.941,53.1,11.876666666666666,12.106666666666668,13.853333333333334,NA,80.642680474119808,129.05715270063684,6.9666666666666664,118.094232555217,118.22466666666668,65.400135061252472,65.37685228024708,109.667667442142,109.97,99.665,55.759,73.655,180.214946550412,180.83566666666668,86.237124660786704,7.3066666666666672,5.5233333333333336,6.2066666666666664,4515.2,3754.9,2555.2,2111.5,1049.1,26.6,237.8,16.600000000000002,663.79999999999992,104.3,315,275.60000000000004,2917.2,835.832,601.96400000000008,240.887,-7.019,993.597,495.057,498.54,-139,320.5,459.4,-150.19999999999998,5691,1170.667,707.453,599.015,-11.777,2340.1149999999996,1005.285,1303.288,-183.8,426.4,610.20000000000008
1986q4,4657.6,4669.6,4686.8005908519048,8920.2,8953.5,8976.1247489086976,6112.1,117.98729312718984,76.077046188630416,65.279043854926896,5.9509733113858928,-0.6230389001166348,6133.899082271808,75.680948085916224,37.380751845197512,69.458010178733504,38.584869776325592,0.329,51.573,52.37,34.724743599580208,110.46666666666666,115.3,NA,125.46666666666668,52.25,53.5,13.47,13.396666666666666,15.41,NA,81.6455258314592,130.90935252669866,6.8333333333333328,118.393024063336,118.587,65.46913106799684,65.385703993412928,110.114405970765,110.492,100.31266666666668,55.639,74.209,180.730605751175,181.36533333333336,86.661861519368096,7.2633333333333344,5.3533333333333336,6.2666666666666664,4575.5,3792,2604.7,2152.5,1040.6000000000002,26.6,237.6,13.4,661.1,101.9,315.89999999999996,277.7,2952.8,842.063,610.553,244.268,-12.759,996.385,489.807,506.577,-133.6,335,468.6,-150.30000000000002,5725.8,1174.171,714.292,600.64,-9.977,2330.449,993.523,1307.6780000000002,-172.6,442.4,615
1987q1,4722.2,4736.5,4754.9214318711992,8986.4,9023,9048.6692548742848,6159,118.41514196656396,76.414798855954528,65.330094838424,5.9376143269418304,-0.68815925436486184,6185.0430459094712,75.976238028551248,37.72042999653224,69.642508772992104,38.755372658851088,0.329,52.061,52.701,35.23178668178624,111.79999999999998,116.23333333333334,NA,127.23333333333334,52.554,54,16.896666666666668,16.676666666666666,18.233333333333336,NA,83.52882242799456,127.0832319727539,6.6,119.010154086618,119.079,65.506707404249352,65.42754265536516,110.928045117258,111.206,100.92033333333334,55.376000000000008,75.133,181.266928059855,182.00133333333336,87.101972737437296,7.1933333333333336,5.5366666666666664,6.22,4652.5,3843,2647.8,2192.7,1048.1,27.3,248.2,14.5,658.79999999999992,99.3,329.7,288.39999999999996,2983.5,871.196,596.55100000000008,246.672,27.973,1008.681,492.136,516.544,-141.19999999999998,336.5,477.7,-150.9,5731.2,1205.858,697.42100000000008,599.611,45.442,2344.118,999.967,1314.604,-168.6,442.8,611.29999999999992
1987q2,4806.2,4824.3,4825.8694050806008,9083.3,9126.5,9120.4734649345888,6236,118.83371475113068,76.749880991562704,65.379706361958096,5.9239565541955256,-0.40758262251965328,6235.86372369408,76.266005956106928,38.054515467067576,69.827497443646424,38.925355629046624,0.329,52.564,53.213,35.83073372955692,113.06666666666668,117.63333333333334,NA,129.26666666666666,52.910999999999992,54.300000000000008,18.283333333333336,17.920000000000002,19.396666666666668,NA,85.065983983289648,125.41109701091316,6.2666666666666664,119.53842020242,119.66266666666668,65.5596972787618,65.559005076883752,111.848579407435,112.158,101.709,55.749,75.564,181.787164281261,182.52666666666668,87.280810900878,8.3433333333333344,5.6566666666666664,6.65,4759.4,3901.3,2692,2229.9,1061.2,29,253.3,14.1,666.29999999999992,98.5,368.2,319.7,3053.3,874.588,608.371,249.693,16.524,1025.219,501.195,524.024,-147,355.39999999999996,502.3,-154.4,5809.4,1206.4860000000002,711.472,601.669,25.481,2362.291,1013.578,1317.523,-165.6,461,626.6
1987q3,4884.6,4902.3,4900.330704550832,9162,9204.2,9191.50594011684,6280.9,119.2409988373443,77.08343631585056,65.428467359749304,5.9100180361773424,-0.32101312134347192,6286.1930210230248,76.548943417768224,38.391981269840896,70.012977492467256,39.094484227227592,0.329,53.062,53.689999999999992,36.410162035251776,114.26666666666666,118.73333333333334,NA,131.23333333333332,53.32,54.900000000000008,19.05,19.02,20.393333333333336,NA,86.461787962330704,127.52338246431316,6,119.958914303325,120.077,65.630298815223472,65.610110591423704,112.544536054822,112.86666666666668,102.438,55.761,76.09,182.255751873098,183.016,87.590084997461296,8.8766666666666672,6.0433333333333336,6.8433333333333336,4865.2,3972.1,2740.3,2270.8,1087.5,28.8,260.7,17.5,678.4,102.1,391.9,344.2,3117.4,876.466,625.48,249.969,1.017,1036.195,504.113,532.082,-145.5,371.9,517.29999999999992,-154.1,5875.6,1206.662,731.244,596.701,-2.196,2364.7689999999996,1012.185,1321.999,-157.80000000000002,481,638.9
1987q4,5008,5027.7,4977.5059091916744,9319.3,9364.8,9262.5540773821808,6409.2,119.6387643899597,77.421010862257872,65.477999425443104,5.8958176859450776,0.61263796296080472,6336.5771796280056,76.826168584029888,38.732269288411328,70.19895022468316,39.265626427050872,0.329,53.52,54.236,36.952091902970848,115.33333333333332,120.09999999999998,NA,132.96666666666666,53.72,55.3,17.956666666666666,17.846666666666668,18.663333333333332,NA,87.541363278116576,124.18931329491562,5.8333333333333328,120.609544320608,120.59266666666668,65.828950266720696,65.72989511283592,113.339863346695,113.52666666666668,103.39033333333334,56.319000000000008,76.876,182.723881539026,183.467,88.202094412399408,9.1233333333333328,5.8633333333333336,6.9166666666666672,4969.4,4070.8,2809.6,2331.7,1120.8999999999998,30.4,268.2,20.3,693.9,108.1,393.4,338.89999999999996,3150.9,946.459,630.552,252.825,63.082,1056.0239999999998,513.69500000000008,542.32899999999992,-145.4,392.1,537.5,-157,5888.1,1288.881,730.339,597.67600000000008,95.725,2400.223,1029.251,1339.473,-154.6,499,653.5
1988q1,5073.4,5098.4,5054.6597850840528,9367.5,9422.6,9332.8981623319408,6439.3,120.0264359019804,77.757021544434208,65.528381077872496,5.8813743367058568,0.37075126146466352,6386.9610470555912,77.097293936214112,39.07575369477508,70.38541694898976,39.438656222142528,0.329,53.943,54.758000000000008,37.64991117609952,116.23333333333334,121.26666666666666,NA,135.13333333333332,54.135,55.8,15.203333333333334,15.35,16.71,NA,88.876155189396432,123.1472491113443,5.7,120.987844079631,121.01266666666668,65.789293520535896,65.779431855655528,113.912426443324,114.09333333333334,104.152,56.533,76.947,183.182925498709,183.96733333333332,88.320677959210992,8.4166666666666656,5.7233333333333336,6.6633333333333328,5068.2,4153.2,2857.6,2366.2,1156.8999999999998,33.299999999999996,285.89999999999996,21.1,700,116.6,396.8,344.10000000000004,3231.9,908.569,641.49800000000008,250.115,16.956,1056.893,505.781,551.112,-124,418.7,542.70000000000008,-126.9,5992.1,1227.008,736.167,587.035,21.045,2380.198,999.752,1354.221,-123.8,526.70000000000008,650.5
1988q2,5190,5212.9,5142.0604028908208,9490.6,9541.3,9402.9361193980016,6547.7,120.3976306617213,78.099012976569568,65.576222638876008,5.8667060427911192,0.93230326664828224,6437.1313265336888,77.358200586575472,39.422273689522376,70.572378977558928,39.614391258073072,0.329,54.539,55.422,38.444591477292776,117.56666666666666,122.73333333333334,NA,137.53333333333334,54.676,56.399999999999992,15.683333333333334,15.866666666666668,17.27,NA,90.029664058428272,121.88013787027504,5.4666666666666664,121.316985564846,121.265,65.741040719424024,65.765734821970896,114.420206631339,114.623,105.00666666666668,56.686,78.029,183.624634198317,184.38933333333336,88.846896711663008,8.91,6.21,7.1566666666666664,5176.4,4231.4,2923.1,2421.5,1173.1000000000002,27.4,295.10000000000004,20.3,706.1,124.2,410,352.3,3291.7,934.525,659.366,255.51,19.648,1070.421,506.939,563.482,-106.6,439.5,546.1,-110,6036.4,1256.243,752.639,594.302,29.197,2387.303,992.282,1371.269,-101.5,541.4,643
1988q3,5282.8,5303,5241.9446041898816,9546.2,9591.6,9472.37290461828,6579.1,120.75374141206396,78.443721857813488,65.6218435951248,5.8518296238788328,0.77939388709797888,6487.121532662136,77.6097629200172,39.773707717389408,70.759837626047984,39.792630926179088,0.329,55.211,56.061000000000008,39.199899231247152,119,124.1,NA,139.80000000000002,55.345,56.899999999999992,14.323333333333334,14.32,15.186666666666666,NA,91.217768837506464,126.38882350350902,5.4666666666666664,121.924904251945,121.91666666666668,65.980661403264576,65.957826664815216,115.010066196537,115.23266666666668,105.74566666666668,56.806,78.239,184.036877219106,184.84033333333336,89.162725923039808,9.1,7.01,7.9833333333333328,5285.5,4324.8,2975.8,2462.9,1213.8,28.8,304.8,21.2,726.7,132.30000000000002,416.4,359.3,3361.9,942.009,666.332,257.495,18.181,1078.19,507.399,570.792,-99.3,453.6,552.79999999999992,-106.5,6090,1263.222,757.349,594.65,24.293,2387.578,987.535,1377.471,-106,552.1,658.1
1988q4,5399.5,5422.2,5326.0099173671784,9673.4,9722.8,9541.7398527011152,6660.4,121.09998261498688,78.792247914990752,65.666664420232808,5.8367604319052776,1.37983375496884,6537.2147703407256,77.855314237994544,40.126046229067912,70.947794213609,39.973434819298232,0.329,55.769000000000008,56.687,39.959037349135896,120.30000000000002,125.6,NA,142.03333333333334,55.854000000000008,57.500000000000008,13.273333333333334,13.190000000000002,14.763333333333334,NA,92.314873008453776,122.15769352509098,5.3333333333333328,122.366468747961,122.48833333333332,66.240280561007864,66.119368072549304,115.620574478322,115.94733333333334,106.597,56.869,79.117,184.42029945796,185.25333333333332,89.367787543655488,8.9566666666666672,7.7266666666666672,8.47,5404.3,4410.7,3035.4,2508.6,1240.4999999999998,17.7,309.2,27.4,747.4,138.80000000000002,441.7,381.4,3434.5,962.748,681.924,261.681,19.144,1109.916,525.639,584.27700000000008,-107.7,466.6,574.29999999999992,-119.6,6159.2,1282.499,767.887,598.496,33.371000000000004,2433.9,1014.882,1394.051,-109.2,569,678.20000000000008
1989q1,5511.3,5533.6,5420.6068586769808,9771.7,9820,9610.8983435729952,6738.8,121.43955777529132,79.141414211642288,65.710255972254304,5.8215123118445432,1.6731178572348294,6587.3060321227824,78.096899558124256,40.481628949427168,71.136250062898016,40.155128859138328,0.329,56.41,57.306000000000008,40.810057226172128,121.66666666666668,126.93333333333334,NA,144.83333333333334,56.391999999999992,58.200000000000008,16.806666666666664,16.523333333333334,18.48,NA,93.668372596016288,123.48984603056104,5.2,122.947689624969,123.25066666666668,66.35792006794564,66.344887478961752,116.385965112437,116.83533333333332,107.403,56.967,79.91,184.828037961968,185.77266666666664,90.076771725244704,9.2066666666666672,8.5399999999999984,9.4433333333333328,5493.9,4533.8,3079.1,2540.8,1301.3,36.7,311.39999999999996,23.1,782.5,147.6,427.2,363.2,3490.2,1005.487,696.466,260.884,48.137,1116.559,519.856,596.703,-101,485.2,586.20000000000008,-106.7,6187.8,1326.029,780.181,592.708,65.959999999999992,2423.185,996.321,1405.26,-95.4,585.9,681.4
1989q2,5612.5,5634.1,5517.566068630212,9846.3,9892.6,9679.7524777823872,6784.5,121.76865395350756,79.492974287768768,65.748235557288096,5.806097722352712,1.7205762502696454,6637.3944225113608,78.332316470144048,40.836692298897144,71.325206500084448,40.33886110996108,0.329,57.17,57.827,41.657084508387992,123.63333333333332,128.30000000000002,NA,147.56666666666666,57.001999999999992,58.700000000000008,18.97,18.893333333333336,20.413333333333332,NA,95.12267450159544,127.41482801962564,5.2333333333333336,123.466043467984,123.678,66.435725359703808,66.429975614734288,116.748129218206,117.20466666666666,107.91033333333332,57.131999999999992,80.219,185.222798804261,186.178,90.345957567442992,8.7733333333333328,8.41,9.7266666666666672,5542.5,4588,3114.6,2563.5,1317.3,32.6,306.89999999999996,21.2,801.5,155.1,420.4,356.39999999999996,3553.8,1001.047,708.99800000000008,255.792,36.257,1145.809,534.328,611.481,-88.2,507.2,595.4,-93.6,6216.7,1313.202,790.746,574.12699999999992,50.515,2460.441,1016.603,1420.7739999999998,-73,611.6,684.6
1989q3,5695.4,5719.7,5597.3727760791,9919.2,9969.7,9748.4742143631376,6831.6,122.09311891135294,79.844583390822576,65.780896495227096,5.790527979192876,1.7513077624529138,6687.5049915049,78.565625395624688,41.188983764707576,71.514664854860328,40.522713924938648,0.329,57.507,58.257999999999992,42.518758537589496,124.6,129.53333333333334,NA,150.66666666666666,57.424999999999992,59.3,17.613333333333334,17.690000000000002,19.316666666666668,NA,96.878607495245968,128.21917751868318,5.2333333333333336,123.890141382643,124.02566666666668,66.507507647889512,66.465228194717112,117.111945996715,117.49366666666666,108.186,57.398,80.403,185.601505126057,186.60233333333336,90.5938962846724,8.1066666666666656,7.8433333333333344,9.0833333333333344,5606.2,4643.3,3155,2592.3,1327.6000000000002,30.3,306.89999999999996,20,810,160.4,421.6,355,3609.4,996.46,731.137,255.498,9.826,1164.58,541.409,623.172,-75.1,509.4,584.4,-81.7,6276.9,1301.412,810.837,571.472,13.959,2482.562,1024.972,1434.477,-65.8,617.79999999999992,683.70000000000008
1989q4,5747.2,5778,5676.8163430863416,9938.8,9999.9,9817.0834964272224,6832.7,122.42348234502626,80.189546224144512,65.8103264046794,5.7748135828401896,1.2398438254811018,6737.72697408348,78.805164214481424,41.532874901656208,71.70177762835644,40.702933140746248,0.329,57.959,58.791,43.381725135157016,125.86666666666668,131.1,NA,153.93333333333334,57.816999999999992,60,18.886666666666668,18.723333333333332,20.353333333333336,NA,98.049184581884544,126.88517868288704,5.3666666666666672,124.367394135706,124.44833333333334,66.668125628593656,66.543624220884664,117.483264233648,117.77433333333334,108.688,57.404,80.407,185.985202437003,187.01766666666664,90.649722266832096,7.9066666666666656,7.6533333333333328,8.6133333333333328,5652.4,4718.9,3209.7,2635.7,1343.3,32.5,307.2,21.8,815,166.80000000000002,405.7,331.8,3653.7,995.809,727.373,251.884,16.553,1180.5,540.82399999999992,639.677,-82.8,515.4,598.20000000000008,-87.5,6304.2,1291.758,802.668,559.33000000000008,20.258,2495.007,1020.212,1453.6780000000002,-68.8,627.20000000000008,696
1990q1,5872.7,5902.2,5778.0445267910592,10047.4,10105.4,9885.457213629248,6917.6,122.76813103730352,80.52136275191416,65.837638635230608,5.758964591342092,1.6381921733218174,6788.0529556679256,79.056810991353776,41.862755143937744,71.886057965759192,40.876425040935296,0.329,58.799,59.468,44.17208458690104,128.03333333333334,132.76666666666666,NA,157.13333333333332,58.447,60.6,19.743333333333336,20.03,21.786666666666664,NA,98.335943648678768,126.1602474343479,5.3,124.495051185692,125.78133333333334,66.601305624684072,66.72053667256644,117.822826963055,119.11433333333334,109.424,57.936,80.657,186.388201667341,188.51966666666668,90.655085022209808,8.4233333333333344,7.76,8.25,5767.8,4815.4,3272.8,2684.4,1364.7000000000002,34.5,311.10000000000004,23.1,825.6,170.4,417.8,344.39999999999996,3737.9,1010.838,740.88,256.004,13.954,1212.45,553.68100000000008,658.769,-88.5,538.20000000000008,626.79999999999992,-90,6357.2,1304.586,812.966,564.283,18.585,2534.913,1037.177,1476.1400000000002,-63.7,654.4,718.1
1990q2,5960,5991.7,5882.9402866040736,10083.9,10144.5,9953.5203953165808,6935.4,123.12773851785398,80.838976782419216,65.861119155543704,5.7429910001350824,1.3098843374527824,6838.2505685147528,79.321069056881856,42.170712751177224,72.067858373236896,41.041519151236616,0.329,59.333000000000008,60.132,45.107459376606904,129.30000000000002,134.5,NA,160.80000000000002,59.101000000000008,61.3,15.96,16.143333333333334,17.776666666666668,NA,99.026121242544624,126.83621222231846,5.3333333333333336,124.72139763664,125.705,66.504853118044512,66.540038006242624,117.945837078367,118.99533333333334,109.784,58.338,80.31,186.91946552822,188.91633333333336,91.048720257769504,8.6766666666666656,7.7466666666666672,8.2433333333333328,5864.9,4897.5,3334.7,2738.8,1379.1999999999998,32.700000000000004,318.39999999999996,26.7,830.8,170.6,436.6,361.4,3783.4,1014.72,734.124,246.896,33.700000000000004,1230.721,563.93499999999992,666.78599999999992,-68.8,545.9,614.79999999999992,-72.9,6376.6,1304.993,802.375,542.033,46.55,2538.916,1038.519,1478.847,-54.3,662.6,716.9
1990q3,6015.1,6042.3,5973.36190644528,10090.6,10142.5,10020.58247629744,6922.2,123.50294245381706,81.136386528155456,65.882043261978296,5.7269030919332992,0.69873706312160168,6887.9454499036656,79.598114297130736,42.455029763091208,72.247531356957744,41.19589059151964,0.329,60.087,60.74,46.07478133724312,131.53333333333334,136.5,NA,164.70000000000002,59.611999999999992,61.9,23.56,23.256666666666668,26.423333333333332,NA,99.001496111719872,122.36578597805716,5.7,124.984393049453,125.87133333333332,66.4510972942104,66.474550133965192,117.785570337958,118.712,109.648,58.53,79.895,187.450875026524,189.35266666666668,91.395301123492496,8.7033333333333328,7.4766666666666672,8.16,5911,4958.9,3372.5,2769.3,1401,31.8,327.2,31.6,839.6,170.80000000000002,408.7,337.8,3846.7,1000.785,744.412,234.507,21.866,1242.584,562.235,680.34900000000008,-75,555.1,630.1,-82.4,6401.8,1279.695,808.043,512.889,30.476,2542.963,1033.961,1488.65,-46.4,667.6,714
1990q4,6004.7,6055.2,6057.5344009890912,9998.7,10088.1,10086.676972233356,6821.2,123.89559992542636,81.412713432152544,65.903389718369696,5.7107117218921664,-0.87220967297295664,6937.1361436965264,79.888824407384352,42.721485713197072,72.425429423090016,41.3391139372496,0.329,60.882000000000008,61.250000000000008,47.005804254456496,133.76666666666666,138.06666666666666,NA,168.6,60.067000000000008,62.3,29.543333333333332,29.916666666666668,31.883333333333332,NA,98.746464360884896,118.97612855319244,6.1333333333333336,125.161956675964,126.069,66.375567825978704,66.398817413654168,117.475057312059,118.361,109.25566666666668,57.921,79.555,188.012180523329,189.86633333333332,91.3922453892224,8.3966666666666672,6.99,7.7433333333333328,5927.4,4981.4,3381.5,2772.2,1399.8,29.7,327.3,31.3,844.5,167,414.2,329.39999999999996,3867.9,947.453,737.519,221.268,-11.335,1268.467,569.655,698.812,-79.1,568.20000000000008,647.29999999999992,-54.3,6353.1,1208.107,795.35,483.295,-14.323,2559.964,1035.214,1505.336,-21.4,673.5,694.79999999999992
1991q1,6035.2,6074.6,6156.6554991493752,9951.9,10021.8,10152.177204066918,6775.3,124.3060556808441,81.670817632027856,65.927722187080608,5.694428505931164,-1.9727512635091536,6986.1661162166464,80.193097855493568,42.973254752792224,72.60190507780192,41.473328704632688,0.329,61.202,61.793,47.855320842798616,134.76666666666668,140.06666666666666,NA,172.10000000000002,60.651,63,19.393333333333336,19.923333333333336,21.87,NA,100,120.44925013173678,6.6,125.311742387731,126.071,66.241054092188536,66.258419978451872,116.920124109682,117.78233333333332,108.787,58.100000000000008,78.777,188.577274795633,190.27166666666664,91.8918685486952,8.0166666666666656,6.0233333333333336,6.4266666666666664,5973.1,4997.8,3387.5,2771.7,1389.7,26.2,321.3,33,833.2,176,451.2,367,3873.6,924.569,729.8,210.289,-15.52,1284.1869999999998,581.371,702.816,-47.1,573.20000000000008,620.29999999999992,46.6,6329.2,1167.908,779.41,457.826,-22.629,2575.2199999999996,1047.039,1507.595,-9.3,677.6,686.9
1991q2,6126.9,6155.4,6241.3839427941624,10029.5,10080.8,10216.905817665386,6842.5,124.73032642578328,81.911962474856688,65.9545399546804,5.6780658833142992,-1.8342717551663612,7035.0734810880104,80.508025878250544,43.209050719995912,72.777310827261696,41.60029753648284,0.329,61.536,62.27,48.633736026444712,135.56666666666666,141.33333333333334,NA,175.30000000000002,61.088,63.6,18.153333333333332,18.38,20.75,NA,100.01,126.1576997880389,6.8333333333333336,125.527141911288,126.35166666666668,66.156736649478464,66.272180038358872,116.935848185416,117.72933333333332,108.311,59.050000000000008,78.278,189.129855620951,190.65566666666668,92.009137228765504,8.1299999999999984,5.5600000000000008,5.8633333333333336,6034.5,5060.3,3427.6,2800.1,1399.1,27.9,325.2,35.5,829.7,180.8,447.8,373.1,3926.9,926.541,726.787,217.788,-18.033,1296.577,586.644,709.933,-23.2,590.70000000000008,613.9,14.8,6381.7,1167.904,775.471,471.919,-26.846,2585.6930000000004,1051.331,1513.6679999999998,3.2,702.29999999999992,699.1
1991q3,6205.9,6231,6329.8740772136208,10080.2,10125.5,10281.57022722389,6893.1,125.17059016652828,82.1404629757292,65.985735659781096,5.661637028291996,-1.9585551892715268,7083.8856201533928,80.83464205767984,43.441740143233864,72.9519991776376,41.719682730349096,0.329,61.954,62.83,49.459981096091656,136.6,142.86666666666668,NA,178.70000000000002,61.557000000000008,64.099999999999992,18.616666666666668,18.886666666666668,21.66,NA,100.18,126.94360478380914,6.8666666666666672,125.647602123637,126.318,66.021601168588304,66.093092695041888,116.982793896407,117.66,108.308,59.551,78.194,189.701018395663,191.12133333333336,92.230631367081408,7.94,5.3766666666666672,5.6433333333333336,6098.2,5112.3,3469.9,2828.1,1405.1,24.5,329.10000000000004,39.4,828.5,183.6,446.3,376.3,3973.3,947.476,720.15,226.483,0.843,1306.2650000000002,586.32399999999992,719.941,-21.1,600.6,621.70000000000008,-13,6413.5,1191.028,768.792,487.876,1.133,2578.454,1037.43,1522.47,0.1,718.9,718.79999999999992
1991q4,6264.5,6297.8,6408.2273551465104,10115.3,10173.4,10347.376832231382,6913.8,125.62984631367062,82.364001356781216,66.023088240922408,5.6451555897733016,-2.2428566775347324,7133.4355915992264,81.174502376542512,43.678264189831464,73.126430326385552,41.835608069751776,0.329,62.404,63.324999999999992,50.297779975753864,137.73333333333332,144.19999999999998,NA,181.96666666666668,61.915,64.599999999999992,18.793333333333332,19.146666666666664,21.73,NA,101.05,124.74935846449362,7.1,126.076298899644,126.669,66.068072249788432,66.093691299447616,117.105374596451,117.67866666666668,108.33033333333332,59.836,78.055,190.282075776797,191.65066666666668,92.321930295578,7.3466666666666672,4.54,4.8166666666666664,6155.9,5189.2,3517,2858,1411.9999999999998,28.6,333.89999999999996,46.4,819.3,183.8,449.6,372.6,4000,978.788,717.6,230.055,31.133,1308.7739999999998,577.40599999999992,731.368,-23.1,615.20000000000008,638.29999999999992,-16.8,6410.3,1233.261,768.366,497.527,39.445,2559.584,1011.489,1533.211,0.4,735.1,734.7
1992q1,6363.1,6395.8,6473.6506599277472,10236.4,10293.7,10414.244254417562,7009,126.10543149307194,82.583629674901872,66.0652593492096,5.6286352426023224,-1.7077019711931874,7184.0434465644272,81.525458599044272,43.927332875684664,73.30127854698888,41.95103460960468,0.329,62.795,63.808999999999992,51.227287663390808,138.66666666666666,145.46666666666666,NA,185.56666666666668,62.161999999999992,65.099999999999992,16.153333333333332,16.453333333333334,18.906666666666668,NA,102.27,127.04512889464612,7.3666666666666672,126.993489478943,127.35733333333332,66.140803049311104,66.30615871605488,117.434443749497,117.95833333333332,108.34833333333332,61.018000000000008,77.597,190.862091042617,192.07466666666664,92.860775664448096,7.3033333333333344,3.8933333333333328,4.0233333333333336,6284.7,5297.3,3595.7,2912.9,1425,32.9,345.8,50,811.1,185.2,479.4,400.9,4100.4,956.817,714.208,242.362,0.246,1326.421,580.332,746.089,-20.5,625.29999999999992,645.79999999999992,-21.8,6530.3,1210.478,765.359,525.98299999999992,2.985,2582.2800000000004,1015.223,1552.9659999999998,8.4,748.4,740
1992q2,6470.8,6502.8,6555.112321777816,10347.4,10403.6,10482.223100445658,7096.1,126.58357836867936,82.808712121534384,66.104857537543296,5.6120890390460448,-1.2862071256613982,7235.6544701269456,81.878506354721408,44.195624199816416,73.476544836683152,42.070229800632976,0.329,63.212,64.260000000000008,52.052632470904968,139.73333333333332,146.73333333333334,NA,188.73333333333332,62.533000000000008,65.5,18.663333333333332,18.826666666666664,21.2,NA,102.12,128.9457349891563,7.6,127.500718061825,128.13966666666668,66.167119534000736,66.56375536777948,117.810639419501,118.40666666666668,108.62366666666668,61.528000000000008,77.91,191.474461198079,192.50666666666668,93.239631323833392,7.3766666666666672,3.68,3.77,6375.3,5391.3,3651.9,2952,1449.8,35.4,359.8,57.3,809.3,188,483.4,407.8,4155.7,1013.084,736.717,253.159,23.209,1334.807,580.904,753.904,-32.799999999999996,626.20000000000008,659,-39.4,6574.7,1278.935,790.107,543.98299999999992,28.683,2577.285,1012.59,1550.7070000000002,-3.4,748.7,752.2
1992q3,6566.6,6595.9,6630.7502103195304,10449.7,10501.3,10551.784861690372,7171.8,127.06253753892374,83.044027500694192,66.141614906846496,5.5955285545584592,-0.9674653438112024,7288.5643571420672,82.23244470388296,44.480160426887936,73.65223019508824,42.195464063514984,0.329,63.615,64.64,52.7829836775062,140.80000000000002,147.86666666666668,NA,191.5,62.832999999999992,65.8,19.416666666666668,19.75,21.666666666666668,NA,102.96,126.58497056608572,7.6333333333333328,128.05091837370202,128.559,66.263045935699552,66.6024836246898,118.224885318024,118.753,108.88666666666668,62.086,78.033,192.093569040111,193.02433333333336,93.1917203179628,6.6166666666666664,3.0833333333333336,3.2566666666666668,6427,5451.7,3688.5,2976.6,1464.6000000000002,36.7,371.1,64.3,801.8,190.7,470.6,399.3,4227,1024.162,748.536,255.113,20.512,1353.997,594.20000000000008,759.796,-38.5,639.4,677.9,-52.7,6645.1,1289.1010000000002,802.189,544.208,26.307,2593.701,1026.833,1551.367,0.6,764.6,764
1992q4,6680.8,6711.1,6721.3065120333384,10558.6,10611.9,10622.618090341758,7260.9,127.54489854587114,83.285323140708464,66.177961190030104,5.5789628277713888,-0.60265830699460784,7342.7159964464912,82.588943849547216,44.779598985583248,73.828335624214224,42.325470522968048,0.329,64.059,65.114000000000008,53.569838449126928,142.03333333333334,149.19999999999998,NA,194.43333333333332,63.275000000000008,66.3,18.226666666666668,18.526666666666668,20.48,NA,103.77,134.60333301562094,7.3666666666666672,128.01740681170298,128.34033333333332,66.048388595928056,66.286130426773296,118.50350120406,118.83366666666668,109.30766666666668,62.449,78.545,192.732271100351,193.61566666666668,93.547266483588496,6.7433333333333328,3.07,3.0366666666666668,6532.2,5529.7,3736.9,3020.8,1485.2,34.1,384.8,70.7,802.4,193.2,491.7,424.7,4307.2,1057.962,768.287,268.331,21.344,1362.775,598.37699999999992,764.399,-47.1,641.4,688.5,-68.400000000000008,6724.3,1328.433,823.211,564.987,30.178,2593.4,1027.58,1550.195,-13.9,768.4,782.3
1993q1,6729.5,6766.7,6805.3716776242984,10576.3,10639.9,10695.542384138176,7262,128.0299434829543,83.539382219302176,66.215224386016104,5.55200824023352,-1.1148792632996062,7398.5594208223088,82.956662851084576,45.101812119918872,74.004862128466976,42.458326208463488,0.329,64.441,65.563,54.225605541214408,143.06666666666666,150.5,NA,197.3,63.652,66.8,17.343333333333334,17.61,19.813333333333332,NA,103.81,139.13544985051166,7.1333333333333328,128.247641899959,128.48533333333332,65.907061375280352,66.193385744558824,118.948823879983,119.29733333333332,109.94733333333334,61.915,79.233,193.373191249523,194.106,93.910807076946496,6.28,2.96,3.04,6546,5555.7,3745.6,3015.9,1502.3000000000002,28.6,390.3,80.7,806.7,196,489.3,406.5,4349.5,1083.829,776.488,271.401,35.939999999999996,1351.818,580.289,771.529,-55.7,643.6,699.29999999999992,-57.3,6750.1,1359.751,831.381,565.374,52.093,2561.2220000000004,993.966,1555.608,-29.1,770.2,799.3
1993q2,6808.9,6839.6,6893.242131985372,10637.8,10691.1,10769.570878061654,7301.5,128.50903108802044,83.804000286059184,66.2502728543694,5.5325457029884104,-1.2235480833324596,7455.2558751520496,83.314345875960704,45.43965787338232,74.181810714654032,42.600013930753448,0.329,64.873999999999992,66.061000000000008,54.789331893856936,144.1,151.76666666666668,NA,200.3,64.027,67.3,17.68,17.946666666666668,19.763333333333332,NA,104.86,138.65796809621174,7.0666666666666664,128.69945155363498,129.08633333333332,65.91591114368256,66.34941901704056,119.570214243797,119.95966666666668,110.53766666666668,61.553000000000008,80.133,193.991165199061,194.55533333333336,94.0146244517768,5.99,2.9666666666666668,3,6664.3,5630.9,3800.2,3066.5,1518.7999999999998,34.9,394.6,86.9,801.8,200.6,517.6,444.7,4418.6,1094.479,792.371,278.005,24.104,1359.066,576.737,782.33,-63.2,653.1,716.29999999999992,-74.5,6811.5,1367.575,847.72,572.919,35.149,2561.456,983.534,1568.182,-36.4,779.4,815.8
1993q3,6882.1,6918.3,6982.5651306063416,10688.6,10750.4,10844.632547478088,7377.4,128.98444899450464,84.077054497787728,66.2851913106294,5.5128995105853704,-1.4387997637999472,7512.9072084226176,83.670186469021728,45.7934077996894,74.359182391990112,42.746864487052776,0.329,65.155,66.430000000000008,55.383473327310504,144.76666666666668,152.66666666666668,NA,202.86666666666668,64.349,67.8,15.59,15.84,17.8,NA,105.65,143.24370854663348,6.8,129.18080377916498,129.428,66.000084415989432,66.350195829146752,120.296738325743,120.62566666666668,111.23433333333332,61.829,80.604,194.612684820392,195.068,94.8377374168552,5.6166666666666664,3.0033333333333336,3.06,6717.1,5672.4,3834.1,3093.6,1517.2,26.1,397.4,92.5,793.7,207.5,532.4,452.4,4487.2,1095.852,798.315,290.93900000000004,6.598,1367.411,578.741,788.67,-68.400000000000008,650.9,719.29999999999992,-77.4,6887.3,1358.287,854.559,594.356,2.328,2565.1,979.837,1576.429,-49.3,777.3,826.5
1993q4,7013.7,7034.4,7070.0423114872368,10834,10871.6,10921.031467364262,7476.7,129.46218830358398,84.356920043363168,66.323256659835392,5.49312813937566,-0.79691618529204032,7571.7605001985984,84.028019433540256,46.159316622958696,74.53697817210312,42.898264006175584,0.329,65.531000000000008,66.772000000000008,55.811962173400784,145.96666666666666,153.86666666666668,NA,205.13333333333336,64.727,68.400000000000008,14.066666666666666,14.276666666666668,16.426666666666666,NA,106.65,147.55208690438018,6.6333333333333328,129.511438840749,129.74166666666668,65.974680318179384,66.32297486806972,120.819300970242,121.152,112.01533333333334,62.068,81.375,195.215160510103,195.621,95.235851181108896,5.6066666666666664,3.06,2.9900000000000004,6885.1,5752.4,3889.3,3141.4,1541.7000000000002,35.799999999999996,404.2,100.2,785.1,216.4,583.5,511.6,4552.7,1153.142,829.642,306.889,16.611999999999998,1381.394,584.909,796.484,-73.4,671.6,745,-108.3,6947.8,1429.661,885.375,624.832,19.545,2574.165,981.508,1584.1010000000002,-57.4,802.3,859.7
1994q1,7115.7,7143,7154.5004018630672,10939.1,10987.3,10998.74859058424,7544.6,129.94358983225422,84.6424868266504,66.364784952343496,5.4732946082361304,-0.54232161134498688,7631.6641548996688,84.38866353742008,46.54005245134628,74.71519906903976,43.052870967692272,0.329,65.766000000000008,67.075,56.382043248777848,146.69999999999998,154.86666666666668,NA,207.16666666666668,65.058000000000008,68.7,13.003333333333334,13.02,14.83,2.36,107.61,152.85328262799218,6.5666666666666664,129.652610837038,130.555,66.1762989668576,66.58070635913616,121.179154392097,121.994,112.876,62.239,81.888,195.806292064705,196.08533333333336,94.812258964348096,6.0666666666666664,3.2433333333333332,3.2133333333333332,6956.2,5802.1,3913.4,3152.7,1568.7,41.8,408.4,109,782.8,226.7,592.6,517.5,4621.2,1201.675,840.715,315.598,45.362,1373.35,567.047,806.303,-80.6,681.20000000000008,761.8,-93,7027.3,1484.116,894.742,634.165,61.934,2542.324,947.224,1590.665,-69.599999999999992,810.2,879.8
1994q2,7246.9,7269.8,7240.069123440408,11087.4,11128.5,11076.949095369494,7673.9,130.41582676889712,84.935619930534656,66.4020446182118,5.4534653188212096,0.094348222967588496,7692.2550831715168,84.74372953320664,46.94275540006976,74.89384609927136,43.212866967945568,0.329,66.132999999999992,67.526,56.886919308071648,147.53333333333334,155.93333333333334,NA,209.73333333333332,65.369,69.3,15.773333333333334,15.883333333333334,17.79,1.96,108.47,155.5700336705865,6.2,129.907193432475,130.65366666666668,65.943967050029072,66.482972220243368,121.982632095691,122.596,113.91666666666668,62.301000000000008,83.209,196.406386425318,196.522,95.011743540359504,7.0833333333333328,3.9866666666666664,3.94,7098.2,5906.4,3991.5,3223.3,1597.2,36.7,417.5,113.5,794.3,235.2,616.5,539.20000000000008,4683.2,1264.948,855.609,327.92899999999996,81.411,1389.392,569.374,820.018,-90.6,707,797.6,-109.2,7081.9,1557.107,908.686,654.68100000000008,111.808,2554.916,943.21,1608.8219999999998,-75,837.6,912.6
1994q3,7331.1,7352.4,7333.867137976704,11152.2,11190.6,11156.409419615584,7720.3,130.87953267337934,85.241818882844896,66.434286851846096,5.4337088455094904,-0.037730953188053192,7753.9387782042944,85.09355772644888,47.367033109995576,75.07292028169968,43.380311112388312,0.329,66.607,67.903000000000008,57.442994974600496,148.9,157.1,NA,212.2,65.717,69.8,16.696666666666666,16.906666666666666,18.496666666666668,1.6466666666666668,109.14,154.3562715410481,6,130.270457606087,131.11600000000002,65.998191700778432,66.539456990611528,122.473746186007,123.245,114.91933333333332,61.946,84.192,197.002208669372,197.05,95.671514514023008,7.3333333333333328,4.4766666666666664,4.4866666666666664,7205.8,5972.2,4031.8,3258.7,1624.6,32.1,424.6,116.3,810,241.6,651.20000000000008,571.9,4752.8,1251.749,872.098,326.42700000000004,53.223,1423.432,586.518,836.915,-96.9,736.9,833.8,-121.7,7135.9,1531.67,924.2,645.038,69.811000000000008,2597.991,966.05,1627.746,-69.3,868.9,938.2
1994q4,7455.3,7475.7,7427.0097144192544,11279.9,11316.6,11237.096679902584,7834.1,131.3411322522434,85.556569272766016,66.463467498461792,5.4140947027895496,0.3809108466065636,7816.941376872368,85.442254912843536,47.808067574971752,75.252422637662704,43.554309207789144,0.329,66.92,68.248000000000008,57.938248141525568,149.76666666666668,158.1,NA,215,66.083,70.2,16.170000000000002,16.293333333333334,17.649999999999998,1.59,109.67,153.68868927031854,5.6333333333333328,130.869941679976,131.862,66.494834781194472,66.731556236314984,123.493112238688,124.44966666666668,115.83266666666666,62.602,84.537,197.597076534085,197.60066666666664,96.283245816809392,7.8366666666666672,5.28,5.1666666666666672,7331.7,6082.9,4088.1,3311.6,1665.3999999999998,28.1,437.4,115.9,838.2,245.8,676.1,595.79999999999992,4826.7,1307.566,906.989,325.435,75.142,1422.923,575.79600000000008,847.127,-101.9,758.6,860.6,-138.5,7213.1,1594.684,960.258,635.109,98.103,2575.3939999999996,940.615,1633.691,-75.6,889,964.6
1995q1,7522.3,7552.1,7521.4567129134464,11320,11370.3,11318.730971934144,7877.3,131.80404373765932,85.8754454792204,66.4902848160464,5.39469211786714,0.011211752174355994,7881.1320537432288,85.791979761805408,48.267176719381232,75.43235419094048,43.732961819321592,0.329,67.247,68.605999999999992,58.57168321148748,150.86666666666668,159.43333333333334,NA,217.36666666666668,66.459999999999992,70.8,16.993333333333332,16.993333333333332,18.383333333333332,1.55,110.33,160.14931529244802,5.4666666666666664,131.311792731255,132.08699999999998,66.371402191286296,66.750386594030768,124.151894503517,124.84866666666668,116.70233333333332,62.641000000000008,84.951,198.225975877848,197.882,96.5503669298824,7.4833333333333328,5.7366666666666664,5.8100000000000008,7401.9,6174.1,4134.4,3358.1,1691.3,20.3,447.1,118.3,856.9,248.7,677.70000000000008,588.9,4862.4,1327.586,944.62,321.78699999999996,61.179,1437.596,579.066,858.53,-105.3,781.6,886.9,-119.2,7231,1611.4280000000002,995.757,620.684,82.042,2584.415,937.969,1646.4570000000002,-79.7,906.1,985.8
1995q2,7581,7613.6,7612.9467549124272,11353.7,11407.7,11401.545122180348,7902.8,132.26176709281392,86.204391282473792,66.5107952158162,5.3755688356792304,-0.419637177835408,7946.315642004696,86.138436860288112,48.745681234346216,75.612715967760976,43.91731716763076,0.329,67.638999999999992,69.013000000000008,58.87104680730476,152.1,160.73333333333332,NA,219.23333333333336,66.785,71.3,18.23,18.246666666666668,19.363333333333332,1.6299999999999998,111.01,154.5998084759455,5.6666666666666664,131.681293327399,132.13,66.240863779208312,66.632822704143816,124.232811783682,124.62933333333334,117.13433333333334,62.936,84.826,198.854934095542,198.29566666666664,96.6091436557076,6.62,5.5966666666666664,6.0199999999999992,7481,6243.2,4172.9,3395.2,1716.9,18.4,453.6,121.6,869.6,253.7,702.5,605.79999999999992,4933.6,1303.988,956.779,313.45100000000004,33.759,1452.892,581.01,871.882,-109.5,798.9,908.3,-119.4,7294.4,1577.96,1005.284,601.553,46.814,2593.101,934.842,1659.435,-76.3,918.8,995.1
1995q3,7683.1,7702,7706.4392794757552,11450.3,11483.3,11485.08306305804,7993,132.71662228111182,86.538391843118752,66.5258608417826,5.3567899822909304,-0.30285425771034992,8012.6485638490032,86.483070176493136,49.24874886506468,75.793508996805904,44.10745223458688,0.329,67.915000000000008,69.342,59.188684319908048,152.86666666666668,161.80000000000002,NA,221.53333333333332,67.084,71.8,16.583333333333332,16.780000000000002,17.86,1.5466666666666666,112.01,157.83930488842012,5.6666666666666672,132.105189811859,132.43,66.289411414487208,66.61234262375068,124.612343844606,124.93366666666666,117.63366666666668,62.93,85.801,199.486884059565,198.807,96.608114837589104,6.3233333333333336,5.3666666666666672,5.7966666666666672,7610.5,6321,4219.7,3438.9,1746.3,21.4,463.1,125.7,874.4,261.7,736.9,649.9,4998.7,1303.248,965.53,326.39299999999996,11.326,1455.6590000000002,579.337,876.322,-74.4,831.4,905.8,-99.8,7360.5,1568.555,1011.697,623.826,10.647,2586.304,927.347,1661.054,-40,958.6,998.6
1995q4,7772.6,7803.1,7801.3513840966336,11528.1,11578.1,11570.743237913234,8057.1,133.1736114568611,86.884654634911232,66.537657809681504,5.3384170108603304,-0.3685436366222872,8080.6049831300816,86.829078356127056,49.772778852223824,75.97473430921656,44.304277856302376,0.329,68.214,69.69,59.634529064423784,153.69999999999998,162.93333333333334,NA,223.66666666666668,67.401,72.3,16.780000000000002,16.903333333333332,18.15,2.1733333333333332,112.67,162.37874644968252,5.5666666666666664,132.460537135703,132.61366666666666,66.215204372416848,66.522477029704632,125.05762451050598,125.22133333333334,118.172,63.275000000000008,86.018,200.135234863772,199.35166666666664,97.024996468376592,5.8933333333333336,5.26,5.72,7697,6395.1,4265.3,3479.9,1784.2,28.1,472.9,134,876.5,272.7,749.5,650.29999999999992,5055.7,1335.135,982.059,334.645,18.431,1451.575,567.31500000000008,884.26,-69.8,839.4,909.2,-85.1,7411.9,1607.513,1031.309,635.94500000000008,17.123000000000002,2559.248,895.759,1669.728,-39.1,972.2,1011.3
1996q1,7868.5,7905.7,7898.1978112047968,11614.4,11674.2,11658.23583382563,8122.7,133.63496956310104,87.239409504416688,66.547374406622496,5.3205067520316904,-0.37600743757854048,8150.0749124262688,87.177865463780096,50.311316848691704,76.15639293859976,44.506387599492376,0.329,68.593,69.964,59.935758910170816,155.06666666666666,164.03333333333334,NA,225.7,67.712,73,18.383333333333332,18.483333333333336,19.76,3.4933333333333332,113.65,165.38889349509636,5.5333333333333336,132.88893552828498,132.916,66.135478327266144,66.532516418388584,125.522620030817,125.542,118.682,63.663,86.19,200.779488947366,199.776,97.215399759231696,5.91,4.93,5.3633333333333336,7820.3,6510.7,4314.5,3524.4,1823.3,36.9,486.4,139.5,874.8,285.7,784.5,683.79999999999992,5130.6,1355.353,1003.747,344.72500000000004,6.881,1471.295,579.828,891.466,-88.8,847.9,936.7,-102.9,7480.2,1633.3320000000002,1057.441,652.491,2.307,2576.137,913.433,1666.744,-60.3,983.9,1044.2
1996q2,8032.8,8061.8,7993.8245976585456,11808.1,11855.6,11750.806721393768,8278.3,134.09703408444772,87.6291321551056,66.553501516364408,5.3031105878163,0.48756889603096544,8224.0444526136944,87.526993590440464,50.872271906443656,76.370885640005984,44.731186089885808,0.329,69.052000000000008,70.296000000000008,60.27667022482544,156.4,165,NA,227.4,67.988,73.7,20.256666666666668,20.516666666666664,21.696666666666668,2.3200000000000004,114.38,166.32478649330596,5.5,133.536324082806,133.591,66.23134415078168,66.702339066437208,126.24195615179,126.28,119.47466666666668,64.284000000000008,86.993,201.478451042604,200.27933333333336,97.716950152810592,6.72,5.0199999999999992,5.2433333333333328,7967.2,6638.6,4387.5,3590,1866.4,44.2,503.3,141.6,879.4,297.89999999999996,798.1,700.20000000000008,5220.5,1418.388,1026.468,361.399,30.521,1487.662,582.14200000000008,905.521,-93.7,859,952.8,-109.3,7560.7,1711.8130000000002,1085.622,680.939,33.592,2608.232,922.08,1690.762,-67.599999999999992,999.9,1067.6
1996q3,8131.4,8157.2,8087.3336536970496,11914.1,11956.7,11849.53413723492,8378,134.55834515494076,88.0624246945848,66.556853986493608,5.2862737648113592,0.54488102247154392,8303.5458312884112,87.87546301906432,51.4662892827208,76.623819165537168,44.984504083372632,0.329,69.346,70.617000000000008,60.600048633207432,157.29999999999998,166.06666666666666,NA,229.13333333333332,68.318,74.2,20.723333333333332,20.753333333333332,22.39,2.1266666666666668,115.1,166.67656855635852,5.2666666666666664,134.323481331154,134.28433333333334,66.506951170708024,66.858131039965216,127.231062658062,127.21833333333334,120.20566666666668,64.522000000000008,87.716,202.179625738555,200.84966666666664,97.821695855285696,6.78,5.0966666666666664,5.3066666666666664,8066.8,6712.8,4451.2,3647.2,1888.9,33.5,514,143.69999999999998,889.2,308.5,804.7,706,5274.5,1474.35,1058.965,364.315,51.07,1496.733,577.756,918.978,-114.2,859.6,973.8,-133.5,7606.5,1789.565,1119.7639999999998,679.515,74.191,2608.223,909.875,1705.125,-94.2,1008,1102.2
1996q4,8259.8,8291.2,8202.368416273192,12037.8,12088.4,11954.099435992814,8481.1,135.01728428600348,88.537549093868368,66.5583884618968,5.2700348590681704,0.7001829326864328,8388.7288161879456,88.222173906728656,52.093797573748432,76.911297732578448,45.267381808427728,0.329,69.819,71.019000000000008,60.960520977744296,158.66666666666666,167.13333333333332,NA,230.83333333333336,68.607,74.8,23.033333333333332,23.083333333333332,24.606666666666664,3.0733333333333332,115.78,167.59526595316808,5.3333333333333336,135.228549472776,135.01366666666666,66.67284091529876,67.018491922193616,128.041393636046,127.84033333333334,120.91833333333334,64.587,88.705,202.888873791099,201.45733333333332,97.9032866942908,6.3433333333333336,4.9766666666666664,5.28,8210.1,6802.6,4514.5,3704.3,1921.9,34.700000000000004,522.1,145.30000000000002,902.2,317.60000000000004,827,716.29999999999992,5352.8,1480.128,1083.597,361.806,34.725,1515.702,576.913,938.789,-88.8,903.8,992.6,-114.3,7667.1,1787.19,1148.185,671.792,43.244,2626.227,905.469,1729.462,-53,1070.9,1123.9
1997q1,8362.7,8385.8,8327.2045847525408,12115.5,12153.9,12064.075854277852,8535.5,135.47054130523858,89.053130946715568,66.5580058564982,5.2544254011361504,0.42625847469215384,8479.111861488312,88.564924287325568,52.74882153380068,77.229425558514912,45.57803372789424,0.329,70.126999999999992,71.298,61.210402475804496,159.63333333333332,168.1,NA,232.33333333333336,68.915000000000008,75.4,21.02,21.683333333333332,22.76,2.4766666666666664,116.5,173.06348899306712,5.2333333333333336,135.64379720679198,135.58233333333334,66.66075291417428,66.988753053013328,128.54965582869202,128.49566666666666,121.674,64.446,89.471,203.563990775109,202.39566666666668,98.3988521173624,6.5633333333333336,5.06,5.2766666666666664,8350,6922.2,4592.4,3776.4,1954,37.8,537.79999999999992,144.19999999999998,908.6,325.60000000000004,856.7,753.3,5433.1,1522.404,1107.299,365.359,49.745,1515.9849999999998,570.70500000000008,945.281,-108.8,918.4,1027.2,-132,7747.9,1823.255,1174.849,675.22799999999992,35.64,2612.572,892.682,1729.931,-80.7,1091.2,1171.9
1997q2,8518.8,8549.5,8422.8184149389232,12317.2,12366.6,12178.421723773972,8703.8,135.91427148924158,89.603700850046256,66.554091961255808,5.23946966586832,1.1395423756356938,8573.8350350532656,88.901164469264544,53.437526493328056,77.57430686073168,45.91289206744796,0.329,70.303,71.67,61.584791862094712,160,169.16666666666666,NA,234,69.257999999999992,76.1,17.91,18.313333333333332,19.926666666666664,2.16,117.46,175.43585943526648,5,136.238274773558,136.11533333333336,66.666481222092272,67.106322698543648,129.434747574726,129.33966666666668,122.55466666666668,65.399,89.905,204.209770865207,202.83533333333336,98.642045783304688,6.6966666666666664,5.0466666666666672,5.5233333333333336,8474.8,7003.3,4660,3835.6,1975.2,28.1,547,144.6,921.9,333.60000000000004,880.9,767.9,5471.3,1590.218,1129.567,372.277,88.374,1542.541,587.18100000000008,955.361,-85.2,954.5,1039.7,-101.9,7782.8,1935.157,1199.251,684.677,140.404,2646.418,912.445,1742.739,-76.4,1134.8,1211.2
1997q3,8662.8,8685.9,8542.3679076707616,12471,12509.3,12297.625499441526,8826.8,136.35145106753836,90.190646327263488,66.547672444068592,5.22518462756924,1.4098209493072166,8672.9642895229264,89.23281014018496,54.152192296986376,77.942045856613824,46.271114957936792,0.329,70.488,71.837,61.781762543239808,160.80000000000002,169.9,NA,235.1,69.464,76.8,17.766666666666666,18.056666666666668,19.803333333333336,2.5066666666666668,118.31,177.54374137065366,4.8666666666666672,136.838153557785,136.59,66.846988383454192,67.164399278806768,130.17681333846,129.95033333333334,123.25833333333332,65.925,90.449,204.892151167885,203.36666666666664,99.098743310265408,6.2433333333333328,5.0466666666666672,5.5333333333333336,8648.9,7116.4,4738.9,3903,2011.9,32.4,556.1,147.4,934.2,341.8,917.6,808.1,5579.2,1625.251,1178.364,378.952,67.935,1555.224,586.047,969.177,-96.8,974.1,1070.9,-122.8,7915.4,1962.053,1251.994,691.309,93.072,2658.663,908.584,1760.278,-94.8,1161.1,1255.9
1997q4,8765.9,8782.2,8656.5762106347104,12577.5,12606,12420.639898841882,8911.3,136.78744792309134,90.802482884433808,66.541040167001992,5.21158007709276,1.2628987108203926,8775.9197156549488,89.56335369396016,54.892765883066232,78.328746763546496,46.647596368539544,0.329,70.709999999999992,72.065,61.900485168741856,161.66666666666666,170.86666666666668,NA,236.93333333333332,69.712999999999992,77.8,17.52,18.2,19.95,2.8,119.58,181.49851951667412,4.6666666666666672,137.21519840748598,136.91633333333334,66.758602616510104,67.13713170514836,130.76833973407,130.50366666666668,124.233,66.245000000000008,90.874,205.561240189853,203.93533333333336,99.217472419904,5.9066666666666664,5.09,5.5066666666666672,8795.5,7254,4844,3992.4,2049.1,31.2,565.4,152.1,950.3,350.10000000000004,904.3,799.9,5663.6,1644.529,1181.123,385.754,77.652,1574.782,589.22400000000008,985.558,-117,968.3,1085.3,-163.80000000000002,8010,1990.86,1260.004,698.607,99.287,2672.005,907.153,1776.112,-123.6,1159.4,1283
1998q1,8866.5,8891.8,8757.288477813808,12703.7,12745.1,12547.22445560292,9049.1,137.2269281630446,91.43412756929952,66.536271247317,5.1986588936454296,1.2470928925417236,8882.4987107584992,89.895841390569584,55.65862681319304,78.730513798914784,47.039481703075864,0.329,70.715,72.277,62.249732529341072,162,171.9,NA,238.76666666666672,69.783,78.5,13.33,13.953333333333334,15.966666666666666,2.1866666666666668,121.08,187.97059032211096,4.6333333333333328,137.771302061146,137.14766666666666,66.785664184438576,67.099325652127816,131.41869973457,130.78233333333332,124.996,66.858000000000008,91.431,206.23502584398,204.395,99.7292449879544,5.5866666666666672,5.0533333333333336,5.5199999999999992,8894.4,7416.5,4942,4074.9,2110,27.9,589.5,156.80000000000002,978,357.8,837.3,728.6,5721.3,1712.324,1212.378,394.846,105.1,1568.029,572.164,995.865,-135.19999999999998,963,1098.2,-164.9,8091,2078.205,1300.905,713.086,151.744,2662.448,884.592,1792.329,-166.30000000000002,1164.8,1331.1
1998q2,8969.7,8992.2,8869.0652566526112,12821.3,12858.4,12677.452576465222,9142.4,137.667292864775,92.087614368343616,66.531951135479904,5.1864174604119704,1.134671359779471,8992.0043598397776,90.228570080491168,56.447796044223416,79.142200977218096,47.44379386757304,0.329,70.843,72.498,62.691144290456824,162.53333333333334,172.86666666666668,NA,241.1,69.964,79.1,12.343333333333334,12.65,14.66,2.25,122.75,189.39475750907412,4.4,138.190271189062,137.32566666666664,66.740028098716184,67.019187753674456,132.047158043798,131.25933333333336,125.78933333333334,67.194,91.913,206.918054899081,204.905,100.08933139614,5.5966666666666664,4.9766666666666664,5.5,9046.5,7544.4,5028.3,4145.5,2154.7000000000004,27,603.20000000000008,162.6,1000.5,361.4,835.6,729.6,5832.6,1695.773,1247.103,411.33,37.34,1603.691,587.06500000000008,1016.626,-162.30000000000002,947.3,1109.6,-196.1,8233.5,2065.3359999999996,1344.867,737.797,55.301,2709.053,901.823,1821.653,-209.7,1152,1361.6
1998q3,9121.1,9130.7,8999.6799277575744,12982.8,13001,12809.972981996802,9279.9,138.1121312955031,92.750527139348336,66.5301158981062,5.17484620977586,1.3491598947639404,9103.6220034366528,90.563896713767248,57.258706754363376,79.556040895604016,47.854864676318952,0.329,71.062,72.756,62.99040179045784,163.36666666666668,173.9,NA,243.30000000000004,70.235,80.1,11.886666666666666,12.226666666666666,14.223333333333332,2.0133333333333332,124.35,194.1450128585296,4.5333333333333336,138.843429344464,137.81466666666666,66.925551433211768,67.068755191029896,132.602981446212,131.56833333333336,126.50033333333334,68.108999999999992,92.041,207.591728419458,205.48266666666664,100.112693897496,5.2033333333333328,4.8233333333333336,5.5333333333333336,9210.8,7650.4,5114.9,4217.4,2180.3999999999996,27,618.4,168,1006.8,360.2,845.1,749.1,5926.8,1741.623,1261.652,427.55,52.42,1627.262,588.63,1038.633,-174.6,935.3,1109.9,-224.6,8340.8,2118.989,1366.129,759.373,69.982,2729.468,898.379,1847.29,-233.3,1146.7,1380
1998q4,9294,9306.2,9120.3823971435904,13191.7,13213.3,12945.270977878106,9466,138.5668743512615,93.42255166312232,66.5335539853282,5.1639302809366096,1.9036219677673216,9217.519222896776,90.905396081024192,58.097430286445968,79.972044810895936,48.271563416416888,0.329,71.248999999999992,72.987,63.364948856205128,164.13333333333332,174.86666666666668,NA,245.33333333333336,70.424000000000008,80.8,10.83,11.326666666666666,12.936666666666668,1.91,126.39,189.34161568694192,4.4333333333333336,139.49002652544498,138.43133333333336,66.982619082916968,67.16783143267028,133.32589159523698,132.29366666666666,127.25533333333332,68.625,93.182,208.268292489279,206.09766666666668,100.559362110442,4.67,4.2533333333333328,4.86,9325.2,7742.1,5199.4,4288.7,2186.5,32.4,635.70000000000008,173.4,990.7,354.3,822.7,722.4,6028.2,1796.964,1295.444,441.503,60.017,1647.452,594.203,1053.249,-178.69999999999998,966.3,1145,-235.8,8461.3,2183.382,1405.9659999999998,777.203,81.947,2745.584,904.013,1857.818,-235.3,1189.3,1424.7
1999q1,9411.7,9437.6,9247.6229958252976,13315.6,13349,13083.46512991397,9583.3,139.03188645316856,94.104061044449664,66.5427800013606,5.1536502701945,1.7742613885619596,9334.0490177220752,91.25332874786264,58.950142316831904,80.390224038779984,48.695444888336984,0.329,71.39,73.171,63.744825996762368,164.73333333333332,175.63333333333332,NA,247.23333333333336,70.614999999999992,81,10.863333333333334,11.036666666666668,13.07,1.8066666666666668,128.22,191.49308618904668,4.3,139.800910102578,138.9,66.901457262443304,67.14166940582764,133.87522137965598,132.94333333333336,128.017,69.578,93.044,208.945169675347,206.876,101.074384392793,4.9833333333333336,4.4066666666666672,4.7333333333333336,9486,7836.6,5287,4364.6,2185.3,34.200000000000004,648.29999999999992,176.1,981.2,345.5,876.5,761.9,6102,1853.063,1322.305,447.363,83.394,1669.1389999999998,595.141,1073.998,-212.6,960.8,1173.3,-234.2,8548.2,2243.5479999999996,1437.127,780.198,113.307,2765.0479999999996,902.583,1880.024,-279.5,1185.4,1464.9
1999q2,9526.2,9557.1,9381.6105430492224,13426.7,13466.8,13222.90842921196,9671,139.49282474031114,94.792749762065408,66.551080348715896,5.1439830521394,1.5412008022215762,9451.8447131119712,91.598301758179856,59.81826198414644,80.810589954112704,49.12427256405384,0.329,71.796000000000008,73.425,64.118555537980328,165.96666666666666,176.46666666666666,NA,249.33333333333336,70.934,82,15.433333333333334,15.653333333333332,17.649999999999998,2.2399999999999996,130.12,192.16744588784196,4.2666666666666664,140.28732664863802,139.13166666666666,66.891278414411216,67.073494082388576,134.300425435044,133.21466666666666,128.83099999999998,69.831999999999992,93.554,209.608788871507,207.43166666666664,101.367330179875,5.54,4.4533333333333328,4.7466666666666672,9567.9,7896.8,5343.9,4409.3,2190.8,28.3,661.9,179.6,978.7,342.3,870.9,754.1,6230.6,1848.341,1353.96,459.27,35.110999999999996,1694.757,599.246,1095.511,-247.5,974.6,1222.1,-262.2,8679.1,2244.6819999999996,1475.261,792.348,48.463,2775.035,901.241,1892.107,-306.89999999999996,1200.1,1507
1999q3,9686.6,9715.2,9514.6937855167328,13604.8,13641.2,13363.358248838398,9822.3,139.94573404446316,95.489572012196016,66.556646086687608,5.13490264848964,1.8067445822055104,9570.8009783028064,91.937731988753168,60.712120450160336,81.233153991230576,49.558879167988288,0.329,72.191,73.695,64.545258715643368,167.19999999999998,177.4,NA,251.7,71.206999999999992,82.7,19.75,19.773333333333332,21.726666666666668,2.5466666666666668,132.13,191.46008661137112,4.2333333333333336,140.746386893828,139.49700000000002,66.959695626717728,67.05178880715748,134.78943746290802,133.57066666666666,129.58833333333334,70.471,94.157,210.26975457559,208.04366666666668,101.697500217606,5.8833333333333336,4.6499999999999992,5.0933333333333336,9695.9,8008,5424,4473.7,2216.1,25.9,673.6,179.4,990.3,346.89999999999996,856.2,737.7,6335.3,1893.735,1386.594,466.625,40.516,1733.984,614.158,1119.826,-276.39999999999996,1005.3,1281.7,-293.39999999999996,8776.7,2306.4699999999996,1517.519,798.3,60.068,2808.44,915.357,1911.116,-325.2,1236.3,1561.5
1999q4,9900.2,9938.3,9669.3024726136064,13828,13877.4,13505.49631232712,10009.1,140.39398014083238,96.197118272303776,66.560786725709096,5.12638112041102,2.3879439912068756,9691.4999705306768,92.272250060484288,61.617421700618224,81.657927644261008,50.001941092246536,0.329,72.629,74.042,64.991089939286824,168.43333333333334,178.4,NA,253.96666666666668,71.581,83.5,23.036666666666668,23.186666666666668,24.596666666666668,2.4833333333333332,134.1,189.4918690662832,4.0666666666666664,141.33069744821302,139.99100000000002,67.0090036084072,67.090374947482432,135.55443583726302,134.275,130.476,71.512,94.549,210.934769230308,208.66033333333336,101.736438818382,6.1400000000000008,5.0433333333333336,5.3066666666666664,9892.2,8173,5555.9,4584.1,2251.8999999999996,23.8,689.4,178.9,1000.6,359.2,863.4,726.5,6467,1953.097,1395.049,473.806,84.241,1781.74,634.34400000000008,1147.396,-301.7,1031,1332.7,-316.7,8905.1,2367.988,1524.251,804.127,114.34,2852.137,933.917,1935.879,-338.7,1262.7,1601.4
2000q1,10002.2,10035.3,9836.784617542248,13878.1,13920.1,13648.58537128962,10014.8,140.84068746868752,96.907971812648592,66.564662003619904,5.1183894598256504,1.6816001253373348,9813.1984736944448,92.602045567481472,62.522640254610488,82.084922467434944,50.44951304988656,0.329,73.219,74.43,65.496162554274888,170.1,179.56666666666666,NA,256.60000000000004,72.058,84.4,26.793333333333332,27.15,28.823333333333336,2.6233333333333336,136.47,190.77708681345076,4.0333333333333336,142.160573701625,142.38566666666666,67.1964077629716,67.294464977203904,136.50601626854898,136.61933333333334,131.24533333333334,71.22,94.991,211.584256547573,211.586,101.892686155076,6.4799999999999992,5.5200000000000008,5.6766666666666664,10156.1,8408.4,5749.2,4751.5,2298.5,26.7,693.9,179.80000000000002,1021.3,376.8,846,714.79999999999992,6618.2,1950.65,1450.25,484.243,16.157,1789.895,619.36800000000008,1170.527,-356.60000000000004,1052.9,1409.5,-370.5,9039.7,2351.223,1580.108,808.112,20.031,2831.9029999999996,903.013,1949.923,-381,1280.9,1661.9
2000q2,10247.7,10283.4,9999.5237018907296,14130.9,14176.2,13788.681311811208,10244.3,141.28138476310448,97.597297300925872,66.565506610401304,5.1108984554991904,2.4818811926246464,9931.6784115929728,92.896288250374672,63.405268023308832,82.502507992995952,50.896892016460144,0.329,73.568,74.689,65.832335282963552,171.43333333333334,180.7,NA,259.3,72.491,85.3,26.516666666666664,26.853333333333332,28.776666666666668,3.6366666666666664,138.76,195.34559845280368,3.9333333333333328,142.54628998528798,142.57666666666666,67.132214625115512,67.176462088873392,136.89337474589698,136.94666666666666,132.01666666666666,72.659,95.245,212.230390293011,212.242,102.298970040018,6.1766666666666664,5.7133333333333336,6.2733333333333336,10287.4,8549.7,5791.7,4779.1,2372.6,32.700000000000004,717.9,180.2,1053.3,388.5,837.6,699.1,6711.9,2075.786,1498.729,486.613,90.444,1822.524,641.178,1181.346,-362.5,1093.4,1455.9,-379.5,9124.2,2490.5010000000004,1629.445,803.964,117.982,2859.814,931.183,1947.196,-394.9,1319.9,1714.8
2000q3,10318.2,10348.6,10156.702969168946,14145.3,14183.2,13923.902474247976,10233.9,141.71780006562316,98.25090756277928,66.5636392767768,5.1038795105662304,1.5900536947992538,10045.08304186542,93.15013152285568,64.24755208233476,82.908653398676384,51.33777418012776,0.329,74.042,75.05,66.54861518870948,173,181.9,NA,262.3,72.945,86.1,29.12,29.626666666666664,31.613333333333332,4.4766666666666664,140.93,197.2807361149756,4,142.477009519923,142.43666666666666,66.94539548106752,66.89721896937172,136.679628864383,136.69533333333334,132.26666666666666,72.59,95.238,212.8870968711,212.91866666666668,102.905116580478,5.8933333333333336,6.0166666666666664,6.5199999999999992,10442.4,8711.7,5903.9,4871.3,2421.4999999999996,31.4,728.9,182.9,1086.1,392.2,822.1,677.6,6820,2059.969,1519.657,483.08,57.233,1832.078,633.54999999999992,1198.528,-393.9,1125,1518.9,-416.8,9211.6,2466.375,1647.1679999999998,791.466,84.692,2847.75,913.559,1954.505,-424.9,1351.6,1776.5
2000q4,10435.7,10490.4,10306.358766813396,14229.8,14300.4,14053.434266987478,10302.1,142.1534629263028,98.861005407045616,66.560488506579104,5.0973053895934904,1.2549653676241724,10152.884678407004,93.367895625638064,65.038038698601072,83.304746031324448,51.7676986944208,0.329,74.46,75.421,67.039188662117792,174.23333333333332,183,NA,264.8,73.341,86.8,28.3,29.313333333333332,31.99,6.5033333333333328,143.4,202.8733364680504,3.9,142.98423337779,142.94400000000002,66.968294141205944,66.933778276552616,137.357894130534,137.34133333333336,132.54133333333334,73.353,94.876,213.54493726974,213.56033333333336,103.522794915075,5.5666666666666664,6.0166666666666664,6.4733333333333336,10501.1,8815.4,5943.7,4898,2478.2,34,748.7,191,1116.5,388,799.9,631.5,6918.6,2067.227,1525.0909999999998,487.792,54.344,1861.253,638.17999999999992,1223.073,-411.3,1113.2,1524.5,-420.7,9292.1,2471.534,1653.368,792.279,77.396,2865.194,916.091,1969.892,-441,1338.1,1779.1
2001q1,10470.2,10510.3,10465.707856997986,14183.1,14233.5,14177.014871405334,10241,142.58445131179658,99.42889803884536,66.554604025654296,5.0911508752539104,0.042922495672481632,10254.686728364312,93.550885780268416,65.765859357007104,83.69217323778856,52.184493191402464,0.329,75.012,75.912,67.736667834769936,175.9,184.33333333333336,103.837316228959,268.3,73.843,87.6,24.156666666666668,25.196666666666664,28.816666666666668,6.32,146.04,203.45322137982916,4.2333333333333336,143.67039716290902,143.80833333333334,67.064076048635328,67.168454763561744,137.636021416173,137.72433333333334,132.74733333333336,72.937,94.851,214.232915459513,214.101,103.536658847212,5.05,4.8166666666666664,5.5933333333333336,10679.4,8975.4,6050.1,4979.5,2502,34.299999999999996,775.7,197.1,1117.6,377.3,782,622.6,6995.3,1971.333,1505.248,496.716,-30.631,1906.253,653.27700000000008,1252.9760000000002,-402.7,1096.8,1499.5,-423.7,9325.8,2358.969,1638.5719999999998,795.699,-41.56,2909.984,936.184,1994.229,-434.9,1321.3,1756.1
2001q2,10599,10647.4,10615.00827713083,14271.7,14333.1,14293.255366424008,10315.8,142.9915986409135,99.958707380549184,66.538291959137896,5.0853933171443,-0.15080795711970296,10349.436784273104,93.690971597089408,66.417666839853152,84.07232236491704,52.587914699767368,0.329,75.363,76.199,68.337348311820664,177.13333333333332,185.46666666666668,104.239272259393,271.36666666666668,74.335,88.4,23.856666666666664,24.7,27.906666666666668,4.3633333333333336,148.38999999999998,207.37851165646516,4.4,143.39025116320602,143.41466666666664,66.680022880658824,66.786607410351024,137.05521425011698,137.088,132.38833333333334,74.195,93.923,214.92182618068,214.73566666666664,103.457522289599,5.2699999999999992,3.66,4.3266666666666664,10732.1,9012.4,6040.9,4961.4,2517.2,32.6,795.2,202.6,1113.8,373,808.1,638,7042.3,1973.033,1473.585,511.008,-11.56,1947.731,666.231,1281.501,-364,1058,1422,-379.1,9344.5,2362.652,1604.67,808.035,0.135,2960.454,949.794,2031.736,-417.4,1282.5,1699.9
2001q3,10598,10623,10737.369746975566,14214.5,14244.4,14401.428785467464,10249.6,143.36600438646508,100.45218772119924,66.508867957939304,5.08001305816486,-1.297987777824483,10436.45566077194,93.786876661166624,66.998865745709,84.446580759558176,52.97585024417512,0.329,75.401,76.395,68.8332489630246,177.63333333333332,186.73333333333332,104.478376653424,274.10000000000004,74.56,89.2,23.013333333333336,23.976666666666668,26.666666666666668,2.7399999999999996,150.65,206.9442555431622,4.8333333333333328,143.672126042186,143.64233333333334,66.668171051332024,66.679612852312912,136.698979900376,136.71933333333334,131.98500000000002,74.613,92.799,215.580078458454,215.42166666666664,104.234245081928,4.9800000000000008,3.17,3.4966666666666664,10718.7,8997.1,6024.6,4935.9,2512.7,32.5,813,204.8,1090.8,371.6,773.2,627.70000000000008,7070.3,1944.909,1452.58,522.446,-30.116,1953.408,674.447,1278.961,-370.6,998.9,1369.5,-412.1,9377,2311.409,1585.696,813.073,-43.518,2957.571,955.428,2022.444,-444.5,1216.9,1661.4
2001q4,10660.5,10748.4,10846.563423832894,14253.6,14367.6,14502.3757251484,10259.9,143.70854503051334,100.9151941665622,66.467489681233504,5.0749937271223704,-1.7154135974908002,10516.527906025892,93.843868047906432,67.511975857588848,84.81633576856032,53.349880966037608,0.329,75.432,76.764,69.324869517370384,177.5,187.96666666666668,104.605975819131,277.3,74.801,90,16.923333333333332,17.933333333333334,20.400000000000004,2.4133333333333336,153.03,208.51817485189856,5.5,144.09503487238598,144.21033333333336,66.659365436747336,66.729545682401864,136.19741239936198,136.22566666666666,131.19300000000002,75.555,91.734,216.204928288188,216.11166666666664,104.550275433266,4.7700000000000008,1.9066666666666668,2.1333333333333332,10664.4,8987.7,6037.8,4937.8,2449.7,29.2,811.7,205.1,1028,375.7,785.4,585.20000000000008,7187.3,1850.091,1408.856,522.064,-80.829,1992.742,686.89200000000008,1305.85,-369.7,953.5,1323.2,-350.8,9528.3,2196.554,1540.138,807.849,-111.609,3006.637,966.847,2060.974,-469.6,1174.6,1644.2
2002q1,10783.5,10833.1,10951.69726574377,14372.8,14435.4,14596.981913208332,10389.4,144.0265230768129,101.34926263146268,66.417593697011,5.07032238974232,-1.5358100362204196,10590.632751473322,93.871610537543744,67.969029897639504,85.182974738771776,53.709933629960664,0.329,75.584,77,69.609712120908992,178.06666666666666,189,104.813953521592,280.53333333333332,74.998,90.7,19.189999999999996,19.27,21.656666666666668,2.5333333333333332,155.54,210.98625784860592,5.7,144.309875588939,144.339,66.54556035121496,66.618819923937536,135.98206816890098,136.10533333333334,130.77233333333334,77.135,90.989,216.851936370661,216.664,104.796180815219,5.0766666666666672,1.72,1.7333333333333334,10826.8,9032.7,6060.7,4945.9,2455.1,18,841.8,207.3,995.9,392.1,870.1,711.70000000000008,7217.7,1912.659,1374.027,538.33900000000008,0.293,2040.01,714.032,1325.978,-386.9,969.2,1356,-404.4,9549.5,2262.071,1503.202,834.34,-6.151,3059.334,998.625,2080.474,-490.7,1200.2,1690.9
2002q2,10887.5,10918.4,11057.873451458934,14460.8,14498.1,14687.090370319848,10427.8,144.323079208362,101.76536179023602,66.3608614242646,5.0659895539952,-1.5407433645069912,10660.1586910669,93.877682585515488,68.384028439666776,85.54835468005272,54.059034623096952,0.329,76.145,77.424,70.104404545158264,179.46666666666666,189.96666666666668,105.30526200185,283.73333333333336,75.295,91.6,23.956666666666668,24.393333333333336,26.246666666666668,3.3866666666666668,158.4,206.71899400663976,5.8333333333333328,144.63801438200702,144.82366666666666,66.472191470245776,66.676437322267416,136.195450092226,136.36000000000002,130.64000000000002,77.259,91.177,217.488408675654,217.20366666666668,105.35388078404,5.1,1.7133333333333334,1.75,10967.3,9131.9,6129.1,4998.3,2472.1,13.6,850.9,208.9,996.8,401.9,901.5,756,7308,1933.282,1357.267,554.846,21.169,2074.482,734.758,1339.723,-428.3,1004.2,1432.4,-456.4,9597.8,2298.939,1486.251,855.033,32.415999999999996,3082.755,1018.021,2083.223,-511.6,1236,1747.5
2002q3,10984,11027.5,11176.898086252006,14519.6,14573.3,14774.58935298112,10470,144.60449369591294,102.1724081690741,66.300312862355992,5.0619890294702304,-1.7258642314120886,10726.9870313776,93.87300484549672,68.77418628827856,85.915301865279984,54.400640401456952,0.329,76.539,77.836,70.773508503469072,180.43333333333332,190.96666666666668,105.802057394615,287.23333333333336,75.633,92,25.936666666666668,26.336666666666668,28.34,3.21,161.41999999999998,203.42454373390944,5.7333333333333336,144.883800132256,145.12133333333336,66.444626474017568,66.609853381945936,136.54275629549202,136.80666666666668,130.55600000000002,77.852,90.85,218.122616007926,217.86766666666664,105.525575423314,4.26,1.6433333333333334,1.74,11051.7,9176.7,6156.9,5012.1,2482,21.8,851.2,207.7,997.8,403.5,934,778.5,7397.1,1933.197,1348.884,558.88,25.433,2101.256,748.351,1352.905,-447.5,1015.6,1463.1,-461.7,9665,2295.983,1481.408,857.541,26.563,3098.5949999999996,1028.036,2088.572,-529.9,1239.9,1769.8
2002q4,11061.4,11120.6,11307.245510502798,14537.6,14611.5,14860.705908247192,10472.2,144.87868510091702,102.57344548575788,66.239497577852904,5.05831764437482,-2.1742298800750624,10792.44110087923,93.863401337909072,69.162117057258216,86.28382301691784,54.73818282978716,0.329,76.896,78.113,71.383591456890032,181.5,191.83333333333336,106.49956024235602,291.03333333333336,76.073,92.300000000000016,25.45,26.076666666666668,28.216666666666668,4.3,164.66999999999998,204.89007767292712,5.8666666666666672,144.81042831473098,145.14033333333336,66.2134795078194,66.412712067342968,136.37542429049302,136.65166666666668,130.566,77.749,90.989,218.753050432101,218.543,105.597007969659,4.0066666666666672,1.3333333333333332,1.4433333333333334,11197.3,9258.9,6193.7,5027.1,2515.7000000000004,27.8,855.5,209.9,1014.1,408.4,1015.9,848.2,7473,1942.531,1331.215,578.313,33.003999999999996,2142.232,775.246,1366.9860000000002,-496.3,1003,1499.3,-499.2,9718.7,2293.746,1461.4760000000002,872.965,39.749,3121.3739999999996,1045.596,2092.642,-579.9,1221.6,1801.5
2003q1,11174.1,11217.7,11428.76369000061,14614.1,14667.1,14947.163122044544,10521.1,145.15396242836272,102.97454421488052,66.1814936002086,5.0549748275089,-2.2282698016008908,10858.129787149418,93.854639097609344,69.55535896721776,86.65392488626552,55.076490726878672,0.329,77.484,78.354,71.959453207630088,183.36666666666668,192.46666666666668,107.482146564536,293.03333333333332,76.482,93.3,30.586666666666668,31.39,34.096666666666664,6.3900000000000008,167.55000000000002,200.05286556959656,5.8666666666666672,145.068339706301,146.01966666666666,66.126510722323872,66.339606983196216,136.4438384336,137.44433333333334,130.41633333333334,78.509,90.53,219.339141950726,220.10933333333336,105.958255081311,3.92,1.1566666666666666,1.25,11245.8,9306.7,6213.2,5027,2532.6000000000004,29.9,846.4,218.7,1021.8,415.8,1007.2,862.8,7567.2,1960.221,1332.696,601.44399999999992,26.081,2172.0100000000004,792.724,1379.285,-525.29999999999992,1004.2,1529.5,-546.4,9766.6,2312.465,1468.714,889.046,41.275,3124.051,1057.662,2081.752,-575.9,1217.8,1793.7
2003q2,11312.8,11369.1,11536.434460872908,14743.6,14813.2,15035.055434315628,10626,145.43480863088868,103.38003381621224,66.126716588445304,5.05196206617004,-1.9385058843907956,10924.670317113502,93.84959877981688,69.948661858130504,87.025614253581024,55.41698523669584,0.329,77.562,78.651,72.684265050973696,183.06666666666668,192.8,107.296101593322,295.10000000000004,76.746,93.8,25.616666666666668,26.56,28.98,5.6400000000000008,170.24,191.90855660320888,6.1333333333333328,145.51277086585,146.67666666666664,66.149979279541608,66.437473011616704,136.55112291524902,137.65566666666666,130.18433333333334,79.546,90.24,219.899323072959,220.774,106.085126586354,3.62,1.04,1.2466666666666666,11377,9408.7,6307.3,5101.4,2534.7999999999996,37.3,855.1,223.2,1010.1,409.1,1044,891.4,7661.5,1972.386,1366.842,612.032,-6.4880000000000008,2198.793,825.97,1372.8219999999998,-519.9,1007.5,1527.3,-526,9878.4,2327.492,1509.349,903.208,-9.38,3152.71,1094.2,2070.3939999999996,-599.9,1220,1819.8
2003q3,11566.7,11621.2,11671.155074395222,14988.8,15055.5,15124.158937215894,10876.1,145.72710155336656,103.78411960439144,66.075802994411008,5.0492822543024504,-0.894984889922168,10992.093752344408,93.852035178373648,70.349425560552872,87.398897928205248,55.757552952554992,0.329,78.073,79.011,73.33093548509608,184.43333333333332,193.56666666666668,107.89465807393902,298.5,77.185,94.7,27.37,28.03,30.213333333333336,4.8733333333333328,173.6,191.69006015611936,6.1333333333333328,145.307653188481,146.48666666666666,65.907867516413408,66.13015358038216,136.42759138920102,137.54400000000002,130.19666666666668,81.297,90.374,220.524133269166,221.51266666666668,106.065297324264,4.2333333333333336,0.93,1.0166666666666666,11565.4,9537.7,6393.7,5168.7,2566.7,39.7,865.5,227.5,1004.4,429.6,1097.6,941.8,7820.9,2044.304,1392.121,651.745,0.438,2220.4319999999996,833.257,1387.175,-519,1037.3,1556.3,-526.70000000000008,10018.1,2411.638,1541.336,954.974,3.437,3159.86,1093.921,2078.257,-595,1253.3,1848.3
2003q4,11772.2,11851.8,11813.42328166407,15162.8,15261.4,15215.896309544176,11030.7,146.03422049176722,104.19404615099774,66.029297144476704,5.0469389482292,-0.34895288758554076,11060.962895876762,93.864066813796256,70.773723883256848,87.773782748686768,56.099700804456224,0.329,78.457,79.365,73.93088410217736,185.13333333333332,194.06666666666668,108.350835629988,301.59999999999996,77.633,95.2,27.806666666666664,28.436666666666668,31.193333333333336,5.09,177.5,185.54514898637372,5.8333333333333328,145.666539112692,146.815,65.886213299911832,66.050864767023528,137.19676037138902,138.273,130.50333333333334,82.063,90.803,221.174719058401,222.27566666666668,106.333596892694,4.2866666666666664,0.91666666666666672,0.99666666666666672,11734.4,9674,6500.2,5256,2606.6,41.5,874.5,239,981.2,470.4,1159.4,976.6,7913.5,2131.311,1411.859,683.107,36.345,2251.1640000000004,855.125,1396.039,-523.70000000000008,1091.7,1615.4,-511.5,10087.1,2493.928,1560.7349999999998,983.399,45.183,3178.9229999999996,1114.267,2075.146,-597.4,1309.7,1907
2004q1,11923.4,12021.5,11971.840345772642,15248.7,15370,15310.64980463486,11046.7,146.35475086659972,104.61327503191408,65.986138423096096,5.0449355499305304,-0.40461904246615888,11132.048500339322,93.884720456103024,71.226768666427872,88.15027558290712,56.447816677799088,0.329,79.062,79.801,74.737786723829168,186.7,195,109.39861327843098,305.16666666666668,78.191,95.7,30.986666666666664,31.916666666666668,35.246666666666668,5.64,181.44,181.18201458812396,5.7,146.078452585209,146.83166666666664,65.846237752750864,66.034497232665928,137.725835653924,138.489,130.905,81.823,91.202,221.778546797783,222.356,106.811961587325,4.0200000000000008,0.91666666666666656,1.0033333333333334,11916,9771,6541.3,5274.5,2641.7999999999996,56.3,890.3,243,937.6,514.6,1268.6,1064.6,8048.8,2154.052,1401.83,706.197,46.025,2286.594,871.8,1414.794,-566,1133.7,1699.6,-548.9,10181.1,2498.14,1545.301,994.829,55.562,3193.302,1126.3699999999998,2076.531,-621.20000000000008,1339.3,1960.5
2004q2,12112.8,12185.6,12144.644788535598,15366.9,15455.1,15407.299881195732,11173.8,146.67923098510668,105.0407735145553,65.941497796727008,5.0432744399878304,-0.26221259732238656,11205.146714456148,93.907879574642656,71.706254963181208,88.528383328206608,56.804467021653648,0.329,79.594,80.258,75.353726133292144,188.16666666666664,196.23333333333332,110.13023737044602,308.73333333333336,78.825,96.4,33.823333333333336,34.793333333333336,38.353333333333328,6.1,186.01,186.15633193527624,5.6,146.210065964504,147.125,65.706902486386168,65.98322669377504,138.01861762664902,138.90200000000002,131.63433333333336,82.68,91.295,222.440049649283,222.97333333333332,107.121949954274,4.6,1.0766666666666666,1.01,12148.5,9934.7,6668.5,5380.7,2674,55.3,907.8,243.4,924.3,543.20000000000008,1301.2,1113.5,8147.1,2262.607,1445.4570000000002,743.16,73.989,2320.6819999999996,884.561,1436.121,-617.6,1170.2,1787.7,-624.5,10236.7,2597.507,1583.94,1026.365,92.005,3201.8270000000004,1133.004,2078.023,-670.29999999999992,1367.4,2037.7
2004q3,12305.3,12386.9,12300.375268476736,15512.6,15611.3,15506.39166779942,11289.4,147.00689567521164,105.48070957200762,65.894989482963896,5.0419560839493704,0.040037246147162088,11280.103774788458,93.933034350559408,72.198822884696512,88.908112911510704,57.169147976685664,0.329,79.985,80.545,75.816846532431216,189.36666666666668,197.06666666666668,110.50775812115098,311.83333333333332,79.323,97.2,38.59,39.443333333333336,43.873333333333336,5.4933333333333328,190.81,183.96369670371588,5.4333333333333336,146.611437308571,147.55700000000002,65.731909448213016,65.96790057224608,138.608120991101,139.53866666666668,131.96133333333336,83.067,91.811,223.09464801275,223.68,107.930129484039,4.3033333333333336,1.4866666666666666,1.4333333333333334,12376.1,10073.9,6803.7,5492.8,2683.8,47.1,917.1,241.8,933.4,544.4,1364.1,1158.9,8283.3,2318.272,1490.4949999999998,763.611,64.166,2356.371,902.509,1453.862,-652.70000000000008,1180.2,1832.9,-649.29999999999992,10356.9,2638.672,1629.205,1033.686,80.645,3207.809,1145.488,2070.244,-694,1371.9,2065.9
2004q4,12527.2,12581.7,12476.40626694486,15670.9,15734.5,15607.359583040598,11403.1,147.34251840642844,105.92570122895132,65.848632637089096,5.0409781369499104,0.40711829967989832,11356.47914984377,93.963213836627344,72.700315434797056,89.289471289456848,57.53774294612428,0.329,80.669,80.982,76.256463751230112,191.4,198.26666666666668,111.783136710783,314.83333333333336,79.936,97.7,39.773333333333336,41.5,48.3,6.39,195.51,176.08769072787928,5.4333333333333336,147.054039380637,148.00466666666666,65.75751725025452,65.95044366613492,139.107409250995,140.02933333333334,132.52133333333336,83.428,92.332,223.754576234319,224.418,108.549401738782,4.1733333333333336,2.0066666666666668,1.95,12540.6,10283.9,6864.5,5536.1,2817.8999999999996,51,926.8,242.9,962,635.20000000000008,1348.2,1164.7,8448.6,2390.082,1531.693,786.299,72.089,2388.8470000000004,909.622,1479.225,-700.29999999999992,1221.4,1921.8,-728.3,10474.1,2693.575,1662.655,1047.949,87.941,3205.846,1143.386,2070.564,-709.5,1404.5,2114.1
2005q1,12767.3,12854.4,12656.601191184664,15844.7,15948.3,15707.318610353298,11557.3,147.6915148953775,106.35220731184274,65.804607659667896,5.0403345719023296,0.8746329851369472,11431.390766765906,94.00183586301744,73.22491859922736,89.649284202912,57.893487424180936,0.329,81.138,81.558,77.006894318072352,192.36666666666668,199.5,112.31193786018,318.33333333333332,80.55,98.3,41.003333333333328,42.28,49.726666666666664,6.3933333333333336,200.36,174.13387893336744,5.3,147.30284770376,148.26133333333334,65.605094056749464,65.882799053196936,139.500632032972,140.428,132.98866666666666,84.324,92.586,224.426959848785,225.038,108.956533181295,4.2966666666666672,2.5366666666666668,2.4699999999999996,12750.1,10292.6,6926.3,5574.6,2736.3,47.6,909.5,233.7,1012.3,533.20000000000008,1480.2,1257.9,8551.7,2486.0680000000004,1568.306,815.285,102.477,2426.138,931.826,1494.3119999999998,-696.70000000000008,1258.4,1955.1,-688.70000000000008,10540.6,2769.261,1686.791,1072.69,121.598,3221.699,1156.085,2072.93,-701.4,1430.8,2132.3
2005q2,12922.7,12997,12827.229470385776,15922.8,16009.8,15805.16528365269,11606.1,148.05246521746748,106.75381365948354,65.762298268766896,5.04001485646218,0.74428020356724912,11504.65220775918,94.047953914068976,73.778114187253872,89.98103406815344,58.235943903051288,0.329,81.65,81.962,77.564347134260272,193.66666666666664,200.43333333333332,112.90435340543902,321.76666666666664,81.137,98.8,45.906666666666664,47.283333333333328,53.053333333333336,6.95,205.66,176.18223010175796,5.1,148.15789372823098,149.14166666666666,65.786825258774512,66.087217254387584,140.522195366483,141.52566666666666,133.71833333333334,84.252,93.058,225.122242686505,225.674,109.15228591367,4.16,2.8633333333333332,2.9433333333333332,12964.8,10458.1,7005.6,5637.8,2806.3,51,913,231.2,1066.3,544.79999999999992,1497,1276.9,8701.1,2476.474,1603.838,843.801,28.835,2452.246,939.279,1512.967,-707.20000000000008,1294.9,2002.1,-722.2,10657.4,2733.225,1714.068,1092.494,30.068,3219.797,1154.907,2072.2689999999996,-698,1462.8,2160.8
2005q3,13142.6,13225.7,13023.514231441238,16047.6,16144.1,15902.191878355608,11715,148.42609223788444,107.13878967364416,65.722380700510496,5.04000320324226,0.91439043596439616,11576.511600356482,94.101992689157584,74.354559122454464,90.284337751996864,58.56604105304948,0.329,82.532,82.281,78.085069676978464,196.6,201.10000000000004,114.178344832922,324.53333333333336,81.905,99.4,56.75,57.77,63.193333333333336,9.66,211.09,176.44808573124498,4.9666666666666664,148.801925456664,149.72166666666666,65.915029692235368,66.124955282679704,141.36173522002898,142.287,134.45233333333334,84.826,93.296,225.831723665222,226.42233333333336,109.728757672163,4.2133333333333328,3.36,3.46,13180.6,10621.9,7122.6,5738.3,2850.5,49.5,938.5,213.6,1101.1,547.79999999999992,1525.8,1287.2,8868.1,2531.076,1643.1300000000002,875.593,12.353,2494.438,956.393,1538.045,-751,1302.3,2053.3,-754.7,10745.9,2769.1060000000004,1749.806,1104.4659999999998,15.581,3230.377,1163.782,2073.441,-710.4,1462.5,2172.9
2005q4,13324.2,13379,13209.571371699852,16136.7,16198.1,15997.875321123146,11791.6,148.81307727468644,107.50315505937348,65.685720350881592,5.0402779164395704,0.86776947619759952,11646.65205834276,94.164353337272608,74.9504200514936,90.55881212125808,58.8818639241404,0.329,83.189,82.831,78.88325626156728,198.43333333333332,202.43333333333332,115.35086257689,328.26666666666664,82.557,100.1,52.043333333333336,53.94,59.996666666666664,12.25,215.57,177.67998114970026,4.9666666666666664,149.113760128901,150.03200000000002,65.863621920815504,66.036373879821824,141.724577928055,142.59966666666664,134.93333333333334,84.831,93.9,226.539308916548,227.196,110.087772818747,4.49,3.8266666666666664,3.98,13489.4,10811.9,7209.9,5814.8,2953.4,43.5,963.9,206,1145.6,594.4,1617.2,1395.3,8955.3,2645.263,1668.669,890.206,86.388,2528.4319999999996,963.65,1564.782,-804.8,1350.7,2155.5,-839.1,10765.7,2857.35,1763.325,1102.299,101.02,3232.898,1164.213,2075.593,-735.1,1507.8,2243
2006q1,13599.2,13655,13381.167180446046,16353.8,16416,16091.603317517098,12001.2,149.20998670415358,107.8453505221655,65.6515151070078,5.04081085615472,1.6294006091827962,11714.616109305146,94.232841775723696,75.562341175908272,90.804074042752832,59.182424029533056,0.329,83.621,83.311,79.410437788958688,199.46666666666668,203.7,116.007142255504,331.13333333333332,83.135,100.8,54.653333333333336,56.176666666666672,63.27,7.7033333333333328,218.72,175.20081189899454,4.7333333333333336,149.519111655553,150.55600000000002,65.753325701725872,66.10185118785408,142.47500628513402,143.44933333333336,135.731,85.417,94.913,227.278410628814,227.76366666666668,110.476878734129,4.57,4.3933333333333336,4.4566666666666672,13795.9,11104.3,7379.7,5971.4,3049.5,35.299999999999996,1014.2,194.5,1157,648.5,1675.8,1445.4,9100.2,2709.7399999999996,1735.308,896.218,78.214,2580.0859999999996,997.067,1583.019,-790.8,1414,2204.8,-801.8,10883.1,2899.229,1822.454,1091.968,94.172,3273.9050000000004,1194.484,2084.928,-720.20000000000008,1569,2289.1
2006q2,13753.4,13802.9,13574.701869408028,16396.2,16450.2,16183.163929732862,12015.2,149.60262741382906,108.17432961900584,65.6148045543662,5.0415670392761896,1.3164055631651462,11779.398707042628,94.298505999327344,76.196638740547808,91.019740383296864,59.46826748493172,0.329,84.355,83.975,80.084834735786,201.26666666666664,205.36666666666664,116.904740262281,334.93333333333332,83.871,101.6,63.53,64.483333333333336,70.41,6.54,220.23,172.38328906315808,4.6333333333333328,150.17704446270898,151.10133333333334,65.827997032910832,66.14699006855412,143.10823865592102,144.06766666666666,136.26400000000002,85.323,95.129,228.008749469393,228.43266666666664,110.62733039376,5.07,4.7033333333333328,4.9066666666666672,13973.1,11257.8,7428,6012.6,3144.9,33.799999999999996,1018.2,183.4,1231.4,678.1,1691.2,1453.1,9227.6,2709.252,1774.4,859.339,75.513,2610.565,997.164,1613.401,-794,1459.8,2253.8,-828.8,10939.5,2882.564,1854.334,1037.331,95.203,3272.721,1186.331,2092.642,-713.79999999999992,1598.1,2311.9
2006q3,13870.2,13906.6,13743.550230771952,16420.7,16459,16270.761436348216,12037.5,149.98785494699538,108.48052625393026,65.575426478762096,5.0425043929184304,0.92152149263788896,11841.165170608826,94.36059769641376,76.851886732390464,91.205428009705952,59.740758496980456,0.329,84.962,84.427,80.756449690333328,203.16666666666668,206.76666666666668,117.658211088832,338.03333333333336,84.486,102.49999999999998,63.91,65.183333333333336,70.416666666666672,6.07,220.56,171.27154333924926,4.6333333333333336,150.77544882586198,151.585,65.949919707067264,66.146278030949872,143.71391964111002,144.54733333333334,136.68366666666666,85.156,95.492,228.722655314371,229.16633333333336,110.767283770554,4.8966666666666664,4.9066666666666664,5.2466666666666672,14125,11350.9,7487.3,6061.9,3157.9,33.4,1015.3,177.80000000000002,1240.4,691,1739.4,1505.8,9353.8,2709.42,1815.947,814.718,78.754,2630.2800000000004,995.447,1634.833,-823.3,1475.4,2298.7,-875.8,11009.7,2871.589,1886.134,979.901,95.318,3267.713,1175.607,2099.142,-739,1596,2335
2006q4,14039.6,14083.7,13863.759977788436,16561.900000000002,16609,16354.469242438124,12172.6,150.36738640059258,108.7634069722294,65.534997820125696,5.0435736731073896,1.268342949483281,11899.956327588436,94.42164861049104,77.522887136137776,91.36075378879584,59.998551399048832,0.329,84.822,84.791,81.131118205865088,202.33333333333336,207.83333333333336,117.370490193335,340.66666666666668,84.806,103.3,53.456666666666672,54.543333333333328,59.976666666666664,6.6633333333333328,221.6,170.59293334437436,4.4333333333333336,151.59745317799102,152.393,66.11675591991208,66.287799700734256,144.824927406747,145.606,137.052,85.708,95.942,229.448973521612,229.896,110.910199306746,4.63,4.9033333333333336,5.2466666666666672,14207.5,11494.9,7623.6,6181.1,3171.6000000000004,34.700000000000004,1018.5,168.69999999999998,1233,716.70000000000008,1678,1421.3,9427.4,2675.406,1849.549,782.381,43.476,2674.454,1015.078,1659.375,-737.7,1531.5,2269.2,-770.9,11114.8,2818.228,1906.119,934.311,54.763,3294.6350000000004,1192.661,2108.412,-675.5,1656.6,2332
2007q1,14215.7,14258.6,14067.55184220522,16611.7,16656.900000000002,16438.582056258954,12210,150.74051262622078,109.05218358266032,65.494115512451504,5.0447185577711208,1.0531196860445346,11959.787876652426,94.48244404695304,78.197957183358528,91.518333677474192,60.261416272416232,0.329,85.597,85.376,82.175059835715296,204.317,209.051,118.585313924661,344.94266666666668,85.655,104.3,53.216666666666672,54.02,58.076666666666664,7.21,222.93,170.82008136381376,4.5,151.67160165068802,153.05933333333334,65.86354923962344,66.30556895272036,144.81123037403902,146.135,137.60400000000002,86.015,95.893,230.169430460001,230.83933333333336,110.868951961877,4.68,4.9833333333333336,5.2566666666666672,14342,11734.2,7806,6343.8,3177.3,42.5,974.7,162.5,1257.9,739.7,1587.4,1316.3,9572.1,2664.295,1892.034,750.889,21.372,2718.491,1017.545,1700.946,-739.3,1578,2317.3,-805.5,11183.3,2800.037,1940.435,892.211,29.668,3299.1149999999996,1185.518,2120.637,-676.6,1689.4,2366
2007q2,14402.1,14463.3,14238.169210347326,16713.3,16779.3,16523.062155053634,12299.8,151.09698910827152,109.35401329019012,65.449337958013704,5.0458759191975208,1.1513473904604332,12020.73050999535,94.537736434145312,78.874951693631296,91.686661741713568,60.533061294120232,0.329,86.324,85.731,82.551286279077584,206.631,210.06566666666664,119.626261450894,348.44133333333332,86.201,105.1,62.413333333333336,62.51,64.976666666666656,7.5266666666666656,222.31,165.9454318512801,4.5,151.583128078045,152.71533333333334,65.610008858626072,65.972876220757272,144.695390787776,145.85066666666666,137.969,86.274,96.309,230.877157298263,231.482,111.373091583421,4.8466666666666664,4.7366666666666672,5.25,14511.4,11902,7845.2,6370.3,3303.7999999999996,38.9,959.6,180.3,1340.9,784.1,1655.2,1347.7,9678.7,2699.217,1937.718,719.274,42.225,2769.958,1042.453,1727.5050000000002,-745.8,1622.8,2368.6,-778.7,11212.7,2827.0100000000004,1983.497,857.055,54.925,3329.139,1204.95,2130.646,-663.6,1715,2378.6
2007q3,14564.1,14681.8,14389.453161068788,16809.599999999998,16940.400000000002,16608.026026757704,12374.8,151.43780381519514,109.66895721114036,65.401774883987,5.04697627705214,1.2137142181589456,12082.765876274108,94.589225645652752,79.54365819867432,91.865260637479232,60.812333230444632,0.329,86.812,86.152,83.15140681790288,207.93900000000004,211.14866666666664,119.98940050070198,353.20866666666664,86.568,105.90000000000002,70.456666666666664,71.413333333333328,75.466666666666672,6.1733333333333336,219.45,162.34175828868174,4.6666666666666672,151.988801680151,153.07233333333334,65.668588609575064,65.919785251855376,144.837559116697,145.94366666666668,138.05266666666666,87.029,96.055,231.5582336791,232.21,111.23732399303,4.7299999999999992,4.3033333333333336,5.0733333333333336,14465.1,11981.4,7885.2,6397.6,3324,39.1,947.9,193.6,1346.5,796.9,1589.7,1229.2,9798.4,2685.969,1967.377,673.67100000000008,44.922,2808.718,1058.838,1749.881,-729,1685.7,2414.7,-709,11287.5,2794.526,2014.616,802.575,36.338,3344.2220000000004,1215.483,2134.852,-623.29999999999992,1768.6,2391.9
2007q4,14715.1,14875.9,14520.680377006336,16915.2,17094.5,16691.712099349482,12438.4,151.76747949913632,109.98213948360702,65.353480363833992,5.04794442889684,1.3389153810005272,12151.974117546456,94.714111520563904,80.198506946324336,92.05365302073648,61.080013245244888,0.329,87.694,86.747,84.019497507055744,210.48966666666668,212.635,121.627567330756,357.66700000000004,86.982,106.69999999999998,82.45,83.98,90.753333333333328,7.0266666666666664,215.44,156.19246101586202,4.8,152.571434012347,153.64533333333336,65.749381791768416,65.960132224782144,145.223773982696,146.27133333333336,138.28766666666666,87.715,95.793,232.224394030139,232.93666666666668,111.552767113667,4.26,3.39,4.4966666666666672,14529.2,12110.8,7977.5,6473.9,3342.6,45.4,933.3,208.7,1355.7,799.5,1550.9,1138.9,9937.1,2642.56,1997.123,618.15599999999992,27.281,2865.0569999999996,1085.263,1779.794,-729.7,1750.7,2480.4,-670.29999999999992,11331.9,2762.518,2045.689,735.842,31.249,3370.95,1235.807,2140.641,-560.1,1809.2,2369.3
2008q1,14706.5,14857.3,14646.931135731948,16843,17009.400000000002,16774.777215458008,12314.3,152.0875492005099,110.29684746476122,65.304946584738504,5.04870025100836,0.40669860270408088,12221.702008832514,94.838226163966464,80.809078467386912,92.251361547450592,61.350095687558176,0.329,88.408,87.207,84.518011534146448,212.76966666666668,214.04333333333332,123.048473703819,360.91533333333336,87.359,107.6,89.729999999999984,91.176666666666656,97.936666666666672,8.6566666666666656,210.5,154.56260188249388,5,153.01565049900402,153.87466666666666,65.669367354157128,66.095472638240608,145.36778219606,146.20666666666664,138.32500000000002,87.137,95.467,232.883123545566,232.80666666666664,111.501261121097,3.6633333333333336,2.0433333333333336,3.1766666666666668,14574.1,12269.1,8054.9,6539.4,3395.2000000000004,48.5,916.4,249.2,1324.7,856.4,1454.2,1053.8,10004.4,2563.701,2013.699,566.67499999999992,-16.672999999999998,2909.64,1111.183,1798.456,-771.2,1813.3,2584.6,-735.6,11316.4,2686.998,2053.812,677.302,-6.799,3378.654,1254.557,2128.755,-540.1,1838,2378.2
2008q2,14865.7,15023.2,14787.728629935812,16943.3,17115.8,16854.431509824054,12386.9,152.38659741063696,110.60310943492182,65.251291058566192,5.0491596582576,0.52727076629162096,12289.709953016476,94.953821831069312,81.344023034608432,92.45790887358688,61.616377234785184,0.329,89.269,87.573,84.879597093026816,215.53766666666668,214.97333333333332,124.656097014065,362.80033333333336,87.678,108.4,115.83,117.01666666666666,123.95333333333334,11.36,204.59,152.09385692447996,5.3333333333333328,153.48412527276,154.12833333333336,65.675213013325744,66.033303343187256,145.24245117978398,145.92566666666668,137.86233333333334,88.159,94.916,233.540817942859,233.41,111.591607700235,3.8866666666666664,1.6266666666666668,2.0866666666666664,14617.9,12614.3,8054.9,6532.7,3397.2000000000004,44.3,923.2,281,1319.8,828.9,1428.1,1027,10129.9,2540.5949999999996,2024.039,538.808,-22.252,2971.642,1146.6400000000002,1825.002,-776.4,1905.3,2681.7,-731.3,11347.6,2641.85,2057.975,646.624,-29.623,3407.753,1281.368,2130.332,-463.7,1892,2355.7
2008q3,14899,15075.7,14965.699589528424,16854.3,17046.900000000002,16929.753043277328,12280.3,152.66272993336318,110.89643851296982,65.1918551626554,5.0492357079667904,-0.44568307100787408,12354.223593239386,95.0590536074808,81.789322373243856,92.672817655110576,61.871258127182688,0.329,90.221,88.02,85.266288122989984,218.86099999999996,216.357,126.244195366726,364.99133333333336,88.361,109.00000000000002,111.78,113.89333333333334,118.05,8.9933333333333344,199.42,155.87287729048632,6,153.942178423986,154.56,65.766101551054872,66.020152890873392,144.570613063942,145.27033333333336,137.15700000000002,88.373,93.872,234.187625995711,234.11033333333332,111.93853147387,3.8633333333333336,1.4933333333333332,1.94,14711,12461.9,8074.4,6547.2,3437.7,34.4,922.8,305.2,1373.5,801.8,1431.3,1008.2,10159.1,2498.242,2007.007,507.06,-15.825,3029.032,1170.238,1858.795,-787.4,1922.2,2709.6,-719,11260.1,2589.254,2019.55,613.81899999999992,-14.799,3435.1,1297.975,2140.834,-442.4,1883.6,2325.9
2008q4,14608.2,14704,15064.12123038599,16485.400000000002,16588.400000000002,16999.9085535114,11902.6,152.91865811492516,111.16961633769512,65.1278138679764,5.0488398290999304,-3.0265371833728128,12414.57218350737,95.154818745073648,82.143952708667792,92.895610547987008,62.110917980386384,0.329,88.781,87.95,85.810856972109856,213.84866666666668,216.88666666666668,123.791558578742,367.579,88.511,109.5,51.843333333333336,55.073333333333328,58.346666666666664,6.41,193.55,177.86589332225376,6.8666666666666664,154.06663600311998,154.72333333333336,65.659058087929552,65.888782426629776,143.57622335277398,144.09033333333334,135.561,87.9,91.474,234.811788084962,234.825,111.66563278301,3.2533333333333336,0.29666666666666668,0.50666666666666672,14411.7,12357.3,8043.2,6517.2,3378.1,30.8,920.7,325.60000000000004,1365.4,735.6,1068.9,732.8,9906.9,2307.915,1918.738,451.391,-62.215,3021.826,1179.781,1842.046,-628.5,1700.3,2328.8,-631.1,11158.8,2338.938,1901.929,554.077,-78.104,3458.839,1314.893,2147.35,-469,1772.8,2241.8
2009q1,14430.9,14551.6,15108.686164485102,16298.3,16430.400000000002,17063.79364520768,11714.5,153.1581956017776,111.41286679541968,65.060421097241896,5.0478831549442496,-4.486069517270952,12470.616085291252,95.24284602827152,82.429874208063136,93.124445388667872,62.333644726003288,0.329,88.181,87.95,86.527115599810192,212.37766666666668,217.79700000000004,123.010196132456,370.794,88.536,109.80000000000002,40.453333333333336,40.39,42.913333333333336,4.5633333333333336,192.37,183.32131925081172,8.2666666666666656,154.04946765463402,154.29366666666666,65.374196878408184,65.681288649114992,140.943931795102,141.49966666666666,133.29566666666664,88.902,89.014,235.422316210981,234.91266666666668,112.031575964927,2.7366666666666668,0.21333333333333332,0.18333333333333332,14162.6,12032.8,7730.4,6225.6,3222.4999999999996,23.5,890.3,326.5,1306.1,676.1,1297.5,953.5,9815,2014.878,1761.401,404.473,-150.996,3022.047,1185.23,1836.817,-421,1511.8,1932.8,-403.2,11130.5,2073.1350000000004,1758.633,500.348,-167.73599999999998,3498.103,1332.3,2169.143,-397.5,1631.3,2028.7
2009q2,14381.2,14504,15135.731261703858,16269.1,16403.599999999998,17122.682771242056,11689.7,153.37922054256416,111.63626148752238,64.988087910840904,5.0462779346793704,-4.9850994884730768,12522.553125921742,95.32131601175272,82.661804454141904,93.353843930733568,62.541721252377136,0.329,88.532,88.294,87.114716335032256,213.50700000000004,218.90733333333336,123.13488002472698,374.20433333333336,88.418,110.1,57.573333333333336,56.82,59.44,3.7133333333333336,189.68,174.47271739810886,9.3,154.091795155169,154.65733333333336,65.25400153946936,65.683246080710336,139.815354382489,140.30433333333334,131.43200000000002,90.943,86.833,236.006040916228,235.45933333333336,112.43778651774,3.3133333333333336,0.17333333333333334,0.18,14188.4,12077.3,7762,6254.5,3103,24,878,335.89999999999996,1285.1,580,1321.9,1003.3,9805.5,1863.65,1684.9659999999998,374.685,-196.001,3070.4520000000004,1213.488,1856.964,-358.39999999999996,1521.1,1879.5,-354.5,11075.7,1952.641,1705.141,469.588,-219.104,3549.027,1363.933,2187.891,-304.39999999999996,1642,1946.4
2009q3,14448.9,14631.3,15202.13924867141,16326.3,16527.599999999998,17177.41046139042,11727.5,153.58743671925796,111.8412470988038,64.912164015836096,5.0439389969721496,-4.9548240306852896,12571.385819121338,95.39340584011896,82.85925972388872,93.583807562780544,62.738159912492024,0.329,89.142,88.607,87.682327924924464,215.344,219.55966666666664,124.153557459978,377.15033333333336,88.474,110.5,66.400000000000008,66.436666666666664,68.203333333333336,3.1833333333333332,188.81,167.35971784799836,9.6333333333333328,153.7459404585,154.21199999999998,65.00586141417848,65.318327947037816,138.888211129278,139.40366666666666,130.46033333333332,92.391,85.747,236.606325425374,236.093,112.385495789498,3.5166666666666668,0.15666666666666668,0.15666666666666668,14263.6,12023.6,7746.5,6237.2,3064.5,27.1,907.9,355.89999999999996,1254,519.6,1492.5,1123.2,9939.4,1841.416,1656.037,389.385,-204.006,3092.058,1228.253,1863.804,-424,1594.7,2018.7,-366.6,11150.2,1946.867,1695.222,491.406,-236.813,3558.54,1376.381,2184.555,-324,1702.7,2026.7
2009q4,14651.2,14826.3,15297.098712786742,16502.8,16694.599999999998,17230.326569658256,11885.8,153.79062675550074,112.03755998115124,64.835002049677696,5.0407852370313896,-4.2223608862956504,12618.490768638706,95.463764153261792,83.062327808457712,93.814337676825904,62.926827352661672,0.329,89.83,89.159,88.517107565448384,217.03,220.68266666666668,125.139420958996,380.284,88.798,111.00000000000002,73.043333333333344,73.17,76.06,4.35,188.7,162.5840699898476,9.9333333333333328,153.079077175853,153.591,64.57644583804324,64.87777679216352,138.148946135251,138.368,129.976,93.643,85.743,237.202715178478,236.739,112.327723895504,3.46,0.056666666666666672,0.12,14530.8,12129,7797.2,6279.2,3106.6000000000004,35.799999999999996,965.8,372,1246.2,486.8,1590.7,1227.5,10005,1998.71,1659.323,391.472,-52.084,3120.796,1256.1679999999998,1864.628,-473.3,1703.5,2176.8,-408.1,11137.9,2128.516,1706.564,490.39,-57.472,3565.188,1396.9280000000002,2169.823,-328.8,1796.5,2125.3
2010q1,14764.6,14968.9,15389.090270379666,16582.7,16806.5,17284.089459018524,11949.3,153.99688864071174,112.23661472371576,64.759116041750008,5.03674109744988,-4.058006414983872,12666.325385602574,95.53749304964952,83.298460203260944,94.045435668315712,63.116626129154544,0.329,90.177,89.464,89.048791423858608,217.374,220.71566666666668,125.564517039619,384.254,89.018,111.4,75.19,75.83,78.64,5.1433333333333336,186.98,164.56498521459978,9.8333333333333344,153.779036013726,153.71066666666666,64.652725918714312,64.857824804603152,138.262732778084,138.59,129.79066666666668,93.744,86.108,237.777929713572,236.99633333333336,112.662618325113,3.7166666666666664,0.10666666666666666,0.13333333333333334,14652.5,12288.7,7767.6,6233.2,3191.5,31.6,1025.5,404.9,1231.8,497.7,1684.6,1295.5,10101.8,2038.161,1659.963,379.435,-1.237,3133.819,1278.359,1855.46,-509.2,1759.9,2269.1,-421.6,11202.5,2174.335,1718.732,474.574,-6.872,3549.775,1412.544,2137.797,-341.8,1836.9,2178.7
2010q2,14980.2,15187,15513.747943033748,16743.2,16969.099999999998,17339.540497443468,12079.9,154.20753393998322,112.44288819372422,64.684161819582696,5.0317380126802096,-3.439194351957542,12716.351058387992,95.615468610049936,83.574372626196704,94.277102936133536,63.314229691958864,0.329,90.317,89.706,89.567691664739472,217.29733333333332,220.99266666666664,125.11822222954,387.29033333333336,89.431,111.9,74.363333333333328,75.383333333333328,77.79,4.33,186.01,167.38700133145138,9.6333333333333328,153.742669046473,154.10966666666666,64.457740648390512,64.886641460285912,138.89640235656298,139.22633333333334,130.424,94.055,86.762,238.376289994581,237.506,112.718668900293,3.4900000000000004,0.14666666666666666,0.19333333333333332,14865.7,12512,7910.6,6360.7,3274.8,34.700000000000004,1068.7,428.9,1221.8,520.70000000000008,1685.2,1300,10208.1,2148.795,1715.746,396.341,36.708,3165.768,1305.049,1860.719,-542.5,1819.7,2362.3,-444.1,11303,2288.469,1775.333,499.233,35.277,3560.566,1431.0150000000002,2129.491,-400.8,1877.3,2278.1
2010q3,15141.6,15339.7,15613.599712362728,16872.3,17088,17398.249750812174,12214.9,154.42662303363516,112.66353824898908,64.611535875778896,5.0257157871502096,-3.0230037983425496,12769.145007399908,95.7002607097416,83.899700900993248,94.50934088260896,63.520758352822304,0.329,90.49,89.843,89.947590802193168,217.93433333333336,221.52766666666664,125.370975243062,389.49,89.755,112.3,73.313333333333328,74.053333333333328,76.053333333333328,4.2766666666666664,182.97,165.9801717336449,9.4666666666666672,153.691794692472,153.91733333333334,64.323103508044328,64.642991638096024,139.06986524403402,139.33766666666664,130.391,94.663,87.168,238.997431018698,238.10366666666668,112.951233667889,2.7866666666666668,0.15666666666666668,0.18666666666666668,15136.2,12638.3,7982.2,6422.5,3307.3,40.8,1088.2,442.6,1192,543.70000000000008,1850.3,1475.5,10300.8,2236.495,1762.364,361.234,112.897,3158.301,1304.343,1853.957,-553.9,1877.3,2431.2,-472.7,11383.6,2390.072,1823.655,454.993,120.261,3535.371,1424.541,2110.61,-426.8,1931,2357.8
2010q4,15309.5,15522.8,15759.705348883132,16960.900000000002,17192.099999999998,17459.667948128412,12312.7,154.6573375019783,112.89259358874632,64.542922810414,5.0186238778251696,-2.8566863333839952,12825.38407484366,95.793880545816464,84.257375502759424,94.74215091352592,63.738169873238768,0.329,91.07,90.127,90.38199377796776,219.699,222.10733333333336,126.449467094153,392.65833333333336,90.27,112.9,80.803333333333344,81.52,85.096666666666672,3.8,181.15,160.39414833532112,9.5,153.68314679105998,153.80333333333334,64.142622703620816,64.430679174567888,139.220776129337,139.15466666666666,130.73333333333332,94.963,87.587,239.626329032941,238.71133333333336,113.281120756661,2.8633333333333332,0.13666666666666668,0.18666666666666668,15263.7,12787.4,8041,6473.6,3385.7,47.6,1096.8,458.3,1198.6,584.4,1877.7,1483.8,10430.3,2238.44,1801.85,369.289,67.301,3164.317,1312.878,1851.438,-523.6,1972.1,2495.7,-420.8,11453.4,2383.297,1859.421,462.52,68.909000000000008,3512.9050000000004,1422.256,2090.152,-382.6,1983.8,2366.4
2011q1,15351.4,15574.3,15898.74916260168,16920.599999999998,17160.5,17523.89847705864,12242.9,154.89871461205194,113.131335666327,64.478554282953696,5.0104225534542704,-3.4427183988108956,12884.170884182628,95.895759630152736,84.654343489053392,94.975534438131312,63.962296598583464,0.329,91.835,90.523,90.785793300117888,222.04366666666668,223.15666666666668,127.91662753686902,395.29333333333336,90.71,113.20000000000002,93.82,93.71,93.536666666666656,4.1833333333333336,177.11000000000002,157.8712646517015,9.0333333333333328,153.81554984373202,153.28433333333334,64.008456552994344,64.175534327441728,139.66115691494102,139.42766666666666,131.05833333333334,94.263,87.739,240.241656506744,238.85166666666664,113.263807845598,3.46,0.12666666666666668,0.15666666666666668,15358.9,13138.2,8170.1,6577.3,3518,66.900000000000008,1114.3,489.1,1215.2,632.5,1720.2,1323.4,10558.2,2205.962,1805.118,368.767,32.078000000000004,3155.768,1305.974,1849.794,-568.5,2040.4,2608.9,-476.6,11497.1,2338.901,1857.309,460.953,29.124,3469.7979999999996,1402.162,2067.272,-377.1,2000.8,2378
2011q2,15557.5,15780,16064.325663586556,17035.099999999998,17272.2,17590.062292255396,12373.6,155.13984608694296,113.38197591350988,64.414312227386208,5.0010839047711304,-3.1549762760063492,12945.25590941463,95.999165490520544,85.083882025422512,95.209492869143552,64.19632378526376,0.329,92.738,91.053,91.41697876803144,224.56833333333336,224.19966666666668,129.31982140590398,398.61266666666664,91.363,113.7,108.79333333333334,108.19333333333334,102.23,4.36,175.59,153.50673823967764,9.0666666666666672,153.760979000254,153.45600000000002,63.798391484848448,64.12274983703556,139.787051890392,139.53133333333336,131.744,94.321,88.621,240.849105444833,239.316,113.41401211939,3.21,0.046666666666666672,0.093333333333333344,15573.1,13249.2,8206.4,6608.2,3595.8,60.7,1151.2,501.4,1217,665.5,1842.8,1443.9,10673,2297.352,1862.009,374.296,61.047,3168.261,1312.725,1855.536,-581.1,2116.1,2697.2,-477.9,11509,2434.538,1905.711,466.179,65.52,3446.079,1396.76,2048.802,-352.10000000000004,2034.7,2386.9
2011q3,15647.7,15893.5,16223.60892410451,17031.3,17292.8,17658.131908785388,12382.9,155.37922246619028,113.64538725650856,64.349778961378704,4.99059268251338,-3.5498200603741316,13008.220044261656,96.103179409812336,85.53941243744128,95.444027622761024,64.438748225787024,0.329,93.167,91.468,91.810587425364464,226.03266666666668,225.73266666666664,129.997143978635,401.376,91.84,114.20000000000002,101.99666666666666,100.59,89.716666666666672,4.12,176.12,155.24908116561434,9,154.177335809369,153.72633333333334,63.865666332332928,64.087085697451272,140.261264394384,139.883,132.154,94.147,88.851,241.455608330724,239.871,113.582064429716,2.4266666666666668,0.023333333333333336,0.083333333333333344,15700.3,13392.6,8287.3,6681.6,3676.1,65,1187.1,510.1,1197.4,716.5,1872.3,1447.1,10755,2322.84,1953.756,381.117,-12.033,3136.922,1288.651,1848.272,-567.1,2156.8,2723.9,-436.4,11544,2445.296,1995.353,474.579,-14.852,3396.917,1366.393,2030.405,-350.60000000000004,2062.7,2413.3
2011q4,15842.3,16102.8,16307.918841265208,17222.599999999998,17499.400000000002,17728.787047055928,12559.6,155.6200714713738,113.9235246419812,64.286444636386504,4.9789469432321704,-2.8551702139148148,13073.686790893932,96.218262713832592,86.019227422388624,95.679140118670768,64.685589666088152,0.329,93.475,91.794,92.219356176855264,227.04733333333336,226.93666666666668,130.613128713456,405.683,91.951,114.7,105.39333333333334,104.51333333333334,94.013333333333328,3.3233333333333332,176.43,162.56199249841834,8.6333333333333328,154.50417890390398,154.028,63.87430038905648,64.063197531103808,141.256563315481,140.69866666666666,132.71033333333336,94.6,89.687,242.063564695324,240.43133333333336,113.901035289595,2.0466666666666664,0.013333333333333334,0.073333333333333328,15863.8,13458.4,8240.9,6637.6,3775.5,63.1,1205,525.6,1234.6,747.2,2014.5,1585,10809.2,2504.0949999999996,2008.976,391.162,103.956,3130.765,1291.701,1839.065,-601.79999999999992,2150.1,2751.9,-450.4,11563.9,2633.829,2046.64,486.889,97.693,3394.613,1371.48,2022.796,-366.7,2078.4,2445
2012q1,16068.8,16315,16471.398622241232,17367,17626.3,17802.124606222212,12716.8,155.86259212540862,114.21678777097742,64.224699830352504,4.96615848641526,-2.4442285168037036,13141.717428679706,96.34589953005928,86.525109235655472,95.91483178005696,64.9360496947414,0.329,94.094,92.373,92.713702394938272,228.326,228.12966666666672,131.38415119134902,409.18033333333344,92.495,115.3,108.11,107.60333333333334,102.87666666666666,2.4466666666666668,177.21,161.19611547185102,8.2666666666666672,154.91830985022198,154.60033333333334,63.824886215637376,63.769544677083152,142.007156140294,141.826,133.50033333333334,95.077,90.354,242.686904558294,242.436,114.300961654072,2.0366666666666668,0.066666666666666664,0.10333333333333334,16274.8,13720.4,8456.4,6836.3,3863.9,59.5,1238.2,526.79999999999992,1282.4,757,2078.6,1660,10959.3,2567.75,2073.366,414.107,80.278,3144.024,1296.0909999999998,1847.934,-602.29999999999992,2190,2792.3,-467.3,11647.3,2692.179,2099.256,516.345,77.751,3380.162,1371.423,2008.214,-353.3,2103.7,2457.1
2012q2,16207.1,16435.2,16609.39832412401,17444.5,17683.7,17877.513501192764,12799.6,156.09327728806202,114.53096386848706,64.1594975408796,4.9522530703750304,-2.4221125670741196,13211.540029552534,96.476574474439984,87.054624412135344,96.1511040336096,65.192636718660256,0.329,94.321,92.755,93.207492647315952,228.808,229.25066666666668,131.687297738041,413.20933333333336,92.881,115.8,101.32666666666666,101.60333333333334,93.426666666666656,2.2800000000000004,179.97,164.53166964797098,8.2,155.25325812019998,154.83133333333334,63.761235339770432,63.724902422126344,142.506428456132,142.16533333333334,133.92333333333334,95.572,90.471,243.308154740419,242.96833333333332,114.256268369866,1.8233333333333332,0.086666666666666672,0.15333333333333334,16379.7,13851.9,8503.8,6876,3930.1,59.2,1249.5,532.5,1304.5,784.4,2063.7,1662.6,11005.1,2636.863,2126.171,419.287,91.406,3130.438,1288.592,1841.846,-565.20000000000008,2215.6,2780.8,-445.7,11667.8,2752.614,2146.704,520.77099999999992,89.453,3362.33,1360.498,2001.428,-341.8,2124.5,2466.2
2012q3,16319.5,16548.8,16772.063061509536,17469.7,17709.2,17954.159751564276,12835.3,156.31072690676862,114.86198104799944,64.090707773129904,4.93727039857332,-2.6983148098705388,13282.845260095256,96.608234807746624,87.597384266628096,96.387958309533168,65.455168135820248,0.329,94.595,93.023,93.708142161898368,229.841,230.28733333333332,132.06213003896098,417.67066666666656,93.459,116.3,97.283333333333328,97.503333333333328,92.18,2.8833333333333332,182.15,163.99610361729608,8.0333333333333328,155.43525655034,154.957,63.731878920716352,63.620650013959368,142.983477540825,142.54233333333334,134.33733333333334,95.291,90.992,243.904511229652,243.564,114.782233748285,1.6433333333333334,0.10333333333333334,0.14333333333333334,16329.3,13811.8,8546.1,6906.1,3848.7,61,1225.8,536.1,1232.3,793.5,2047,1644.6,11059.4,2644.119,2125.95,433.74,84.429,3139.112,1293.789,1845.323,-523.1,2227.7,2750.8,-397.9,11691.4,2759.86,2139.633,534.14599999999992,85.498,3357.201,1363.348,1993.353,-342,2137.5,2479.5
2012q4,16420.400000000002,16647.7,16929.60562820733,17489.900000000002,17726,18032.271410975576,12861.1,156.52208603845016,115.20592312158356,64.021201473491504,4.9212638724813704,-3.0077819849442468,13355.408517666444,96.74408382374216,88.148653932081472,96.6253960415552,65.72033023679808,0.329,95.126,93.435,93.8639186241928,231.36933333333336,231.35966666666668,132.78791864679702,419.63333333333336,93.869,116.7,97.563333333333328,97.286666666666656,87.96,3.4,184.9,161.84224045178124,7.8,156.06407299081098,155.50666666666666,63.888710567555096,63.688128577610864,143.961754081044,143.36466666666666,134.85566666666666,94.932,91.519,244.500704894131,244.169,114.881033971923,1.7066666666666666,0.086666666666666672,0.16,16646.7,14287.1,8763.2,7094.2,4109.1,64.2,1242.3,542.6,1268,992,2041.7,1642.3,11165.7,2638.282,2148.622,460.926,28.734,3132.308,1269.569,1862.739,-515.9,2237.5,2753.4,-385.1,11738,2736.4229999999996,2162.912,561.97400000000008,24.013,3324.137,1336.152,1987.819,-316.60000000000004,2139.5,2456.1
2013q1,16648.2,16864.099999999998,17072.70081621868,17662.400000000002,17885.5,18112.7611931849,13010.2,156.73307401259306,115.56438427111812,63.952893068082504,4.9043001116126896,-2.4864303591345836,13429.21078053309,96.886421080278912,88.708633588564096,96.863418666935056,65.986417898542056,0.329,95.459,93.799,94.269206860177408,232.29933333333336,232.53066666666668,133.23574865217302,421.93466666666664,94.204,117.40000000000002,98.75,101.15333333333334,94.336666666666672,3.4966666666666664,188.74,162.9571916603961,7.7333333333333328,155.839746850259,155.36000000000002,63.569348342869616,63.45662136514516,143.716471698958,143.32333333333336,135.49700000000002,95.397,92.128,245.079609806589,244.82866666666668,114.944912877788,1.95,0.086666666666666672,0.14333333333333334,16711.5,13904.9,8732.6,7043.9,3859.4999999999992,93.1,1246.5,562.29999999999992,1211,746.6,2060.2,1672.8,11277.7,2746.42,2175.3180000000004,485.878,85.223,3123.454,1240.079,1883.375,-499.3,2255.9,2755.3,-381.2,11814.3,2845.38,2196.264,583.345,75.942,3293.099,1305.953,1987.201,-303.39999999999996,2150.6,2454
2013q2,16728.7,16957.7,17186.600425873002,17709.7,17946.3,18194.452501514352,13030.7,156.94030276349478,115.93231426941332,63.883547446739696,4.8864582459249704,-2.6642873781115628,13503.956822056768,97.031896252291232,89.270498013180768,97.102027626472528,66.254212809164712,0.329,95.508,94.064,94.210101157710224,232.04499999999996,233.05933333333336,133.20206267089202,423.20900000000008,94.474,118,97.373333333333328,99.446666666666672,94.1,4.01,192.48,164.92036194711542,7.5333333333333328,156.08357279665898,155.55966666666666,63.498504446161736,63.399720142917304,144.247440177655,143.83866666666666,136.08233333333334,95.16,92.504,245.652516054273,245.36333333333336,115.285139916462,1.9966666666666664,0.05,0.11666666666666666,16848.8,14037.1,8819.6,7103,3904.3,95,1269.1,576.29999999999992,1192.9,771,2060.5,1665.6,11315.7,2780.242,2188.629,508.92,82.693,3131.143,1232.561,1898.582,-498.4,2261.4,2759.8,-376.7,11848.1,2882.489,2207.605,603.035,79.526,3288.858,1295.886,1993.083,-319.5,2170.1,2489.6
2013q3,16953.8,17194.3,17349.226058132088,17860.5,18108,18277.073695057636,13176.3,157.14841330915562,116.3045385580918,63.814100391261096,4.8678289902689,-2.2792143972712788,13579.458343561658,97.18210295818552,89.849130312456816,97.34122436451664,66.521668068987752,0.329,95.901,94.434,94.57197410733336,233.3,234.30533333333332,133.766437075107,426.82200000000008,94.989,118.40000000000002,103.07,105.25,105.84333333333334,3.56,195.47,167.06163263027602,7.2333333333333328,156.185298691932,155.63033333333334,63.425440479148504,63.27439445006864,144.87865662836498,144.33600000000002,136.61933333333334,95.837,92.876,246.246720005921,245.961,115.466313008995,2.71,0.033333333333333332,0.083333333333333328,16947,14123.6,8845.6,7112.9,3949.8,93.2,1269.9,588.6,1199.1,799,2084.8,1676.1,11408.4,2892.354,2230.759,524.946,136.649,3135.192,1219.6400000000002,1915.551,-482.1,2285.1,2767.2,-352.5,11896.3,2998.991,2248.212,613.966,137.28899999999998,3272.825,1277.807,1995.116,-318.8,2188.7,2507.5
2013q4,17192,17427.599999999998,17521.693798410914,18016.1,18257.2,18361.59769901994,13340.8,157.36513621896736,116.6814844774163,63.7470738709594,4.8485135148732504,-1.8816320054674928,13656.771996958166,97.340290613927424,90.450985018857024,97.581010328974336,66.79168451095224,0.329,96.254,94.842,94.984225377006912,234.16266666666668,235.34633333333328,134.15791563955798,428.56433333333336,95.477,119.1,92.923333333333328,96.016666666666672,97.343333333333328,3.84,197.43,165.90613635927752,6.9333333333333336,155.739253771021,155.04,63.148704233904992,62.880140815176016,144.93935573017898,144.26466666666668,137.24333333333334,96.761,93.138,246.841047354007,246.56433333333332,115.436780839932,2.7466666666666664,0.063333333333333336,0.086666666666666672,17134.7,14209.5,8942.5,7196.3,3941.1,68.8,1271.3,587.6,1203.4,810,2119.1,1714.8,11551.2,2934.291,2290.541,526.407,117.343,3140.517,1217.254,1923.263,-434,2349.2,2783.3,-294.39999999999996,12001,3027.805,2302.178,604.215,121.413,3247.579,1256.027,1991.643,-275.60000000000004,2251.8,2527.3
2014q1,17197.7,17435.2,17670.985776420898,17954,18195.7,18448.099375489788,13280.8,157.59473437922586,117.06037925796092,63.6839210443076,4.8286221299065304,-2.6783213025524556,13736.29412550697,97.507150192245424,91.065543646488896,97.82138697131928,67.065643218257904,0.329,96.696,95.141,95.250912334204528,235.621,236.25699999999996,134.922310444634,431.11233333333336,95.84,119.40000000000002,94.313333333333328,97.676666666666656,98.746666666666672,5.1866666666666664,199.82,168.47126107780044,6.6666666666666672,156.21398621935402,155.621,63.121635259527888,62.982524303279024,145.842825458455,145.31066666666666,137.75266666666666,95.957,93.496,247.456657063088,247.086,115.739455586536,2.7633333333333332,0.046666666666666672,0.073333333333333328,17313.400000000002,14460.2,9114.2,7358.6,4011.7,66.599999999999992,1282.8,595,1221.7,845.6,2056.2,1650.3,11646,2922.765,2335.4989999999996,535.27,51.995,3139.06,1212.935,1926.125,-510.1,2343.6,2853.7,-371.6,12044.2,2998.148,2339.393,601.624,58.313,3233.646,1254.936,1978.79,-329.7,2230.2,2559.9
2014q2,17518.5,17746.900000000002,17855.658725896516,18185.9,18417.1,18535.903417717356,13508.5,157.82952560152122,117.44255928713696,63.621739388629896,4.80827280586174,-1.8882457996776568,13817.046262613034,97.677815151753392,91.70598882158648,98.062355746600656,67.342037349356616,0.329,97.129,95.557,95.684307396232864,236.87233333333336,237.47933333333332,135.69615161248502,434.23633333333336,96.343,120.19999999999998,98.683333333333344,101.09,103.34666666666666,4.5866666666666672,201.53,166.6320252411266,6.2,156.37989217835798,155.58666666666668,62.99557796311196,62.831566548881032,146.57360712539802,145.91300000000002,138.55266666666666,96.579,94.486,248.074405532318,247.625,116.030003878616,2.6233333333333336,0.033333333333333332,0.093333333333333344,17652.7,14691.4,9172.4,7409.4,4136.7000000000008,79.7,1297,599.1,1248.8,912.1,2226.8,1832.1,11810.5,3059.096,2407.208,554.134,97.753,3154.366,1210.9849999999998,1943.38,-505.4,2395.2,2900.6,-345.3,12159.9,3121.321,2406.416,621.366,92.815,3238.033,1247.703,1990.341,-339.89999999999996,2278.4,2618.2
2014q3,17804.2,18056.2,18016.153798545396,18406.9,18661.6,18626.02876593418,13733.1,158.07008304570502,117.83399114523508,63.561144299716504,4.7875895547947808,-1.176465303945795,13899.712184177418,97.8525176629756,92.361985514587552,98.303918113451936,67.623988136810144,0.329,97.394,95.915,96.088750858528944,237.47833333333332,238.462,135.91328656123698,436.332,96.762,121.1,93.786666666666656,96.363333333333328,97.78,3.9366666666666664,203.72,168.3363414275498,6.0666666666666664,156.82435076020598,156.059,63.043994084384296,62.86803509610608,147.290900504803,146.56900000000002,139.30166666666664,97.406,95.241,248.689342606976,248.23266666666664,116.316566849904,2.4966666666666664,0.026666666666666664,0.09,17928.900000000002,14888.9,9280.6,7503,4196.2,64.599999999999992,1317.3,600.29999999999992,1273.3,940.7,2286.5,1864.9,11959.8,3142.047,2465.578,572.535,103.934,3191.7489999999996,1230.648,1961.101,-489.4,2399.2,2888.5,-356,12280.1,3193.152,2458.4520000000004,630.798,106.049,3259.9,1262.0530000000002,1997.887,-335.39999999999996,2287.8,2623.2
2014q4,17912.099999999998,18134.8,18123.168317298084,18500,18724.5,18717.995872623232,13824.5,158.3198445652662,118.22899349112786,63.503880011008496,4.76670070024014,-1.1646325499092058,13983.971080439552,98.033258973200032,93.029597560899328,98.546075534099664,67.908486788394288,0.329,97.265,96.175,96.27898888388136,236.88833333333336,239.411,135.550257638211,439.54333333333344,96.8,121.8,71.483333333333336,73.783333333333328,73.16,3.7633333333333328,206.33,176.81745483043604,5.7,157.315556400389,156.41433333333336,63.16618368296708,62.856718033349072,148.315075773334,147.482,140.08366666666666,97.075,96.203,249.32381491727,248.84266666666664,117.390231425478,2.28,0.023333333333333336,0.099999999999999984,18101.3,15095.9,9433.5,7634.3,4239.1,63,1308.8,599.70000000000008,1297.8,969.8,2281.8,1884.5,12081.6,3172.016,2492.333,594.197,85.485,3189.253,1213.721,1975.532,-530.79999999999992,2376.2,2907,-427.5,12421.6,3203.351,2479.937,653.415,83.22,3257.4720000000004,1243.057,2014.353,-385.3,2306.7,2692
2015q1,18063.5,18286.3,18204.028420069976,18666.6,18891.8,18811.820350766916,13974.7,158.57994915738948,118.62672709080212,63.4507650298126,4.74573706587286,-0.77196330848969824,14069.688953529116,98.220615396088176,93.706135106825024,98.788829474372464,68.194417149188056,0.329,96.829,96.336,96.349958851962176,235.355,240.246,134.44648812569,441.79833333333344,96.742,122.6,46.38,47.97,48.54,2.8766666666666664,209.17,189.15334945594172,5.5333333333333336,157.24415226300598,156.77233333333334,62.900160012693264,62.733859586875848,148.568484554686,148.106,140.77266666666666,97.637,96.688,249.93250021868,249.90066666666668,117.553692377472,1.9666666666666664,0.026666666666666664,0.11,18212.9,15286.1,9563.8,7746.2,4267.1,52.7,1303.4,588.79999999999992,1309.5,1012.7,2240.4,1847.9,12119.8,3282.283,2497.171,609.87,175.242,3187.915,1216.238,1971.677,-526.4,2299,2825.5,-418.9,12516.9,3314.895,2481.11,666.289,169.373,3277.17,1248.048,2029.059,-443.6,2288.5,2732.1
2015q2,18279.8,18491.8,18401.232182824216,18782.2,18995.4,18906.9696114969,14082,158.84259548982414,119.02959375092892,63.3986335129656,4.72483011463568,-0.6599133232912724,14156.260899855274,98.409623585575536,94.382139140087792,99.03218140370976,68.482241021158488,0.329,97.312,96.765,96.74953353909184,236.96,241.69933333333328,135.434719969463,446.29833333333344,97.302,122.8,56.006666666666664,57.426666666666664,57.846666666666672,2.73,211.86,190.5610797275438,5.4333333333333336,157.909673521235,157.25766666666666,62.960103540575256,62.78720334742288,149.245350397462,148.71466666666666,141.481,98.117,96.954,250.535346550978,250.46133333333336,117.729319917692,2.1666666666666664,0.02,0.12333333333333334,18381.1,15431.7,9666.2,7830.8,4284.1,55.4,1284.5,603.1,1351.9,989.2,2219,1831.7,12264.1,3291.104,2510.545,629.311,151.248,3234.067,1222.387,2011.68,-509.5,2300.4,2810,-405.4,12603.1,3328.049,2498.351,684.076,145.308,3309.301,1251.919,2057.326,-458.9,2294.6,2753.5
2015q3,18401.6,18614.8,18543.714091232004,18857.4,19071.3,19003.034198330492,14139.3,159.1093032017075,119.43383457747782,63.3479313155964,4.7041100710725704,-0.76637339495650992,14243.297955415386,98.6010916630616,95.04947786772984,99.27613279517072,68.769491408614216,0.329,97.565,97.077,97.020691768305632,237.85499999999996,242.89933333333336,135.806606098591,447.071,97.536,123.6,45.59,47.583333333333336,46.416666666666664,2.7466666666666664,214.44,197.32515109081608,5.1,157.59293264252298,156.96733333333336,62.734229451215096,62.512130009810224,149.572385287847,148.94566666666666,142.13033333333334,98.392,97.076,251.147967686511,251.099,117.894150893243,2.2199999999999996,0.04,0.13666666666666668,18460.8,15546.5,9751.7,7903,4306.6,58.2,1294.1,606.4,1358.4,989.5,2171.7,1779,12382.5,3303.66,2521.879,654.92999999999992,126.851,3253.554,1222.398,2031.156,-538.1,2260.7,2798.8,-454.2,12691.8,3335.27,2513.5949999999996,705.645,120.301,3326.7689999999996,1250.7840000000002,2075.918,-496.2,2276.1,2772.3
2015q4,18435.1,18667.8,18638.006633494076,18892.2,19126.4,19100.137722133144,14154.4,159.38451162829438,119.83684943413558,63.300502068375104,4.6837040599828104,-1.0886713235171542,14330.743493703308,98.79764085076056,95.711275753702688,99.521287545309504,69.05404518490444,0.329,97.49,97.319,97.196885406315728,237.837,244.18533333333336,135.744277634836,451.87933333333336,97.527,124.30000000000002,38.08,40.61,41.949999999999992,2.0966666666666668,217.45,200.56036291042296,5.0333333333333336,158.31509421889002,157.555,62.932401419625472,62.58606718006844,150.341540973163,149.61233333333334,142.82133333333334,97.787,97.782,251.764268462412,251.74133333333332,117.945417316591,2.19,0.12333333333333334,0.16,18497.2,15630.6,9816,7958,4316.9000000000008,55.5,1287,607.20000000000008,1371.1,996.1,2061.5,1653,12423.4,3276.879,2500.42,669.30999999999992,107.15,3258.142,1230.084,2028.059,-523.20000000000008,2222.3,2745.5,-413.8,12743.4,3315.334,2502.473,716.639,99.571,3341.055,1260.182,2080.801,-507.1,2273,2780.1
2016q1,18525.9,18740.6,18717.53101345312,19001.7,19217.6,19198.252665637412,14251,159.66901175922272,120.23781229752928,63.257204006307496,4.66373429422766,-1.0238049736120968,14418.62422667393,98.999637279649184,96.367554525178064,99.766443778692816,69.33574662349116,0.329,97.538,97.726,97.539710872703872,237.68933333333332,245.45933333333336,135.468547690191,456.27966666666672,97.468,125.1,28.793333333333332,30.78,33.183333333333332,1.98,220.17,205.01880406317896,4.9,159.049558501689,158.69966666666668,63.007490001459048,62.831280303850136,151.24776182411802,150.93666666666666,143.42633333333334,98.205,98.03,252.402388803755,252.58066666666664,118.228573527527,1.92,0.28666666666666668,0.36,18592.1,15707.7,9851.7,7992.7,4336,38.8,1297.1,612,1381.2,1006.9,2152,1757.8,12523.2,3244.317,2488.8359999999996,693.163,62.318,3270.141,1229.6489999999998,2040.492,-511.7,2182,2693.6,-428.1,12839.6,3301.09,2504.57,739.045,62.384,3371.646,1261.134,2110.487,-510.3,2266.5,2776.8
2016q2,18711.7,18927.4,18941.195118221412,19062.7,19278.4,19296.5000603964,14296.4,159.94956681518204,120.6411523620633,63.2139190030362,4.64431634359108,-1.2116189965259206,14506.219218461698,99.198753595410544,97.014201070758064,100.0122039188407,69.616950769077888,0.329,98.157,98.262,98.005550990802016,239.59033333333332,247.076,136.434747884778,460.60733333333336,98.108,126,40.303333333333336,42.183333333333336,45.406666666666664,2.13,223.34,199.04590033267324,4.9333333333333336,159.46036427375902,158.964,62.998691049828832,62.786949996050232,151.55756608562502,151.143,143.96700000000002,98.267,98.281,253.04322974022,253.18,118.791544768952,1.7533333333333334,0.25666666666666672,0.37333333333333336,18630.4,15785.8,9905.2,8039.2,4344.4000000000008,39.5,1294.5,619.1,1377.7,1013.6,2111.6,1708.7,12665.1,3246.381,2511.643,704.254,30.484,3289.566,1229.983,2059.583,-489.4,2221.9,2711.3,-397.2,12903.3,3287.033,2525.941,741.346,19.192,3369.042,1254.81,2114.243,-496.3,2284.1,2780.4
2016q3,18892.6,19112.5,19085.7674682491,19197.9,19417.1,19394.189009384596,14415.7,160.22243432996902,121.04540222777644,63.1706448748298,4.6255575150373104,-1.0121021780782668,14593.08357807468,99.39255157115944,97.656534212875296,100.2585694533897,69.897268817099104,0.329,98.496,98.689,98.713470559663936,240.60733333333332,248.36466666666668,136.854193185785,467.75833333333336,98.372,126.6,41.183333333333328,42.896666666666672,44.85,2.85,226.66,201.22147404023548,4.9,160.05868588816,159.49,63.091259774073,62.827204506509624,152.267130211824,151.698,144.71633333333336,98.603,98.761,253.648635956227,253.855,119.251468474539,1.5633333333333332,0.29666666666666664,0.39666666666666664,18800.9,15940.6,9998.5,8119.3,4397.7,36.1,1319.8,619.9,1388.6,1033.3,2141.3,1731,12797.1,3261.571,2543.679,712.56899999999992,5.324,3315.171,1241.299,2073.872,-481.2,2270,2751.2,-392.8,12993.1,3301.079,2564,739.347,-3.687,3383.696,1261.434,2122.261,-479.5,2321.1,2800.7
2016q4,19089.4,19364.6,19274.306520472544,19304.4,19578.5,19491.389084717704,14526,160.4882228331515,121.45058833994038,63.1287834445424,4.60755537255564,-0.95934201459407792,14679.503260816348,99.58129996435304,98.30435839274864,100.505541873641,70.177928514916216,0.329,98.947,99.028,99.140564483948176,242.13466666666664,249.51433333333328,137.72862971071998,470.06733333333336,98.884,127.3,44.426666666666664,46.523333333333336,49.136666666666664,3.0100000000000004,230.17,208.24255716423924,4.7666666666666664,160.371996577046,159.59633333333334,63.111141934803232,62.70129897341944,152.72881994409098,151.96799999999998,145.219,99.271,98.849,254.235348479231,254.53433333333332,118.901240229477,2.13,0.43,0.45,18984.7,16116.5,10109.1,8213.7,4455.6,29.8,1341.3,623.9,1404.5,1056.1,2172.4,1700.1,12922,3360.9520000000004,2571.821,730.983,58.147,3337.245,1248.481,2088.764,-530.79999999999992,2268.3,2799.1,-387.3,13060.1,3391.7489999999996,2584.602,748.925,55.55,3389.649,1262.501,2127.1529999999996,-537.20000000000008,2303.8,2841
2017q1,19280.1,19552.4,19469.270919734272,19398.3,19667.9,19588.63066489704,14600.5,160.74718743575116,121.85986565224598,63.089198518902,4.5903964220817904,-0.97163843738252704,14765.964865986178,99.765059607160144,98.961248115166576,100.75312267456936,70.461249565417376,0.329,99.524,99.488,99.466153954667312,243.83866666666668,250.80299999999996,138.581902399387,472.76933333333336,99.389,128.19999999999998,48.01,49.96,51.766666666666664,2.9866666666666664,233.1,209.43186397174828,4.5666666666666664,160.81671469158602,159.87200000000002,63.098873872185368,62.880502188157992,153.43981948514,152.56566666666666,145.815,99.432000000000016,99.195,254.809292048081,254.24733333333332,119.616654410954,2.4433333333333332,0.59,0.70000000000000008,19237,16357.3,10224.3,8311,4578.9000000000008,45.4,1364,633.9,1452.9,1082.7,2190.2,1721.1,13097.3,3363.101,2603.148,753.643,6.311,3353.096,1249.09,2104.006,-533.4,2339.7,2873.1,-359.2,13160.5,3382.703,2610.431,766.457,7.021,3380.244,1257.161,2123.0949999999996,-525.1,2359.9,2885
2017q2,19438.6,19702.8,19616.946300860728,19506.9,19767.4,19685.872943332348,14700.8,160.99085685388604,122.27944697007908,63.048882294332696,4.5741549837936296,-0.90914405394944,14852.949666481788,99.938486747930816,99.640011979405712,101.00704364900934,70.753335185962296,0.329,99.724,99.821,99.7039272830364,244.12000000000004,251.46766666666672,138.49099232013,473.49333333333336,99.656,129,46.236666666666664,47.73,48.24,3.04,237.12,204.59356247964248,4.3666666666666672,161.31866335518898,160.20166666666666,63.182731098220024,62.880734569128824,154.20379951840602,153.214,146.379,99.485,99.823,255.363548028556,254.77066666666668,119.457510965609,2.2633333333333332,0.89,0.95,19405.9,16551.099999999998,10335.9,8402.1,4666.6,44.2,1375.5,634.29999999999992,1461.3,1151.3,2188,1723.6,13188.7,3432.968,2640.229,767.212,25.528,3370.444,1259.855,2110.589,-553.5,2349.7,2903.2,-428.2,13225.7,3435.929,2639.796,770.751,26.048,3389.811,1263.907,2125.901,-544.6,2367.9,2912.4
2017q3,19692.6,20001,19815.816214730812,19660.8,19964,19783.817242750044,14854,161.22007707848266,122.71311117857356,63.008180160284,4.55889227046308,-0.62180741583186536,14940.51159726003,100.10203175957616,100.33950357967222,101.26310858356592,71.054167091112792,0.329,100.076,100.123,100.1664606269294,245.28699999999996,252.444,139.02999850566102,476.88933333333336,100.174,129.9,47.613333333333328,48.423333333333336,48.163333333333336,2.93,240.71,196.3338812213872,4.3333333333333328,161.80112729457698,160.72933333333336,63.216969598064352,62.943073087315792,154.865421179472,153.786,146.89933333333334,100.294,100.05,255.894260876784,255.35666666666664,119.796660450577,2.2433333333333332,1.0366666666666666,1.1533333333333334,19601.6,16747.2,10478.4,8518.3,4704,36.9,1387,643.79999999999992,1469.4,1166.9,2236.7,1718,13325.1,3500.142,2668.855,776.428,54.859,3398.886,1264.5820000000002,2134.304,-531.5,2384.5,2916,-349.7,13315.4,3493.166,2665.246,771.325,55.486,3394.009,1263.116,2130.886,-541.79999999999992,2381.8,2923.6
2017q4,20037.1,20364,20037.435560986796,19882.4,20220.9,19882.732970228424,15057.1,161.43903508762704,123.15938929786298,62.968392690557,4.54465568658274,-0.0016746703228376348,15028.846691974772,100.25823495306874,101.05923632575554,101.52137811339924,71.362914088868224,0.329,100.67600000000002,100.56799999999998,100.66345813536688,247.23833333333336,253.89533333333332,140.03003032095898,478.11766666666656,100.78,130.80000000000002,55.046666666666664,56.65,55.366666666666664,2.8866666666666668,244.33,198.65588710777772,4.1666666666666672,161.784901355969,160.47433333333334,63.102295102228656,62.699655129300464,155.08591489580502,153.77266666666666,147.34866666666668,101.031,100.678,256.392835042677,255.94133333333336,120.515170791977,2.37,1.2066666666666668,1.2033333333333334,19932.2,16995.5,10658.9,8666.3,4777.0999999999992,37.5,1424,656.20000000000008,1483.1,1176.3,2286,1742.7,13551.4,3574.446,2732.168,798.28,43.998,3466.137,1290.69,2175.447,-554.9,2479.1,3034,-374.9,13460.9,3558.859,2728.927,787.03,42.14,3424.498,1280.033,2144.464,-561.9,2443.5,3005.4
2018q1,20328.6,20643.4,20266.945195632952,20044.1,20367.6,19983.308058389976,15194.1,161.65350523601504,123.61815494946572,62.930815777332,4.5314783587561104,0.30421360383572348,15118.288906320674,100.41063990392784,101.80456610933506,101.78191273608744,71.67866067959244,0.329,101.38,101.20800000000002,101.15222461691514,249.32166666666664,255.72866666666668,141.01711384651102,481.825,101.42800000000002,132,58.186666666666664,61.933333333333336,62.886666666666664,3.0433333333333336,248.85,193.8441650615472,4.0333333333333336,162.141154307138,161.45933333333334,63.120497920719288,62.840047690030376,155.604884857581,154.94533333333334,147.998,101.36,101.264,256.853475168533,256.937,120.832903807268,2.7599999999999996,1.56,1.4466666666666666,20205,17204.7,10783,8762.5,4826,29.7,1442.5,663.5,1509.5,1180.8,2310.8,1772.4,13745.1,3645.635,2810.324,800.265,35.045,3513.8760000000004,1316.193,2197.683,-576,2517.3,3093.3,-391.9,13558.4,3612.936,2805.277,772.134,34.055,3431.709,1293.037,2138.736,-558.5,2459.3,3017.8
2018q2,20580.9,20884.4,20514.839841690236,20150.5,20460.8,20085.821330941748,15270.6,161.86322785573268,124.09131831254514,62.8939337934634,4.51937890343318,0.32201157220599352,15209.08686738859,100.55905957427124,102.56987016132672,102.0447728263053,72.002721785807832,0.329,101.912,101.75100000000002,101.70105700371662,250.679,257.058,141.63622376311798,484.77633333333344,102.14000000000002,132.80000000000002,64.650000000000008,67.223333333333328,68.033333333333328,2.82,251.73,198.72373844426808,3.9333333333333328,162.6832299569,161.94300000000002,63.248796029577216,62.901233608849672,156.232372193857,155.57533333333334,148.707,101.373,101.761,257.33181234035696,257.456,121.152215020038,2.92,1.84,1.7366666666666666,20470.2,17407.2,10891,8843.4,4903.7000000000008,31.8,1447.7,669,1543.3,1211.9,2372.9,1846,13891.3,3662.727,2846.516,819.613,-3.402,3570.715,1334.7260000000002,2235.988,-543.79999999999992,2562.2,3106,-376.7,13631,3612.389,2837.0569999999996,777.417,0.466,3456.309,1302.317,2154.046,-549,2472.7,3021.7
2018q3,20798.7,21067,20709.495847101448,20276.2,20550.7,20189.236812637248,15382.1,162.07348834789874,124.56841040713614,62.858953409870096,4.5083614335785592,0.43074034035957,15300.44407330376,100.70676769216302,103.35174980576664,102.30428833743512,72.328982422014528,0.329,102.254,102.076,101.88855108647926,251.68633333333332,257.986,142.16325145282702,484.85266666666664,102.586,133.9,66.266666666666664,69.086666666666672,69.756666666666672,2.9,254.93,203.39754924012244,3.7666666666666664,162.721922226875,162.02933333333334,63.093671974714672,62.785924549114632,156.58250832878,155.88833333333334,149.219,101.668,102.206,257.82827836449504,258.06633333333332,121.373460059802,2.9266666666666668,2.04,1.9233333333333332,20760.8,17648.3,11042,8969,4987.6,24.3,1475.5,679.79999999999992,1563,1245,2371.4,1868.8,14002.2,3788.692,2870.3649999999996,819.662,98.664,3626.086,1358.9090000000002,2267.176,-618.20000000000008,2535.5,3153.7,-484.5,13693.8,3722.248,2854.55,770.056,92.854,3483.628,1319.077,2164.692,-622.4,2441.8,3064.2
2018q4,20917.9,21192.6,20907.035709777216,20304.9,20584.6,20294.354088290672,15403.1,162.29028197301822,125.04971857566146,62.828228804900096,4.4984158013691296,0.051964756618771976,15393.2055022466,100.85749644746596,104.14161595882302,102.56471712104358,72.658739622446176,0.329,102.642,102.552,102.24121735508728,252.711,259.473,142.539772617382,487.36233333333336,103.005,134.9,54.996666666666672,59.61,59.076666666666664,3.8033333333333336,257.70999999999996,206.79617687645888,3.8333333333333328,163.565430460968,162.88133333333334,63.316675299250096,62.960662792645376,157.32806196565098,156.643,149.65066666666666,101.485,102.53,258.318740009161,258.70333333333332,122.129122825938,3.0333333333333332,2.3166666666666668,2.22,20936.3,17852.599999999998,11113.5,9024.3,5107.4,42.6,1487,673.6,1602.2,1302,2405.5,1891.1,14099.2,3802.028,2898.677,808.027,95.324,3650.847,1375.352,2275.495,-634.20000000000008,2537.4,3171.6,-511.6,13736.6,3724.752,2880.391,754.59,89.813,3488.352,1325.345,2163.215,-644.29999999999992,2451.9,3096.2
2019q1,21111.6,21403.9,21080.790127775636,20431.6,20728.1,20401.782506994292,15537.3,162.516712192481,125.53652010158128,62.803007800748096,4.4895180696244,0.14615141101266272,15487.154617129078,101.0131974404153,104.9255133613825,102.82606014078486,72.989517409435344,0.329,102.851,102.96399999999998,102.53294475961804,253.38566666666664,261.173,142.944876949443,490.51333333333336,103.332,135.80000000000002,55.836666666666664,57.183333333333328,54.826666666666664,2.9166666666666664,260.83999999999996,205.03315738667136,3.8666666666666664,164.034346435566,162.95533333333336,63.381636490356016,63.065812830251,157.76327362167098,156.68366666666666,150.13966666666668,102.339,102.561,258.74520846928696,258.38933333333336,122.410168239114,2.6533333333333332,2.3866666666666668,2.4033333333333332,21211.3,18152.7,11329.1,9222,5128.8,29,1504.9,674.4,1609.2,1311.3,2416.4,1875.4,14150.2,3850.77,2932.41,803.435,114.925,3702.934,1403.184,2299.75,-592.29999999999992,2540.2,3132.5,-463.2,13758.3,3755.53,2899.84,746.082,114.259,3536.6,1339.795,2197.011,-619.4,2474.9,3094.3
2019q2,21397.9,21690.9,21301.732150436384,20602.3,20898.3,20509.70778828462,15681.9,162.74660628525714,126.0223377705084,62.780708556441704,4.4816312004623896,0.45145553837810936,15581.222762647698,101.17007063433934,105.68905839934228,103.0883061915183,73.318987649970128,0.329,103.426,103.398,103.00215158095942,255.24733333333332,262.31766666666664,143.66939504937798,494.52466666666672,103.855,136.80000000000002,62.87,63.593333333333336,59.783333333333328,2.5633333333333336,263.89,206.67071185357936,3.6333333333333336,163.967226730469,162.835,63.307592652936232,62.90376787781472,157.912546711317,156.89266666666666,150.68433333333334,102.96800000000002,102.883,259.184479907213,258.86366666666664,122.336996615326,2.3333333333333332,2.3,2.3966666666666664,21369.4,18292.7,11388.9,9273.3,5179.9,20.3,1515.3,682.79999999999992,1620,1341.5,2456.6,1906.5,14350.7,3903.996,3000.782,820.007,83.207,3761.243,1408.036,2353.207,-618,2547.4,3165.4,-477.3,13875.7,3790.049,2954.978,758.737,82.473,3584.587,1353.4179999999998,2231.325,-649,2462.4,3111.4
2019q3,21717.2,21996.9,21482.115167060024,20843.3,21126.2,20617.674979351948,15903.8,162.98027922226796,126.50410882677492,62.7620038777904,4.4747059457322504,1.094328147446344,15674.675174243672,101.3283603743338,106.37941171030916,103.35103657752048,73.643515282262096,0.329,103.67500000000002,103.783,103.34506492566304,256.08933333333336,263.84833333333332,144.186781570979,500.02866666666664,104.196,137.9,57.3,58.676666666666672,56.370000000000008,2.3833333333333332,267.36,208.53782943221644,3.6,164.98759988107898,163.81866666666668,63.515338133101864,63.1452084363898,159.02463996936598,157.899,151.15733333333336,104.128,103.176,259.68048311808,259.43166666666668,122.703851505967,1.7966666666666666,1.98,2.19,21557.7,18417.4,11453,9329,5223.8,42,1528.9,690.20000000000008,1597.6,1365.1,2499.1,1968.1,14548.3,3939.599,3031.12,838.245,70.233999999999992,3814.837,1426.884,2387.9520000000004,-585.5,2532.4,3118,-446.5,14033.2,3819.94,2983.489,769.618,67.510000000000008,3625.512,1370.2550000000002,2255.377,-635,2462.9,3097.9
2019q4,21933.2,22195.8,21658.760934965512,20985.4,21251.2,20722.820278145696,16015.6,163.21708539320816,126.9647734991843,62.748251355771104,4.4686819201788096,1.2671041794982906,15764.807192540942,101.48772582557876,107.03779327347264,103.61359054898958,73.950671033401536,0.329,104.083,104.147,104.10329431367482,257.88799999999996,265.51266666666668,144.81089469755198,508.54100000000008,104.543,138.9,55.52,58,56.956666666666672,2.4,271.82,208.08058298519684,3.6,165.71577202159302,164.537,63.680884191153784,63.279729656968952,159.81321127849,158.673,151.641,105.107,102.934,260.193954485611,260.01533333333332,123.607364364468,1.7933333333333334,1.5766666666666666,1.6433333333333334,21793.4,18589.9,11615.4,9476.3,5244.2999999999992,43.8,1538.8,706.29999999999992,1587.3,1368.1,2513.1,2003.2,14701,3880.57,3010.301,846.813,23.455,3864.968,1439.895,2425.073,-513.4,2537.5,3050.8,-402,14125.3,3770.431,2970.305,772.063,25.3,3654.831,1377.757,2277.036,-561.9,2477.9,3039.8
2020q1,21751.2,22021.3,21873.761113408144,20709.2,20980.7,20825.889773887968,15716.8,163.44654858281464,127.41712782840418,62.7367273173692,4.4634888351134296,-0.56031110869642072,15852.91702085376,101.64172345462662,107.67592787900444,103.87566500534624,74.2513137830544,0.329,104.445,104.617,104.53985103307824,258.81766666666668,267.04666666666668,145.33604240006298,513.188,105.035,140.30000000000002,43.253333333333328,47.28,45.756666666666664,1.9066666666666668,277.05,210.85042402221364,3.8333333333333336,165.3874924060739,163.80100000000002,63.4100327410936,63.09032877640944,158.90773711183252,157.525,151.73933333333334,104.618,101.415,260.61629866677204,259.62933333333336,124.441201013951,1.3766666666666668,1.11,1.26,21753.4,18768.1,11779.8,9627.6,5234.8,42.6,1540.8,729.2,1551,1371.2,2252.5,1743.5,14503.1,3807.7,2965.479,877.327,-35.107,3942.036,1460.256,2481.779,-501.6,2430.9,2932.5,-379.3,13887,3676.274,2918.067,793.939,-39.853,3694.317,1392.352,2301.825,-544.79999999999992,2386.7,2931.5
2020q2,19958.3,20136.2,21891.420034214144,19078,19260.9,20925.855980355916,14226.8,163.64160074951598,127.8761383689154,62.7168000041466,4.45904786766102,-8.8304917232087664,15937.801443492616,101.7735975144899,108.28926630919118,104.13719921117482,74.552165364072224,0.329,104.01700000000002,104.42,105.290428335055,256.29199999999996,265.669,143.84996999376,518.92966666666664,104.66,140.80000000000002,25.146666666666664,26.556666666666664,27.806666666666668,1.7066666666666666,278.70999999999996,219.63540801327204,13,160.24206134562734,158.12133333333336,61.005431672566896,60.804438137940688,138.27583408534184,137.56666666666666,133.71166666666668,109.707,87.539,260.961150340566,260.04899999999996,126.751474194076,0.68666666666666664,0.14333333333333334,0.060000000000000008,19785.3,20198.2,11052,8998.2,5027,30.3,1399.2,736.2,1507.7,1353.6,2087.3,1673.1,13193.3,3270.187,2736.487,816.792,-283.091,4021.699,1567.691,2454.008,-526.9,1829.7,2356.6,-509.3,12685.3,3163.508,2681.079,738.889,-261.375,3773.803,1493.862,2281.6350000000004,-549.4,1886.4,2435.9
2020q3,21704.4,21912.4,22191.760597223884,20558.9,20769.8,21020.539012470568,15640.4,163.7998632249114,128.33062615936098,62.685448595807104,4.4552731384737496,-2.1961330877228956,16019.057377855414,101.88194957205598,108.88087631517294,104.39814495940936,74.852564898889136,0.329,104.835,105.197,105.90472188565792,259.22166666666664,268.248,145.88851352204298,522.84799999999992,105.619,141.6,39.926666666666664,40.77,40.893333333333336,1.9933333333333332,289.20999999999996,210.8922182614132,8.8,162.28751112033052,160.33733333333334,61.657177271569208,61.536217830218008,147.92229564747624,146.21466666666666,140.61466666666666,111.46800000000002,94.755,261.30052705760396,260.55766666666664,126.739785535952,0.65,0.11333333333333334,0.093333333333333344,21278.9,19851.7,11570.4,9434.5,5319,48.8,1661.9,752.5,1486.9,1368.9,2765.9,2331.7,14479.2,3911.004,2852.508,950.812,107.683,4001.844,1528.69,2473.154,-687.6,2116.8,2804.4,-648,13813.7,3755.526,2796.634,840.325,116.007,3709.59,1448.448,2262.264,-721.8,2115.8,2837.6
2020q4,22087.2,22277.6,22432.146377339572,20791.9,20985.5,21116.617057074088,15853.4,163.96275051832628,128.78911210210432,62.655247423967416,4.4520732691872,-1.537732375391565,16099.604819442562,101.99268209486342,109.45980818294476,104.658861826783,75.1472651423684,0.329,105.369,105.669,105.93137043850428,261.09166666666668,269.87599999999996,146.743931063854,520.45866666666664,106.278,142.80000000000002,40.766666666666664,42.03,42.453333333333336,2.5266666666666668,302.08999999999996,204.5841379086102,6.7666666666666664,162.93201943510136,160.79233333333334,61.683775373525928,61.58738062407436,151.39980053181452,149.94666666666666,142.58000000000002,110.615,96.82,261.661594764159,261.08,125.587819183957,0.86333333333333344,0.093333333333333344,0.09,22201.3,19708.6,11990.4,9801.2,5410.7999999999992,82.5,1592,755.7,1478,1502.6,2540.5,2116.7,14749.8,4064.655,2938.775,1037.253,88.626,4030.804,1541.617,2489.187,-758.1,2278,3036.1,-721.9,14001.4,3878.929,2875.442,899.614,89.407,3713.073,1449.907,2264.419,-807.1,2242.3,3049.4
2021q1,22680.7,22861.6,22825.683591197608,21082.1,21265,21216.864736890268,16133.2,164.14922756837168,129.25351554306272,62.629301326451408,4.4528529898698792,-0.63517743343082248,16183.041000201158,102.11395358991436,110.05873309249192,104.93416845527964,75.447007628383744,0.329,106.567,106.572,107.01406513740138,263.68633333333332,270.88166666666668,148.29622473884502,523.05733333333328,107.629,144.5,55.050000000000008,57.256666666666664,57.79,3.56,313.01,201.17014019898912,6.2333333333333336,162.30790562074094,160.22399999999998,61.61912698919032,61.406386534009904,152.19025768716418,150.22833333333336,143.52700000000002,111.429,97.807,262.10313245354096,260.92399999999996,126.146065574653,1.3166666666666666,0.05,0.08,22666.1,22224.8,12089.5,9878.6,5543.7999999999992,49.1,1650.7,754.4,1476.5,1613.1,2840.4,2418.6,15255.4,4058.943,3002.811,1082.366,-26.234,4155.388,1616.738,2538.65,-789,2393,3182.1,-773.7,14319.6,3849.329,2939.916,911.81,-10.347,3765.689,1509.22,2259.491,-859.7,2247.4,3107.1
2021q2,23425.9,23553.4,23296.308093083084,21440.9,21572.7,21322.289098518524,16454,164.36450139480428,129.72563368353054,62.607239824786144,4.44978976629628,0.55627658425154712,16271.093445897136,102.25736220276968,110.73927638765142,105.21675088074546,75.751132494755808,0.329,108.184,108.087,107.39733531124464,268.57966666666664,275.56366666666668,150.51500515474502,523.814,109.276,145.80000000000002,64.516666666666664,66.033333333333328,66.09,2.9433333333333332,327.14,199.55021432251076,5.9333333333333336,163.19643300265102,160.94666666666666,61.849923478243728,61.614162426896672,153.29811697644732,151.45000000000002,145.15700000000002,111.448,99.599,262.554140537105,261.217,126.329360591938,1.5933333333333332,0.026666666666666668,0.070000000000000008,23341.8,21117.1,12403.9,10170.7,5840.6,93.5,1755.5,770,1477.8,1743.8,3136.2,2771.6,16027.6,4049.667,3078.401,1110.816,-139.549,4174.293,1597.377,2576.916,-825.6,2522.8,3348.4,-854.1,14820,3799.029,3010.859,901.698,-120.79,3721.606,1475.607,2248.325,-904.3,2270.2,3174.4
2021q3,23982.4,24111.9,23779.944781598576,21617.8,21749.8,21435.3063204534,16598.599999999998,164.61331618441966,130.21611384366372,62.588692440498608,4.4470104170573496,0.85136959005089888,16366.30391586176,102.42139912821316,111.45255360290452,105.50447328431302,76.072358969154592,0.329,109.65499999999998,109.369,107.60311011507516,272.88633333333332,279.129,153.07854910793398,524.75299999999992,110.96599999999998,148,68.3,70.323333333333336,70.623333333333336,4.3566666666666664,341.87,202.37162182044408,5.0666666666666664,163.75654665726068,161.50866666666668,61.900592567826304,61.735168427946376,155.23948692772398,153.28866666666668,147.239,110.80800000000002,101.018,262.9948466137,261.61533333333336,127.129774959895,1.3233333333333334,0.046666666666666672,0.09,23960.8,21227.9,12703.8,10450.5,5953.1,87.4,1783,782.6,1467.2,1832.9,3165.1,2779.8,16380.7,4255.263,3096.1930000000004,1147.576,11.495,4219.865,1585.243,2634.621,-873.5,2581.3,3454.8,-934.4,14943.2,3937.3,2999.341,899.78,16.771,3693.852,1447.59,2247.634,-956.9,2268.6,3225.5
2021q4,24813.6,24979,24323.077651873144,21988.7,22150.9,21554.021083750164,16943,164.90263624050624,130.7075591703348,62.573288695115872,4.44441769129896,2.016695235477628,16466.305339735692,102.60899603819358,112.18557947796168,105.79515893188976,76.397245859159616,0.329,111.484,110.792,108.13141323587048,278.71933333333332,283.42700000000004,155.952334868489,529.41933333333336,112.862,149.9,73.59,76.426666666666656,77.446666666666672,4.7733333333333336,354.81,206.10541513509888,4.2,164.4944029327605,162.17733333333334,62.025904300655576,61.893997122404664,157.26934060978476,155.368,149.18533333333334,111.599,102.514,263.429471796053,262.02433333333336,127.47462916568,1.5366666666666666,0.053333333333333336,0.08,24782.5,21425.9,13036.3,10760.1,6021.1,67.900000000000008,1787.6,799.9,1469.7,1896,3250.4,2821.2,16815,4622.3059999999992,3171.559,1188.973,261.77499999999996,4285.062,1618.234,2666.8270000000004,-908.8,2777.6,3686.4,-914.8,15086.9,4191.773,3022.081,905.828,207.912,3693.416,1459.694,2235.964,-984.6,2402.5,3387.1
2022q1,25250.3,25375.1,24957.906399242384,21932.7,22056.7,21678.723566954196,16848.2,165.24295983735578,131.19302382559584,62.560658110164944,4.4419167792237408,1.1715469882781938,16570.958081143282,102.82679243513932,112.94656384063922,106.0871279385553,76.719949160344592,0.329,113.58199999999998,112.453,109.34313997332494,284.84466666666664,288.03299999999996,159.26503933190398,536.635,115.162,151.69999999999998,89.68,92.483333333333328,94.453333333333328,4.6566666666666672,370.02,206.74668682440168,3.8333333333333336,164.99548869153904,163.91533333333334,62.344982698283424,62.248692988341336,158.44992192697368,157.63966666666668,150.74233333333334,110.212,103.273,264.116539698708,263.32333333333332,128.08247719417,1.94,0.30666666666666664,0.12,25355.5,21633.5,13178.9,10892,6048.2,83.4,1752.6,818.6,1488.3,1905.3,3172.5,2768.8,17149,4814.294,3314.956,1216.177,283.161,4336.227,1608.997,2727.23,-1049.2,2865.2,3914.4,-1101.4,15100.9,4272.382,3110.067,889.761,227.358,3665.467,1428.925,2237.2979999999996,-1106.8,2377.5,3484.4
2022q2,25861.3,26026.5,25675.260814620864,21967,22123.2,21808.975353705208,16845.400000000002,165.63344693932314,131.6701170971497,62.55043020717288,4.4404667293697792,0.72458537703810048,16680.579795534468,103.0732344348382,113.72754671219244,106.38066319180378,77.0428276535704,0.329,115.65799999999998,113.795,109.72467437492798,291.651,292.17399999999996,163.024607560678,543.90366666666672,117.76,154,107.82333333333334,110.03,108.72333333333332,7.4833333333333328,381.8,212.22248068372048,3.6333333333333336,165.81843525847856,164.10033333333334,62.398308901721536,62.232056965665624,159.71769640270438,158.121,151.96533333333334,109.29600000000002,104.05,264.809272109438,263.69099999999996,128.287248129043,2.93,1.0766666666666666,0.77,25911,21913.3,13293.8,10994.8,6185.8,98.9,1750.6,860.4,1537.6,1938.3,3380.6,2931.8,17606.599999999998,4811.513,3438.7199999999996,1222.2,150.59200000000002,4439.375,1622.632,2816.743,-996.2,3093.7,4089.9,-1031.4,15224.4,4176.99,3163.406,863.934,114.446,3652.407,1415.382,2237.0479999999996,-1093,2451.7,3544.7
2022q3,26336.3,26512,26120.983370162424,22125.6,22289.1,21944.708620985696,16967,166.07126300918912,132.14031267872904,62.542234507666688,4.4389317490436096,0.82430522153897904,16794.890140065676,103.3477781493044,114.5275567741799,106.67655240562052,77.364727371737792,0.329,116.98600000000002,115.231,110.63925039238222,295.50766666666664,296.64766666666668,165.24403104074702,553.187,119.042,155.80000000000002,91.726666666666656,95.063333333333328,93.183333333333344,7.9933333333333328,381.36,220.42727122305484,3.5333333333333332,166.5871732535395,164.42733333333334,62.347381881127616,62.23970162210176,160.5948180014756,158.601,153.28266666666668,109.29500000000002,104.723,265.50240019183004,264.18400000000004,128.601223145094,3.1066666666666664,2.6633333333333332,2.19,26428.7,22354.2,13611.6,11278.1,6342.2,98.6,1790.4,887.2,1592,1974,3477.1,3004.2,17893.099999999998,4812.308,3547.608,1165.137,99.564,4486.473,1639.05,2847.4229999999996,-855.6,3129.1,3984.7,-938.4,15295.8,4105.292,3210.162,809.224,79.724,3667.845,1410.615,2256.321,-953.1,2538.9,3492
2022q4,26770.5,26913,26537.985715078936,22278.3,22412.9,22084.802568358564,17095.900000000002,166.55465146027506,132.59793331935858,62.535700533173416,4.43723236707892,0.87615649287562384,16913.905553565222,103.64941412007502,115.33047538392126,106.97562508959094,77.686226366801072,0.329,118.17599999999998,116.56500000000002,111.10509666944218,298.49833333333332,300.37666666666668,166.97909470033202,552.472,120.17499999999998,157.69999999999998,78.153333333333328,83.05,82.786666666666656,5.5466666666666672,382.39,221.97059095860208,3.5666666666666668,167.17082065229912,164.70766666666666,62.33815256597512,62.225297731860608,161.08259531924636,158.81666666666666,154.153,110.02000000000002,104.973,266.18752307611,264.69566666666668,129.483219283402,3.83,4.04,3.6533333333333336,26524.8,22714.2,13689.2,11326.2,6522.2999999999992,99.4,1801.7,918.3,1673.5,2029.4,3420.2,2947.7,18111.4,4939.217,3636.96,1110.626,191.632,4570.552,1691.32,2879.232,-850.6,3057.7,3908.3,-933.6,15326.2,4184.9799999999992,3265.979,762.082,160.565,3705.121,1441.575,2263.912,-944.5,2520.1,3464.6
2023q1,27216.4,27326.5,26961.553645490212,22439.6,22546.5,22229.482193947112,17216.900000000002,167.08658296028626,133.04169491113896,62.530457805220112,4.43529644125222,0.9452213246339048,17037.191415987276,103.98006509920608,116.12609392614426,107.27846988102298,78.003644469278192,0.329,119.30800000000002,117.917,111.86365047414798,301.19166666666668,303.96833333333332,168.305452427328,548.96233333333328,121.291,159.4,69.506666666666664,74.52,76.076666666666672,2.6533333333333332,385.71,214.134278188163,3.5333333333333332,168.6776794118615,166.32433333333336,62.678848172716152,62.500845498067272,162.58937333303806,160.47466666666664,155.01233333333334,110.215,105.431,267.157802939021,266.11533333333328,129.76219511850102,3.6466666666666664,4.6266666666666672,4.5166666666666664,26980.5,23108.7,13888.3,11479.2,6742.7,96.9,1836.9,965.5,1750.7,2092.7,3524.3,3060.5,18487,4883.84,3756.575,1081.3510000000002,45.913,4640.4979999999992,1727.672,2912.826,-794.9,3085.5,3880.4,-917.5,15495.8,4108.542,3333.291,749.198,43.45,3742.908,1456.3030000000002,2286.973,-912.2,2543.5,3455.7
2023q2,27530.1,27633.2,27283.051413900628,22580.5,22681.4,22377.867950046796,17342,167.65429959945754,133.47625443254186,62.526135845333784,4.4335099961407296,0.90550203623298576,17163.30634911068,104.33136414199442,116.90497690783988,107.58465549273698,78.316459318289776,0.329,120.19,119.069,112.8326085775431,303.42433333333332,307.468,169.14917564182702,547.326,121.933,161.1,71.620000000000008,74.163333333333328,73.76,2.1633333333333336,393.04,211.76506762934256,3.5333333333333332,169.19774826947,166.84933333333334,62.751280771486896,62.579294928375144,163.1357566422349,160.91633333333334,155.624,111.133,105.178,268.128761592417,266.62066666666668,130.15148729965198,3.5933333333333332,5.0733333333333336,4.99,27229.1,23461.5,14092.5,11641.6,6885.2999999999992,77.1,1854.5,998,1808.1,2147.6,3532.5,3052.8,18693.1,4961.052,3854.267,1089.199,17.585999999999998,4673.36,1738.797,2934.564,-797.5,3016.2,3813.7,-926.7,15553.7,4180.7520000000008,3421.757,756.909,16.981000000000002,3773.544,1456.106,2317.05,-928.1,2509.3,3437.4
2023q3,28074.8,28172.6,27689.55161260564,22841,22937.1,22527.570931352152,17574.400000000002,168.24074124251336,133.90080645733374,62.522364175041472,4.4313678808796296,1.3913132028435582,17290.312779681622,104.69323586663642,117.68621932605472,107.89170944000112,78.623288164764176,0.329,120.999,119.768,113.44206446112808,306.04233333333332,309.74033333333336,170.687282906409,547.94666666666664,122.923,162.80000000000002,81.023333333333328,82.503333333333328,82.296666666666672,2.59,401.64,211.625407886655,3.6666666666666664,169.6865225983395,167.543,62.814944676068208,62.699855172439616,163.37368646733362,161.36666666666668,156.17633333333334,112.424,105.244,269.104565236702,267.21433333333328,130.32612314569102,4.15,5.29,5.26,27615.6,23735.3,14334.5,11836.2,6963.7000000000008,63.6,1879.5,1012.9,1850.8,2156.9,3648.8,3153.1,18961.8,5088.8,3871.644,1134.69,82.466,4789.733,1784.355,3005.378,-765.5,3082.1,3847.6,-916.8,15671.9,4275.527,3436.424,777.717,67.465,3821.238,1480.345,2340.858,-926.2,2536.7,3462.9
2023q4,28424.7,28456.5,27985.820647836864,23033.8,23076.2,22678.156520144264,17734.3,168.82876406704278,134.32637883399212,62.518772315870224,4.4288242400857904,1.5682204130650134,17417.903408339302,105.05505519167026,118.47268256319588,108.19920069304192,78.930689922884048,0.329,121.546,120.40300000000002,114.18207575005058,308.15833333333336,312.34533333333332,171.722473678705,552.09,123.40900000000002,164.4,75.906666666666672,79.546666666666672,78.41,2.7366666666666668,406.66,214.57171816841868,3.8,170.3926458903513,167.75633333333334,62.816069274225568,62.638106676789616,163.81411012812708,161.40700000000002,156.70366666666666,113.391,105.22,270.07505271675596,267.81833333333332,130.812828651441,4.4399999999999992,5.2833333333333336,5.33,28117.4,24034.6,14514.3,11972.7,7094.6,47.8,1911.4,1033.6,1909.4,2192.4,3763.7,3310.6,19190.6,5161.1540000000008,3941.343,1150.941,68.870000000000008,4861.013,1811.976,3049.037,-788,3109.6,3897.7,-990.4,15789.7,4313.169,3482.993,780.626,61.893,3865.061,1492.761,2372.018,-934.1,2574.6,3508.8
2024q1,28708.2,28700.2,28393.340755281244,23082.1,23092.4,22828.94541097934,17743.3,169.41049839489178,134.755198923774,62.51498978934704,4.4256796571856904,1.1089193322916468,17545.653042252958,105.412138656722,119.26440150849822,108.5068636791542,79.24025945485096,0.329,122.62200000000002,121.58799999999998,114.9920787445864,310.97433333333332,315.56866666666668,173.02471413751098,557.492,124.366,166.19999999999998,72.69,76.383333333333344,77.56,2.13,411.09,212.1354022367672,3.8333333333333336,171.01367842311904,167.57866666666666,62.985506491019416,62.596699185068504,164.3123988480973,161.20933333333334,157.279,113.845,105.143,270.992670737842,267.71166666666672,131.07602597525702,4.16,5.2333333333333336,5.33,28468.4,24478.7,14739.7,12149.5,7176.4,51.6,1931.3,1069,1906.7,2217.8,3687.5,3243.8,19443.8,5155.0290000000008,3963.752,1175.809,15.467,4931.777,1834.259,3097.518,-822.5,3164.1,3986.6,-1065.6,15857.7,4296.251,3496.025,796.175,12.412,3887.055,1495.782,2390.721,-964.1,2603.6,3567.8
2024q2,29147,29135,28762.153447261332,23286.5,23293.7,22979.033391074588,17917.400000000002,169.97237915361336,135.19275017211576,62.510646116999,4.42215707526542,1.3380310811717422,17672.68825709766,105.75615338226414,120.06141128435148,108.81509406678008,79.55435280103928,0.329,123.40900000000002,122.454,115.70336925320304,313.09566666666664,317.99733333333336,173.93351259074402,563.65,125.167,167.6,79.666666666666672,81.816666666666656,81.713333333333328,2.0866666666666668,415.93,215.00796776257736,4,171.91046929562486,167.93066666666666,62.90761593944592,62.602143268982232,165.11078877446394,161.27133333333336,157.79266666666666,114.43,105.394,271.906671103134,268.25066666666668,131.429489823402,4.4433333333333336,5.2433333333333328,5.33,28861.1,24800.8,14943.7,12317.2,7236.6,52.5,1960.8,1069.7,1928,2225.6,3793.1,3343.4,19756.1,5290.171,4012.411,1180.094,97.666,4995.15,1867.53,3127.62,-894.4,3192.6,4087,-1152.8,16009.6,4381.983,3517.46,792.174,75.071,3919.17,1511.4659999999998,2407.341,-1032.2,2608,3640.2
2024q3,29511.7,29459.5,29069.621690054224,23478.6,23454,23126.896106022596,18087.9,170.49960806446086,135.64193119598844,62.505370820353104,4.4181849562262368,1.5207570110794766,17797.964703129088,106.07832725949014,120.86374724785816,109.12362767548134,79.874960196744448,0.329,123.93,123.168,116.3172586145478,314.18266666666664,319.86899999999996,174.57092961912198,565.26,125.715,168.9,74.65,76.88,76.24,2.1166666666666668,419.91,215.9923786487412,4.1666666666666672,172.2164234414255,168.50466666666666,62.921024407508032,62.67375833767264,164.98869702663276,161.482,158.13033333333334,115.241,105.587,272.822856061653,268.86,132.011540266521,3.9466666666666664,4.99,5.2633333333333336,29117.3,25021.7,15115.7,12458.4,7253.8,56.3,1975.4,1077.3,1930.2,2214.6,3755.7,3342.6,20032.8,5330.249,4069.186,1177.802,83.262,5086.9219999999992,1917.853,3169.069,-938.3,3256.5,4194.8,-1318.4,16165.8,4392.176,3547.627,782.472,69.426,3971.281,1542.942,2428.536,-1064.9,2664.3,3729.2
2024q4,29825.2,29864.3,29426.93426786798,23586.5,23634.6,23271.541686529112,18165.3,170.97710515516476,136.10911042978402,62.498793420936384,4.4137372661012016,1.3534054499414694,17920.836450091166,106.3696675833012,121.70105235436756,109.43489030208392,80.206109476421984,0.329,124.703,123.997,117.01433576863248,316.53866666666668,322.53433333333332,175.92017207130698,568.96566666666672,126.474,170.5,69.399999999999992,71.403333333333336,70.686666666666664,2.4433333333333332,425.59,222.26620004789164,4.1333333333333328,172.66549017877356,168.42633333333336,62.810309881203312,62.504360519056416,165.38202987783728,161.43333333333334,158.63966666666668,115.725,105.808,273.73546767946404,269.46333333333332,131.945834170024,4.2833333333333336,4.3999999999999992,4.65,29560,25322.4,15309.1,12626.6,7319.6,71,1993.4,1096.7,1941.7,2216.8,3970.6,3446.9,20351.3,5261.83,4046.39,1197.65,17.789000000000002,5150.725,1949.968,3200.758,-938.7,3248.3,4186.9,-1182.6,16320.9,4315.564,3514.424,790.685,17.053,4003.781,1559.482,2444.686,-1069,2658.5,3727.4
2025q1,30042.1,30044.2,29871.7290344,23548.2,23566.9,23414.6564204,18124.4,171.40277585000002,136.6060514731156,62.490543440275896,4.40904868088454,0.57034182864905688,18042.6542582,106.630204702,122.573948771,109.74850830601612,80.55400923710856,0.329,125.759,125,117.834421657,319.492,325.291,177.186699705,572.665666667,127.597,171.80000000000002,70.466666666699992,72.65,71.836666666666656,4.1466666666666664,428.73,225.98820388009328,4.1,173.06968753000002,170.56466666700002,62.6703393249,62.5118654214,165.862508161,163.57,159.161,115.206,106.127,274.331951264611,272.85166666666668,132.21495034,4.45333333333,4.21,4.33,29895.7,25717.7,15510.9,12788.7,7414.7,84.2,2019.1,1115.6,1954.5,2241.3,3922.9,3437,20555,5556.216,4137.8190000000008,1206.1969999999998,212.2,5195.517,1949.728,3245.7890000000004,-1264.6,3293.7,4558.3,-1502.6,16345.8,4547.947,3595.389,788.779,171.969,3993.923,1537.219,2456.304,-1380.7,2659.5,4040.2
2025q2,30485.7,30467.4,30200.372087,23771,23773.9,23548.5176618,18354.8,171.77195005300002,137.09175249238384,62.478783051081304,4.4069062202285696,0.94478277314629104,18156.62136,106.854135391,123.49807163099998,110.0273691677484,80.892950951274384,0.329,126.424,125.804,118.491558828,320.80033333300004,326.96133333300004,177.723733315,578.666333333,128.266,173.566,64.2133333333,65.58,64.626666666666664,3.1866666666666664,428.68,215.97649492020044,4.16666666667,173.062901448,170.67500000000002,62.5597898389,62.4293588989,165.77442807400002,163.536,159.44133333299998,116.143,106.41,274.933019661341,273.389,132.62402211400002,4.36,4.2300000000000008,4.33,30335.8,26067.1,15701.3,12945.1,7430,78.2,2027,1119.2,1960.6,2245,3929.7,3458.2,20789.9,5358.632,4207.512,1196.91,-45.79,5236.97,1956.417,3280.552,-899.8,3267.5,4167.3,-1167.2,16445.7,4382.8190000000008,3659.32,778.53,-18.264,3992.974,1516.604,2475.3,-1058,2647.3,3705.3
2025q3,30968.3156555,31051.7727688,30600.807929,23964.5449352,24046.2778145,23680.1524766,18543.241136,172.075826167,137.61463770988004,62.45969486007132,4.40419970826884,1.2009739332591974,18271.9081223,107.042676285,124.414001158,110.32213634430794,81.263200051128016,0.329,127.27283947100002,126.691700745,118.985854446,323.288,329.66366666699996,178.938783489,584.566333333,129.225552746,174.94037273200002,66.156666666700008,67.2266666667,65.736666666666664,3.0266666666666668,429.35,211.95195160124888,4.3,172.08123237,170.789333333,62.4613944782,62.3309635382,164.681739378,163.381666667,159.548,117.358367575,106.384498576,275.50014502129604,274.036118996311,132.926665969,4.25666666667,4.09666666667,4.29333333333,30856.5130613,26252.4711303,15868.7000013,13082.2496933,7657.89004207,74.4112638391,2054.01800525,1125.07523059,2091.75089807,2312.63464432,4028.95212353,3452.88699765,21084.912841,5458.83617442,4269.9555168200008,1199.0238558200002,-10.1431981892,5297.25559009,1979.96751829,3317.2880718,-872.688950002,3304.36001268,4177.04896269,-1034.5847388300002,16566.7026277,4416.24963632,3688.07067079,773.244045461,-6.00621248658,4002.18152779,1518.2615510600002,2482.8040644900004,-1022.87811608,2672.93449716,3695.81261323
2025q4,31324.6414585,31409.1209564,31029.6201689,24037.6146145,24119.6124169,23811.2238968,18641.9328125,172.335464032,138.16786945476658,62.439934367799096,4.4018412126410704,0.95077312565368112,18386.7752433,107.224344345,125.325115015,110.62018707387582,81.635516424675952,0.329,128.171316986,127.588442874,119.606777819,325.934424154,332.442337045,180.242495929,589.220687063,130.315099734,176.265389819,56.5560653148,57.8271416782,60.334629629629632,3.6871851851851856,431.546571094,213.30139924252416,4.5322263135,172.557583634,171.493103308,62.503285059,62.4348981321,164.736883422,163.720647754,159.679175536,117.989822932,106.375623787,276.07762291333596,274.67507505993096,133.22824555899998,4.0823382632099992,3.6898672253,3.86986332764,31241.9512602,26502.1232369,16017.3827773,13185.502088,7747.02705088,73.7919574445,2083.17956065,1130.18086778,2132.44339628,2327.43126872,4085.98046905,3506.2357352,21302.3682465,5572.4035599,4323.79022018,1204.89660815,43.7167315652,5306.94542361,1954.36747396,3352.57794965,-857.075771532,3292.0741396,4149.14991113,-1009.03484199,16620.230444199998,4476.62823148,3708.44868306,771.61529057,34.9283363833,3953.40621059,1464.1938154500002,2487.2629753299996,-1008.24350303,2669.95378958,3678.19729261
2026q1,31720.2511164,31812.4582451,31370.1539574,24212.3703406,24300.0344695,23945.1378387,18763.6770234,172.564512285,138.76049902516028,62.421736050776304,4.3990905642036904,1.1160198938930276,18501.0890295,107.393220725,126.230801851,110.92385493575438,82.013888285293264,0.329,129.107404793,128.590038313,120.352462524,328.413319537,335.297988567,181.457680829,594.277717728,131.008450103,177.75559857800002,56.1688922022,57.3957108055,58.695185185185176,4.2732962962962968,434.115788372,212.56111538690684,4.54908177943,172.736647298,171.795199978,62.482735466,62.4084813623,164.878715949,163.980095837,159.952708208,118.565225772,106.547026465,276.45500154465704,275.275405245284,133.529526223,4.0599558908200008,3.46987271479,3.63986482134,31659.3755898,26892.745008,16194.9416774,13329.5057537,7884.77389598,73.1488823681,2106.70372267,1130.9434192000002,2192.36411328,2381.6137584500004,4164.92544216,3577.42497788,21532.2088888,5656.03567383,4383.99241421,1216.52701911,55.5162405169,5440.8686326999992,2056.33280546,3384.53582724,-908.862078927,3295.15345497,4204.0155339,-1052.3014096700002,16677.7489823,4516.74079705,3738.96759986,773.496829938,43.5790797836,4057.69024948,1565.87122972,2490.4370683400004,-1039.7577551,2666.53249173,3706.29024683
2026q2,32094.8589977,32191.4152623,31750.7659255,24331.8030083,24422.3524406,24070.9386484,18867.9828389,172.767144645,139.32590422710692,62.403750059353528,4.3959324764249296,1.0837315640673806,18615.3343177,107.551992683,127.135754375,111.2344042962126,82.398509405933856,0.329,129.99549894200002,129.510942521,121.095669074,330.708605992,337.78511957399996,182.578189563,598.295597996,131.904976325,179.314321825,55.1419387678,56.3402396699,58.711795504972464,3.76774074074074,436.505579989,211.39349137336092,4.55829615791,172.91589983,172.118242181,62.4623716955,62.3852256101,165.033881011,164.27258296100002,160.332712412,118.947050599,106.791281452,276.8321072923,275.89583991681296,133.83163561699998,4.09397005082,3.2818314964,3.38979528738,32050.4399121,27236.1649955,16386.3944891,13477.7828805,8022.7894859,72.4016323604,2133.14182562,1140.96778729,2243.08606126,2433.19217937,4181.34239055,3588.45697843,21801.8770999,5749.21231205,4445.30331779,1233.61989679,70.2890974722,5466.37033796,2049.52788632,3416.84245164,-922.600752285,3333.36370175,4255.9644540400008,-1060.4598008800002,16771.255372200002,4568.13710827,3774.13198927,778.97911339,54.5241757943,4043.64405521,1548.58926234,2493.28279667,-1050.01510121,2684.78581249,3734.8009137
2026q3,32468.2712343,32559.2625612,32126.7669889,24457.6929442,24543.6476255,24200.4446936,18979.4382169,172.953882097,139.92426420372192,62.386246952948984,4.3923719651200696,1.0629897667460364,18730.1951403,107.705389291,128.039096041,111.55128730181134,82.788848802882832,0.329,130.841897091,130.36473231000002,121.809543026,332.976257934,340.134233763,183.68407307700004,602.200574655,132.75279605700002,180.875076829,55.3789103195,56.5333194805,59.054797820510752,4.0760000000000008,439.239642341,210.84257423800836,4.56077444411,173.085695931,172.44401042499998,62.4422688579,62.3648522369,165.19164774500002,164.579228067,160.69975910100002,119.37994782900002,107.028466396,277.19315633000504,276.50832839282204,134.132601604,4.15695742266,3.2898598149799996,3.3897136445,32436.238021,27544.4355148,16575.6241133,13627.0946329,8119.15185279,71.7115029121,2159.5062549,1152.13342126,2285.88473786,2449.9159358400004,4192.36034366,3601.75778854,22048.8584015,5829.10442673,4506.68841228,1252.7568298199998,69.659184627399992,5515.45889358,2065.55770555,3449.90118803,-925.150487419,3375.08164954,4300.23213696,-1066.72280503,16851.527600599998,4612.48971718,3812.74904302,786.041863237,53.8865601865,4046.35954275,1547.8881349599998,2496.64344585,-1049.99797318,2706.29421862,3756.29219181
2026q4,32813.3248647,32891.744016899996,32489.1367162,24573.1516497,24649.3413333,24330.3745288,19080.4759324,173.132843006,140.53009299891656,62.369497290980944,4.38842541458118,0.99783552699785888,18845.5250613,107.85586541,128.940885476,111.87216332886662,83.18240074723888,0.329,131.63633265000002,131.164848895,122.506847594,335.132141488,342.35760811,184.732034753,606.55585848299992,133.533237138,182.424612542,55.6014647912,56.7206970295,59.277211256682744,4.4057407407407408,442.288265156,210.766872134635,4.55784899804,173.258626319,172.781608468,62.4224995133,62.3468513366,165.361759756,164.90648365800002,160.934371965,119.843325123,107.178516157,277.55797616279396,277.129646107129,134.435944109,4.19784447603,3.27816701653,3.38966086748,32790.634462299996,27835.1866456,16757.9736715,13773.1900688,8201.51595425,71.006382627600008,2185.18365516,1165.9377291,2330.29049677,2449.0976906,4207.40220004,3624.36015603,22281.5719996,5907.0846070199992,4567.49257934,1273.13216605,66.4598616394,5558.70378668,2078.34228192,3480.36150477,-934.035528601,3410.52583377,4344.56136237,-1083.7743727,16926.612547600002,4655.79245268,3851.71066915,793.644853276,51.3131550293,4049.81435018,1549.48015909,2498.51880305,-1055.4090931,2723.81999153,3779.22908463
2027q1,33147.237217,33215.6684444,32851.922953300004,24680.5923507,24749.0511307,24460.7088379,19173.5123688,173.309954385,141.13851062219816,62.353884155790368,4.3841154265968496,0.89892535108919696,18961.2467486,108.006137153,129.835567981,112.19464927488688,83.576741046001216,0.329,132.40964871900002,131.94642468199998,123.195900814,337.21356567199996,344.50636599900004,185.739742979,610.79429299699992,134.304868968,183.927054757,55.9614134183,57.0502919066,59.660584126012848,4.5430370370370376,445.586939629,210.93109720376232,4.55085031783,173.432620025,172.989249664,62.4031677684,62.3307645379,165.53996108499998,165.11676784599998,161.04042827500002,120.328264011,107.036500428,277.922782171121,277.53429778409704,134.73972671799998,4.22674530959,3.26407973381,3.38965354502,33131.579780599996,28153.0584112,16940.692384400002,13917.8203976,8254.99656607,70.386432787100008,2211.10951601,1175.42412455,2367.1359520300004,2430.94054069,4192.63058,3613.25896406,22497.3700933,5979.4653719,4623.8718086,1293.26785968,62.3257036232,5602.1559272000008,2089.99587069,3512.1600565,-931.754175411,3442.08301914,4373.83719455,-1089.66056137,16990.733161,4694.3301891499992,3886.98883699,800.821317769,48.0032242123,4053.57085247,1550.66909778,2501.08033606,-1052.38765148,2738.8250267,3791.21267817
2027q2,33480.689185099996,33536.008922200004,33211.7297271,24789.9553768,24848.4612857,24590.8109409,19268.7251917,173.48851869500002,141.74316044586018,62.339159604633256,4.37946917187614,0.80983273133452544,19076.6023733,108.157564735,130.72291650400002,112.5148910096609,83.96747694263944,0.329,133.168708409,132.71240858299998,123.885201383,339.250354711,346.59474112000004,186.72462408599996,615.295323531,135.05748064600002,185.411176084,56.4098954708,57.4734147886,60.12451725270188,3.5707037037037032,449.083132724,211.10980647069872,4.54119988768,173.607725692,173.199349095,62.3843179321,62.3162509069,165.723851847,165.334020449,161.11610069400002,120.82003456499998,107.011576824,278.28744698396504,277.93608661397,135.039879649,4.24841477244,3.25281935726,3.3897791469,33470.3225879,28433.1312274,17121.992569099998,14062.2436048,8332.81473136,69.791095591,2237.04473915,1181.33364544,2413.215331,2431.42992018,4188.50473719,3615.01222084,22705.0943372,6054.44715268,4677.14822788,1313.66020091,63.6387238882,5644.70147848,2100.81272846,3543.88875001,-923.553783217,3473.84524135,4397.39902457,-1093.7380546899998,17049.872007000002,4734.98030306,3919.67081669,808.171782001,48.7663750807,4058.52451467,1552.77012328,2503.94389137,-1045.06213733,2753.3582583399996,3798.42039566
2027q3,33819.4965792,33864.7357805,33571.2879476,24903.4724755,24954.3714216,24720.7004814,19368.3655427,173.669057812,142.34372428138938,62.3246476593004,4.3744956104292304,0.73934795754480032,19191.6717457,108.31050797399998,131.60003792499998,112.83317223050292,84.354681608349744,0.329,133.916289154,133.46538285900002,124.57749868700002,341.28130591999996,348.67356930799996,187.706289329,619.97085623499992,135.80233283800002,186.884110469,56.9441731033,57.9866689076,60.676144381377328,3.8137777777777776,452.737790535,210.19742927969292,4.53038665528,173.777648253,173.398357632,62.3658973762,62.3028911909,165.904848866,165.54274157699998,161.182336647,121.31495166299998,107.057677668,278.64210339885896,278.31510595602496,135.340414665,4.26543534705,3.2429606994000004,3.38995007332,33813.1119175,28713.2522425,17303.283043799998,14207.5304305,8411.6400786400016,69.283016577599992,2263.1605377699996,1189.83707795,2461.60247738,2427.75696896,4181.53257775,3610.4433586,22924.1380837,6121.60525703,4728.81260999,1333.61965199,59.1729950549,5686.7103188,2112.22562265,3574.4846961500004,-912.957080361,3504.51666998,4417.47375034,-1091.78731535,17118.259644599998,4769.82586867,3951.39816654,815.20124054,45.2781498724,4062.4831749,1554.4334345300002,2506.24888914,-1035.63502879,2765.54425256,3801.17928135
2027q4,34158.4764027,34190.4457883,33930.797242,25016.8996513,25057.9343107,24850.1525561,19468.0178667,173.850598198,142.9397011783528,62.309672341582592,4.3692001345010704,0.67101034822043552,19306.2544209,108.464918331,132.46990468499998,113.14916624000058,84.737511893063216,0.329,134.65402554399998,134.20755060600002,125.271238918,343.29811884099996,350.73318876,188.680491365,624.64348658000008,136.54160539,188.346143819,57.5415542037,58.5671706608,61.281936885825272,4.1425185185185176,456.521155075,209.28505208868708,4.51976178305,173.950371738,173.596568786,62.3478099244,62.2902379011,166.08822931399998,165.750417413,161.307111037,121.812211358,107.146913091,278.999971207634,278.68984713342,135.64018718400002,4.2792184715,3.23424912327,3.39012478607,34155.093018,29007.0092121,17484.671042400002,14352.8850221,8506.41910984,68.8131572102,2289.4584865,1198.21002199,2517.15674619,2432.78069795,4201.54944625,3635.49282716,23141.1100424,6192.53483669,4780.72487272,1353.3682767,58.44168727,5723.13543782,2118.1793670400004,3604.95607078,-898.303914227,3537.61718707,4435.9211013,-1088.07286644,17185.6058138,4807.54179031,3983.55608271,821.897305713,44.518305837,4062.1446439,1551.61110532,2508.61045516,-1023.13157052,2778.75171378,3801.88328431
2028q1,34499.4884783,34523.157245199996,34290.5723134,25131.6478058,25166.5463855,24979.4598254,19569.0735336,174.033946558,143.5321115186866,62.29448752727816,4.36360199819928,0.60925248769889696,19420.7149546,108.620900527,133.33089521899998,113.46409000575146,85.117486661324144,0.329,135.38350694300002,134.940797839,125.966381124,345.305881679,352.780664827,189.649951716,629.443176433,137.275075415,189.800916233,58.1781126984,59.1908365149,61.908813301230648,4.3207407407407408,460.410993243,208.37267489768128,4.50713989388,174.13259079,173.817301915,62.3300202111,62.2778851253,166.284191322,165.983112958,161.432646074,122.311587583,107.262891983,279.37194661594204,279.099557676939,135.94029762599998,4.29070808347,3.22654788176,3.39026034817,34498.370285700004,29352.861889,17666.310826,14500.1445308,8598.55392407,68.421526686000008,2315.95003977,1205.26653411,2578.64917461,2430.26664888,4196.0235715299992,3629.66252876,23365.478966,6260.39837491,4829.53678921,1372.85400594,58.0075797703,5757.36810008,2122.06662228,3635.3014778,-883.75696264,3573.19195627,4456.9489189100008,-1081.0651483,17258.7337214,4842.7600738,4013.30744677,828.196252958,43.9970397639,4059.55266334,1546.53286962,2510.89827864,-1010.40265211,2794.22466831,3804.62732042
2028q2,34836.648193300004,34851.325590300004,34652.329964899996,25242.6088981,25270.9306849,25109.0520493,19666.3047321,174.22017699700002,144.12252634625878,62.279309025880648,4.3577544546865,0.53190717251201392,19535.5502155,108.77818623799998,134.181718569,113.78146916314694,85.496987151746016,0.329,136.106277745,135.666753852,126.663525451,347.303238023,354.814604847,190.610833345,634.267311826,138.007320614,191.251435589,58.8334816191,59.8370745104,62.546658533428408,3.3469259259259264,464.390676774,207.46029770667548,4.4901046214200008,174.31610819599998,174.036660081,62.312494815,62.2654666247,166.489132566,166.222231964,161.55891987000002,122.813018796,107.39532788,279.745031414847,279.507517594546,136.237289852,4.30043072549,3.21969758382,3.39032212859,34837.2429521,29654.5212103,17849.0801,14648.5967982,8696.5796210699984,68.0703354444,2342.73897923,1212.67146316,2640.80231458,2432.29652866,4193.2398002,3626.92144068,23584.0320285,6325.86720599,4874.33947853,1391.3709179,60.1568095604,5796.17410956,2130.24895874,3665.92515083,-869.425150755,3609.38028494,4478.80543569,-1075.93193083,17327.6592522,4876.0917326,4039.85454893,833.789716153,45.3586089028,4059.088128,1543.46983354,2513.35103157,-997.681837364,2809.84228028,3807.52411764
2028q3,35168.5257201,35175.7806127,35013.155523200004,25350.6835156,25373.6266322,25238.6873312,19760.7018453,174.407529163,144.71099643646752,62.263403759723616,4.3516746274247696,0.44374805603124568,19650.5121904,108.934344839,135.02138832199998,114.10189107641178,85.876834057104256,0.329,136.82348697199998,136.386835109,127.362483325,349.29162169899996,356.837002274,191.567459912,639.09881993399992,138.728116338,192.70018546,59.5037845419,60.5014874927,63.187923507229656,3.6178148148148152,468.447696354,206.54792051566968,4.46967707992,174.497184623,174.24761362,62.2951343945,62.2527555181,166.697723957,166.459307972,161.68589250900002,123.316514574,107.535752616,280.113665889463,279.90345514835296,136.530378923,4.30873295859,3.21356959945,3.39028983567,35170.418478599996,29946.5631259,18031.4736025,14797.1478869,8784.03175683,67.783760326000008,2369.61494325,1220.29135953,2700.04334738,2426.29834634,4180.26681792,3612.13401256,23802.733689,6387.4261681300008,4917.25212359,1408.72982598,61.4442185642,5835.20612507,2138.44683159,3696.75929349,-856.840262052,3645.9174058,4502.75766786,-1071.98971591,17396.6723227,4906.48245118,4065.14326934,838.527086037,46.0894121576,4059.72900434,1541.40409425,2515.93797387,-986.484420842,2825.60716436,3812.09158521
2028q4,35502.792397899996,35499.6524921,35373.474340599996,25460.3637903,25475.8491489,25367.6250348,19856.9869286,174.593898625,145.29502596929594,62.246038651140592,4.3453701752742904,0.36557917965429624,19765.0312596,109.086896839,135.851834986,114.4240542972312,86.256512367588864,0.329,137.536246723,137.10227411599998,128.06359937600002,351.280122495,358.859490509,192.523960216,643.98079828099992,139.443382233,194.14923004,60.1799131817,61.1746261748,63.813806078916552,3.9614814814814816,472.572705903,205.63554332466384,4.44687487359,174.67919138299998,174.45738972999998,62.2777772024,62.2396353278,166.911426312,166.699487901,161.813541529,123.822088392,107.678166894,280.483985186396,280.29950498853204,136.819753886,4.31586641735,3.20806542685,3.39015912082,35505.671944,30227.1997913,18213.7105251,14936.6649576,8880.36849195,67.531845015299992,2396.5928113199996,1228.53374223,2758.4853819,2429.22471147,4199.65960517,3632.48216326,24019.9074724,6448.28292227,4960.57996791,1424.95825759,62.7446967739,5876.64068363,2148.90835948,3727.73232415,-842.038680367,3683.12450609,4525.1631864499992,-1068.89687864,17464.419776399998,4936.1777679999992,4090.84773507,842.431561701,46.8151439331,4062.22653738,1541.14507219,2518.63052169,-973.392782974,2841.6535229299996,3815.04630591
2029q1,35840.448913599996,35830.875168500004,35732.937297800004,25572.1922582,25583.1239918,25495.4826244,19955.7554689,174.775746476,145.87540398748066,62.226012822005704,4.3388676640812296,0.30087539400640572,19878.7549559,109.23305571399998,136.670694255,114.74736355776696,86.636734329670352,0.329,138.24571288300002,137.814139906,128.76702284799998,353.26931906199996,360.882763766,193.48023644,648.888025534,140.15399443200002,195.600298518,60.8542025964,61.8484959947,64.420372294196992,4.1762962962962968,476.758737944,204.72316613365804,4.42272871642,174.871694593,174.68123547600002,62.2601570327,62.225888747,167.13759393999998,166.95555831300002,161.94184485599998,124.329736329,107.817646264,280.87255626662604,280.72115801589804,137.10573216700002,4.32197227481,3.2031102723,3.3899384495099996,35844.082109299996,30556.5659596,18395.6078966,15085.4521321,8953.79931556,67.329605506899992,2423.63434444,1234.35226633,2815.92412858,2412.5589707,4199.7208859,3629.4739764,24247.1088881,6502.78685169,4998.69189126,1440.99486028,63.1001001534,5918.1234969999992,2158.82130412,3759.30219289,-827.570323149,3721.29846087,4548.86878402,-1060.2363309100002,17539.1398275,4960.78301352,4112.22122895,846.110247974,46.8169909944,4065.02976857,1540.80200716,2521.69851347,-960.633744658,2858.36847748,3819.00222214
2029q2,36177.8825866,36159.8750679,36092.4938226,25682.9860021,25687.9861663,25622.3677936,20053.7433028,174.955440058,146.45082076388052,62.204052377323792,4.3322425547427,0.23658316432075832,19991.770281,109.374574641,137.479777114,115.07178098746112,87.016548310236432,0.329,138.953647921,138.523361483,129.472879522,355.262000824,362.910277764,194.43728471999996,653.84084532299992,140.863225887,197.054847252,61.5150977932,62.5113231761,65.002521571876328,3.2522962962962968,481.00061347,203.81078894265224,4.3982669017099992,175.063464587,174.90267929,62.2421073533,62.2113194914,167.363706167,167.209992636,162.070773941,124.839464989,107.954605709,281.262110220244,281.142854257777,137.386181977,4.3271800819,3.19864868785,3.38964568203,36182.0943828,30855.7418477,18577.6515643,15233.9225978,9047.28160947,67.1569348168,2450.7884617200004,1240.37009726,2868.63779119,2420.32832448,4208.45119034,3637.02649405,24479.273396,6555.43094004,5035.92238318,1455.91167115,63.5968857026,5958.34818203,2168.26903113,3790.0791509,-815.169931443,3759.51923207,4574.68916351,-1058.46342905,17616.862718100002,4983.79666908,4132.78852153,849.027161052,46.9587942883,4066.90464535,1540.1239784899998,2524.171549,-949.635510395,2874.9450906799996,3824.58060107
2029q3,36519.0725608,36493.8284279,36455.4098114,25795.3603733,25795.3337192,25750.3919924,20153.5676133,175.139261729,147.02809488968048,62.18231471412444,4.32551507257566,0.17463183051067422,20106.1125695,109.516486116,138.27982853400002,115.4049589602967,87.400835707415728,0.329,139.66027065,139.230748055,130.18131116500002,357.26044374599996,364.944795031,195.395954903,658.85024015799992,141.572251879,198.514109245,62.1482616143,63.1486110047,65.561151328400872,3.569296296296296,485.29449352,203.05173735800788,4.37451530182,175.25362186199998,175.119805999,62.22369314,62.1960042474,167.587125356,167.459163289,162.200302247,125.35128396799998,108.093261867,281.650948405429,281.56118406296296,137.661459936,4.33162645141,3.1946410093,3.3893058251,36523.7321533,31148.7074666,18761.5190242,15383.4330238,9133.85575835,67.027771435899992,2478.2612296000004,1245.9448626599998,2917.25332999,2425.36856466,4215.68434163,3641.74642399,24716.8871126,6608.57252955,5073.0122592,1470.4270909899998,65.133179361299992,5998.2130480100008,2177.34918176,3820.86386625,-804.600129354,3797.08552417,4601.6856535200008,-1056.82716022,17697.8656834,5007.11587811,4153.21594223,851.650883575,47.8706885085,4068.31104645,1539.06217131,2526.54423154,-940.265626205,2891.05024733,3831.31587353
2029q4,36865.4587709,36830.2949824,36823.5047123,25910.2044864,25903.3128325,25880.7178538,20256.0776354,175.333096754,147.60885613120596,62.16295722943728,4.31868788792528,0.1139328235274295,20222.8685451,109.664012826,139.07481929100002,115.74913312136156,87.790111707940448,0.329,140.366157219,139.937004294,130.89240870200002,359.265079201,366.986701075,196.356309204,663.90719970200008,142.281620318,199.97913499,62.7451976414,63.7515768986,66.10407648789432,3.9340740740740736,489.637564402,202.19107671361264,4.35250080887,175.44258022899998,175.334982276,62.2051884296,62.1802685722,167.80644050500002,167.703525754,162.330404861,125.865199848,108.238320613,282.038499774907,281.978489804316,137.938056998,4.33544031149,3.19105986868,3.38894875472,36870.4684674,31450.6786614,18948.1416266,15532.1730157,9228.68035576,66.9294840532,2506.16072514,1251.14629779,2962.71774522,2441.72610355,4260.45659315,3686.57868816,24958.4950013,6664.85316069,5112.71722187,1484.72210282,67.4138360029,6035.92467753,2184.15855266,3851.76612487,-793.814068668,3835.53847094,4629.3525395999992,-1057.98067318,17780.991868599998,5032.71118829,4175.79776989,854.102315919,49.2623428911,4067.98698637,1536.2596642399998,2528.8548289,-930.814779812,2907.41550427,3838.23028409
2030q1,37214.6359716,37174.1750936,37193.9548245,26026.0302042,26015.5758639,26011.5668581,20359.7593436,175.539071393,148.18106676584176,62.146943099544512,4.31178425098474,0.055603517384805736,20340.2100246,109.819548664,139.86432423599998,116.09093382555872,88.174449072199984,0.329,141.07183062799998,140.64274451900002,131.60627426600002,361.279873375,369.040874677,197.320916685,669.014984337,142.990059105,201.450849868,63.3041694598,64.318088516299992,66.62725106503804,4.168592592592592,494.027789954,201.2549884830372,4.31177089203,175.648723814,175.566527952,62.1869360988,62.1645083755,168.075153268,167.996501503,162.461057147,126.381220266,108.391851989,282.452770361525,282.422450590501,138.21033602399998,4.33876520936,3.18790009562,3.38862125301,37219.9224343,31796.8884875,19136.0614678,15684.1009846,9307.188821,66.870601681599992,2534.27814637,1255.8434769,3005.48932867,2444.70726737,4277.83401196,3699.31199277,25212.4564974,6719.15334385,5152.0800066600008,1498.34811061,68.7252265834,6072.72933062,2190.20310032,3882.5262303,-789.703200263,3874.83560903,4664.5388093,-1058.8971122800002,17872.0701257,5056.70649639,4198.09830176,856.108589232,49.9566320388,4067.0357266,1533.0340680899998,2530.94385664,-926.911285302,2924.05320527,3850.96449057
2030q2,37564.807118,37518.0161862,37564.9798122,26141.3283042,26126.6249419,26141.448482,20463.247582,175.752917672,148.73976960534244,62.132992422561104,4.30488654589538,-0.00045972127398208328,20457.0045254,109.971260135,140.64886442099998,116.43238342764878,88.558411127983504,0.329,141.777706169,141.34850535800002,132.322998826,363.304999512,371.10735011,198.288160857,674.167678655,143.698922568,202.930025255,63.834850108,64.8572613365,67.12939215019324,3.223777777777778,498.463695602,200.26769041118688,4.30487005367,175.85559466999998,175.79784792,62.1691168073,62.1489318599,168.285239838,168.22997901,162.59223333400002,126.899352846,108.542025561,282.86648371667,282.865437360304,138.47342116300002,4.34174526025,3.18514544911,3.38835185396,37570.315214,32108.2208352,19324.3573581,15836.282347,9402.02555171,66.832621715399992,2562.47462226,1260.81582531,3047.61223235,2464.29025008,4305.08858745,3722.87430126,25465.1354847,6774.6149462,5192.80991422,1511.78870057,70.0163314119,6110.03536826,2196.3715883199996,3913.66377995,-784.978681204,3917.02994614,4702.00862735,-1062.66611018,17961.3115297,5081.38841727,4221.42660728,857.932823146,50.6397399691,4066.21378809,1529.81550805,2533.1461523,-922.529198502,2942.43333287,3864.96253137
2030q3,37917.7899365,37865.4398053,37938.3531903,26257.0976477,26238.7202605,26271.3371739,20567.4877139,175.970053347,149.29436386596334,62.119897978265888,4.2982624005787,-0.054201756483662768,20574.0771945,110.12455451400002,141.42964489600002,116.77421289036356,88.941239340180736,0.329,142.484255373,142.054754981,133.04263193100002,365.340639111,373.18617108,199.258983693,679.359006487,144.40967712899998,204.41732283,64.3374072365,65.369010281,67.608718625582072,3.4919259259259264,502.944238018,199.64274781281932,4.29824259554,176.06301363,176.011916472,62.1517726167,62.1336059927,168.495398183,168.446497305,162.72390751699998,127.41960505300002,108.694052713,283.279150726169,283.27973833129896,138.727451102,4.34439877226,3.18277864319,3.38816341894,37923.4786339,32414.6270425,19513.9367242,15989.4660642,9490.78357929,66.823555474900008,2590.8526909,1266.18587557,3089.22332022,2477.69813713,4325.85182145,3738.99089794,25720.4905641,6832.017356,5235.96597128,1524.22368183,71.8277028927,6148.16425092,2203.07079039,3945.09346052,-782.882234475,3958.37881577,4741.26105025,-1068.2490663399998,18051.4615434,5107.24633011,4246.56602697,859.09938516,51.6827680907,4065.75906629,1526.92682279,2535.3930851199996,-920.308684542,2960.35092033,3880.65960487
2030q4,38272.7679936,38211.4443252,38313.1703528,26373.0119327,26348.6395927,26400.8524041,20672.1172597,176.18537300099998,149.84701598327436,62.10645254643768,4.29184592443572,-0.10545292619292824,20691.055466,110.276685655,142.20951131799998,117.11592375927886,89.323537929239344,0.329,143.191803257,142.761900911,133.765251834,367.38697511,375.277387367,200.234254452,684.588425887,145.12095960599998,205.91330292299996,64.8096935989,65.8510220778,68.068878765602832,3.8652592592592592,507.468720096,199.00497612471596,4.29359232096,176.26909966900002,176.22315162000002,62.1348209829,62.1184707989,168.700823141,168.656847914,162.856053256,127.941984223,108.84513351,283.688110596537,283.688811642119,138.97244606999998,4.34679779851,3.18077412873,3.38806590253,38278.6065214,32730.5118251,19704.3296327,16138.6415573,9596.76112575,66.8334263039,2619.33158722,1271.97704678,3132.85173442,2505.76733103,4387.5498307199992,3799.31857124,25973.0175879,6893.59402176,5283.96608305,1536.17347686,73.4544618516,6186.74910776,2209.70915062,3977.03995714,-780.592723899,3999.43286917,4780.0255930699992,-1077.49923438,18138.6203659,5135.92086358,4275.44090373,859.924953985,52.5796354239,4065.71552537,1524.26922799,2537.81984233,-917.942045708,2977.86041868,3895.80246439
2031q1,38631.190838,38565.8044765,38690.7639504,26489.6693957,26462.7303016,26530.5190826,20777.7796836,176.396415904,150.40282392720874,62.092369205946048,4.2856653067400104,-0.15397243745144396,20808.5376026,110.425732606,142.986092313,117.4615018676996,89.709460887667696,0.329,143.90068095499998,143.47029953499998,134.49092927199998,369.444190476,377.381056132,201.21447186100004,689.854211441,145.834930066,207.418410572,65.2571211699,66.308417867,68.517758859076592,4.0502962962962968,512.036695269,198.37451203127724,4.28564112141,176.471257011,176.429467779,62.1181588015,62.1034434037,168.908332253,168.868333957,162.988642515,128.466497543,108.993286111,284.089645307396,284.08967057059,139.211493544,4.34894739468,3.1790784339,3.3880359537500004,38637.1564301,33106.646768600004,19896.2168228,16293.6011692,9693.46442302,66.8642469544,2647.9830706900004,1278.26727403,3178.8992231399996,2521.4506082,4414.54037712,3819.97134087,26230.7253437,6950.6668184399992,5330.1661528000008,1546.18926355,74.3114020968,6226.08655045,2216.83940603,4009.24714442,-776.287874574,4041.06069169,4817.34856626,-1077.96264684,18228.3538685,5160.96018165,4302.63836327,859.630939147,52.9397023467,4065.97917496,1521.92986947,2540.24472435,-914.086756479,2995.63441319,3909.72116967
2031q2,38992.2604333,38921.4049258,39070.1995836,26606.5387675,26576.0966786,26659.7208862,20883.938874,176.60467146,150.9570537732819,62.078280139488352,4.2797294630505904,-0.19948490431319632,20925.8821644,110.572422989,143.76067630700002,117.80745481062406,90.09567125921688,0.329,144.61118348399998,144.18025977100002,135.219738565,371.512455261,379.497228576,202.198486172,695.157230092,146.551420213,208.93304123599996,65.6882188566,66.7494424887,68.960209400291208,3.1192962962962964,516.647883801,197.7670366493386,4.27970415275,176.672220842,176.633830248,62.1017567831,62.0885126855,169.11117247000002,169.074424879,163.12164792300002,128.993155379,109.139171923,284.488281802715,284.487133944597,139.441017152,4.35102303875,3.17632026771,3.38806596149,38998.3360393,33437.2457161,20089.1142175,16448.992019599998,9800.1298551799984,66.910362778000008,2676.72154676,1285.03592001,3225.29589569,2546.1661299399996,4449.95629282,3850.51997906,26480.7315186,7004.99287448,5376.2974055799992,1553.04657012,75.6488987846,6266.59114106,2224.45954162,4042.13159944,-760.055100912,4082.85316959,4842.90827051,-1069.84949162,18311.6760963,5183.78269077,4329.60223816,857.594908302,53.6249900326,4066.81324399,1519.90355099,2542.92882246,-900.736014828,3013.36011614,3914.09613097
2031q3,39355.0632273,39279.6286478,39450.4238636,26722.8834074,26689.5763354,26787.6352069,20989.9490125,176.810275227,151.50496865924998,62.064356782584984,4.2740413609430504,-0.24172271646927256,21042.4426891,110.711565853,144.535685557,118.15353971948494,90.48365519313664,0.329,145.32355999499998,144.892047577,135.951767638,373.591913576,381.62593291,203.18726328199996,700.49959499299992,147.271020973,210.45752583400004,66.114476855899992,67.1853216881,69.40163104477928,3.401925925925926,521.302198747,197.3465776204858,4.27401539033,176.871730405,176.83807798999998,62.0856054457,62.0736855028,169.312205426,169.27999132100002,163.255039275,129.521965039,109.277592793,284.88363628762896,284.884128528367,139.66317663500002,4.35298840108,3.16892924825,3.38228492402,39361.2360288,33763.6213375,20282.4779369,16604.369530299998,9900.73255982,66.9706429176,2705.45447997,1292.2420477600002,3270.56223067,2565.5031585,4479.55390771,3874.41550663,26731.3860766,7060.49050911,5425.13952798,1558.67903983,76.6719413078,6307.92520888,2232.57226464,4075.35294424,-744.738567224,4123.63902761,4868.37759484,-1061.68863455,18394.3925386,5207.32831993,4358.55325174,854.935415701,54.0935500043,4067.98317165,1518.18673158,2545.64847137,-888.407910068,3030.47750723,3918.8854173
2031q4,39720.5594759,39635.3896951,39832.2711476,26839.6096822,26799.976757,26915.0944615,21096.6752893,177.012807797,152.051678047876,62.050770570756408,4.2685456176753696,-0.28045518996032692,21158.9212678,110.848408021,145.31856433000002,118.49933931379868,90.872199224370272,0.329,146.038014779,145.60589383499998,136.68707558099998,375.682697917,383.767193572,204.18071048700004,705.882361083,147.992314144,211.992147015,66.5429557314,67.6230189194,69.845311923223544,3.7784444444444448,525.999625217,196.94734929549136,4.26851942565,177.068577006,177.03814002499998,62.0697133404,62.0589851121,169.5103704,169.481232627,163.388787501,130.052936886,109.413683107,285.27371479073996,285.27398523347396,139.876810412,4.3549724339000008,3.16161572092,3.37552158014,39726.820083,34100.7717546,20476.7345046,16755.0526738,10020.080614,67.043659454700008,2734.21695012,1299.89552895,3315.50561949,2603.41885602,4558.30900198,3952.6183266,26981.0484876,7121.5965952,5479.67187097,1563.80583676,78.1188874774,6349.38756944,2240.45730706,4108.93026238,-731.47317634,4164.1671029,4895.64027924,-1060.94213779,18475.3596715,5234.92454203,4391.90758462,852.078710434,54.849575238,4069.24925987,1516.5105347000002,2548.4192993800004,-878.058759713,3047.38760293,3925.44636265
2032q1,40088.9461144,40001.3722067,40215.8329243,26956.84481,26915.8804821,27042.1667846,21204.2723867,177.21010107999998,152.59946594349068,62.037128128524936,4.26319846895158,-0.31551456390169764,21275.4356802,110.981724863,146.10642202599998,118.84441087601006,91.26283769660576,0.329,146.754730067,146.321998837,137.425718365,377.784930122,385.921032192,205.178892238,711.306592715,148.71527583099998,213.53714836900004,66.9738218378,68.0627742267,70.291407135383112,3.9849259259259264,530.740180967,196.56733387420608,4.26317263624,177.258151854,177.230725669,62.0540488651,62.0443931645,169.701330829,169.67507386899998,163.522862605,130.58608031700002,109.546183468,285.651226787223,285.65147732076504,140.08515649700002,4.35688422271,3.15535357251,3.36947994982,40095.2876279,34497.2626151,20671.929081,16911.0822228,10126.0242324,67.1299299746,2762.99236437,1306.13266057,3361.84751,2627.9217675,4593.06689832,3979.50405219,27238.1234973,7180.89938308,5532.43748375,1568.7329590700002,79.7289402574,6395.58579089,2253.04034912,4142.54544177,-725.662556778,4205.42424187,4931.08679864,-1058.07858151,18560.3036337,5261.11058676,4423.66889524,849.203426177,55.7134648361,4073.55903242,1518.19719026,2551.0493789400004,-874.031348516,3064.7992641,3938.83061262
2032q2,40460.5207966,40369.0477288,40601.3313892,27074.4799795,27031.1961096,27168.7045099,21313.1919337,177.40257272599998,153.14718435263242,62.023484387485168,4.25801026226064,-0.34681274687081708,21391.8044298,111.111883025,146.899442685,119.18829167635138,91.654520175047216,0.329,147.473876403,147.040536084,138.16774772,379.898719315,388.087464727,206.18192194499996,716.77258406,149.44154357599998,215.092742909,67.4073803104,68.504951519299992,70.740267470402688,2.9835555555555556,535.524075647,196.20456672175364,4.25798522586,177.445236855,177.419972296,62.0385891213,62.0298986977,169.88964488600002,169.865456088,163.657234345,131.12141546200002,109.675421373,286.023972125665,286.02331459619596,140.286619965,4.35872675768,3.1498353717,3.36414266745,40466.9382079,34840.2562245,20868.175418,17067.955396599998,10236.8154672,67.226326240800008,2791.77260244,1314.76318453,3407.4151594199996,2655.63819461,4634.11008474,4014.24149585,27500.2391476,7239.49855956,5585.97122612,1572.27326734,81.2540661035,6434.21411342,2257.95535061,4176.25876281,-713.431024044,4246.60617647,4960.03720051,-1052.65727402,18647.5325789,5286.72092379,4455.91528007,845.65559961,56.5113426123,4072.76719868,1514.5852305,2553.5895113800004,-865.13351357,3082.07216781,3947.20568138
2032q3,40836.0797821,40741.6238437,40989.5244323,27192.7351556,27147.7658371,27294.9139092,21422.9325823,177.592641552,153.69394627315072,62.010683243765896,4.2529316147193104,-0.37435089167129344,21508.230925,111.240555442,147.698024982,119.5308937857533,92.046762580624896,0.329,148.195590912,147.76165953200002,138.913215076,382.024180672,390.266524725,207.189820657,722.2799716,150.17275587900002,216.659119368,67.843955988100008,68.9499247823,71.19225725481648,3.260444444444444,540.393278045,195.87014055805276,4.25290784895,177.629403674,177.607262387,62.0233977029,62.0155760446,170.07498882300002,170.053789185,163.791873136,131.658940325,109.803016921,286.390959303908,286.39137731976596,140.48120909,4.36052242767,3.14499179878,3.35946391628,40842.5695916,35178.078592600004,21065.8601399,17225.9762773,10341.1810879,67.334613988399992,2820.58523863,1323.80097735,3450.5913671,2678.86889084,4670.61216409,4043.60569694,27758.4271767,7300.21515442,5642.34112341,1575.33308089,82.5409501259,6477.78786279,2267.40943019,4210.3784326000008,-700.35041186,4287.61897271,4987.96938457,-1045.44565364,18730.9399732,5313.76392875,4490.26155097,841.906986035,57.1469528856,4074.55941691,1513.59623636,2556.22708235,-855.758386915,3099.17901589,3954.9374028
2032q4,41216.1878489,41115.66112,41380.9746721,27311.8609551,27263.1753725,27421.0567599,21533.7595998,177.781975308,154.23980250187984,61.99956859349596,4.24789489624584,-0.39821880592029176,21624.9331794,111.368911367,148.502524193,119.87249721548156,92.439540092080896,0.329,148.92002237899998,148.485504496,139.66217012799998,384.161424705,392.458248945,208.20259084,727.828449151,150.90948184299998,218.236447911,68.283656711099992,69.397847592900008,71.647492123394784,3.5928888888888884,545.268990758,195.54917112428684,4.24787230866,177.811211738,177.790791318,62.008616186,62.0015764272,170.258018513,170.23846552699998,163.92674908199998,132.19866656099998,109.930101118,286.752426799749,286.752049808011,140.668688721,4.3622871095300008,3.14076163098,3.3553848769,41222.7476835,35519.7248264,21265.2708831,17379.967483600002,10458.29637,67.453027524700008,2849.44408457,1333.23491214,3490.18212381,2717.98222191,4742.45517038,4111.43085129,28018.0146184,7362.73480476,5699.71858876,1578.61937292,84.3968430853,6522.89958561,2278.16596402,4244.7336215900008,-687.461159845,4328.78287706,5016.2440369100008,-1041.64952915,18814.13538,5341.83938978,4525.19646377,838.255343908,58.1552862277,4076.77001045,1513.07260058,2558.841813,-846.702759459,3116.32347978,3963.02623924
2033q1,41600.2266408,41498.2407432,41775.0928731,27431.8516598,27382.5300904,27547.161237,21645.6952271,177.969946061,154.7854671347604,61.99024936471152,4.2428541861410304,-0.41858969135855072,21741.9468694,111.496503728,149.31060412899998,120.21353765399694,92.83337877258016,0.329,149.64728735099998,149.212190509,140.414660414,386.310557766,394.662677102,209.220245269,733.417743568,151.649356947,219.824884351,68.726393825900008,69.848673141000008,72.105828007211744,3.7972222222222224,550.184924892,195.23987745543696,4.2428327142000008,177.98220393,177.96422380000002,61.9943827434,61.9880466808,170.430716756,170.41349949299998,164.061832576,132.74060451400002,110.05622354,287.094081840632,287.094421149029,140.855457642,4.36407501855,3.13707437476,3.35184283174,41606.8548058,35929.3428793,21466.1034266,17540.4706907,10567.7846068,67.5817534454,2878.54426437,1343.01919715,3530.48168935,2748.15770246,4782.33248687,4142.70861659,28288.7160092,7424.43361606,5754.91349583,1584.06260907,85.4575111589,6568.57311166,2289.63631083,4278.93680083,-681.49609609799992,4369.04524531,5050.54134141,-1037.85053442,18903.5942515,5369.10864096,4558.19516188,835.781628138,58.6091375703,4079.15176329,1512.98218879,2561.22594527,-843.199690888,3132.74343295,3975.94312383
2033q2,41987.9356937,41882.9499357,42171.6802746,27552.5750365,27501.6124316,27673.1486315,21758.6104055,178.15595519799998,155.3310334237464,61.982314183121064,4.2378244178961696,-0.43570609403931208,21859.2030018,111.622684067,150.121183991,120.5547355754577,93.228530409511424,0.329,150.377458055,149.941823709,141.17073139300002,388.471682186,396.87985143,210.2430031,739.04785726,152.392056416,221.424573427,69.171851651,70.3021243334,72.566941545319728,2.9106666666666664,555.144751626,194.940544269436,4.23780398536,178.15154769700002,178.13511662600002,61.9807806858,61.9750779437,170.601834309,170.586099555,164.197094657,133.284764789,110.180737473,287.430306177996,287.430242182219,141.040458353,4.36591562012,3.13386434391,3.348776536,41994.6310349,36278.979603,21668.2540242,17702.109998799998,10677.8471716,67.7185780578,2907.86523634,1353.1231332100002,3568.84661158,2780.29361242,4829.71654943,4182.93155465,28577.9315304,7484.67611093,5809.3803995300008,1588.8512116700002,86.4444997317,6614.12694575,2301.39133188,4312.73561388,-688.79889334100008,4408.04031146,5096.8392048,-1051.23603923,19004.1326008,5395.20035195,4590.48316016,832.989524318,59.011945074,4081.27275414,1513.03792986,2563.22457608,-850.11881634,3148.16073736,3998.2795537
2033q3,42379.3710283,42272.5981324,42570.8817162,27674.0572755,27622.2628391,27799.1152368,21872.5493453,178.34057617,155.87655840194768,61.975826491361784,4.2327705864460504,-0.44986309900414408,21976.7853063,111.748036576,150.93420318099998,120.89642477000776,93.624872789220384,0.329,151.110640746,150.674498076,141.93042812500002,390.644895569,399.109814974,211.270893278,744.719129717,153.137541801,223.035650381,69.6198436106,70.758043042,73.030642439172688,3.2042222222222224,560.149140501,194.4756245934144,4.23275114443,178.31839608300002,178.303715511,61.9678913212,61.962758568,170.770622132,170.75656295300002,164.33250615399998,133.831157394,110.304206983,287.75934162215704,287.75948591112804,141.223889802,4.36781319109,3.13107192775,3.34612876812,42386.1328365,36629.2689863,21871.7962016,17864.946038099998,10788.3552672,67.864096165999992,2937.41011319,1363.52925241,3611.5984068,2807.95339858,4873.02110687,4217.88868596,28860.98133,7545.5117074,5863.94548868,1593.88580468,87.6804140445,6659.6016362,2312.56204472,4347.03959148,-686.72364526599992,4448.09912644,5134.82277171,-1053.93349904,19099.2382717,5421.56694076,4622.69102012,830.340274906,59.5878642793,4083.11255015,1512.6572887100002,2565.34553522,-849.67545623,3164.00197149,4013.67742772
2033q4,42774.1977385,42662.3296672,42972.4680885,27796.1775921,27741.407784,27925.0206365,21987.4053963,178.52363929200002,156.42197720843446,61.97084973207096,4.2276458628732696,-0.46138925402114952,22094.65667,111.872389248,151.75331450800002,121.23854567128984,94.022397337620128,0.329,151.846905674,151.410297115,142.693794881,392.830291932,401.352612474,212.303962148,750.432049806,153.88517934499998,224.658242283,70.0704237807,71.216501706299992,73.496965822922896,3.563,565.19848492100008,194.018267482124,4.22762737533,178.48389094199998,178.47032037599998,61.9557941717,61.9511744165,170.93825710799998,170.92526025500002,164.468038119,134.37979262599998,110.42645932,288.082645583979,288.082222907541,141.40571709,4.36976327082,3.12864372156,3.34384741904,42781.0255779,36981.5631784,22076.6112442,18024.6608313,10911.8220919,68.0168452577,2967.17127216,1374.2101484299998,3656.87296595,2845.55086007,4943.79648427,4283.56542002,29143.3996454,7609.95075729,5921.29633543,1599.17074445,89.4836774144,6704.47396518,2322.8198103200004,4381.65415486,-683.626629449,4489.37510061,5173.00173006,-1058.96898091,19192.620038,5450.34397375,4656.92147658,827.833387712,60.5362465566,4084.49283864,1511.78557965,2567.46533374,-848.496096883,3180.53388149,4029.02997837
2034q1,43170.1758099,43057.8926389,43377.0072296,27917.2529793,27862.5653725,28051.0065478,22101.4542241,178.70538123399998,156.96788957389882,61.967648192985568,4.22242958769924,-0.47682270606610456,22212.9600993,111.99582914,152.57633438,121.58085981060634,94.421645252271504,0.329,152.586359762,152.14929518599998,143.46087426600002,395.027961665,403.60828977,213.342170413,756.187183194,154.63618803,226.292469229,70.523691556900008,71.6776142026,73.966037412860576,3.8202222222222224,570.2931725,193.56694861894984,4.22241201168,178.639624902,178.627780858,61.9445871864,61.9404291379,171.096723922,171.085379983,164.60366203199998,134.930680521,110.547604385,288.38617386225796,288.386411499899,141.585805887,4.37172245592,3.12653259006,3.3418852539,43177.069132,37408.7350223,22282.9896732,18189.8492892,11033.6282667,68.176986630299992,2996.95221222,1385.16560376,3704.80085981,2878.53260423,4987.10428171,4317.05941236,29427.2869795,7675.62672005,5977.04220237,1607.9011261,90.6833915895,6749.41214583,2332.89537256,4416.51677328,-682.15003541299992,4530.95454024,5213.10457566,-1058.56060246,19285.6602814,5479.76065028,4689.70229905,827.093734081,61.0738255951,4085.67175757,1510.75400962,2569.53275473,-848.563931272,3197.1329291799996,4045.69686045
2034q2,43571.4794456,43457.3485595,43784.3075584,28039.9556248,27984.42846,28176.9188612,22217.4236988,178.88650965900002,157.51282148056816,61.966105581465648,4.2171656282511904,-0.48608308479249904,22331.5162192,112.118686463,153.404705912,121.9227272685985,94.821579679611424,0.329,153.32902095900002,152.891559021,144.23170997600002,397.237993095,405.87689535999992,214.385717391,761.985059906,155.390686165,227.93844554799996,70.9798716912,72.1416151812,74.438080929719904,3.0035555555555556,575.433611927,193.1202203743444,4.21714892422,178.794316637,178.783564522,61.9343469145,61.9306044079,171.254294036,171.243995354,164.739349517,135.48383131099998,110.667981942,288.683623133702,288.683706919345,141.763696216,4.37368055483,3.12469678179,3.3402001924500004,43578.4385518,37773.5837966,22490.831997,18356.4205334,11158.7655207,68.3436978024,3027.08237758,1396.3728743,3752.77155625,2914.19501475,5040.0818626500008,4361.63689504,29713.7123443,7743.62537093,6033.8417229999992,1617.75458649,92.0290614389,6794.71144173,2343.21913527,4451.49230646,-680.569711372,4572.67822762,5253.24793899,-1061.8333864000002,19379.0530706,5510.57097488,4723.13001299,826.887860212,61.6956967671,4086.82496198,1509.8439429099998,2571.46351637,-848.527703306,3213.68768119,4062.21538449
2034q3,43977.4380163,43861.8433443,44194.7167553,28163.6673191,28107.5564198,28302.8151731,22334.6778799,179.066450842,158.0576095634637,61.96571446958288,4.21185001241668,-0.4916396236521736,22450.3076864,112.240565868,154.237939972,122.26397210955708,95.222466434749104,0.329,154.074963742,153.637148554,145.006340535,399.460472366,408.15847969199992,215.434643081,767.826104557,156.14954372900002,229.596280846,71.4251698552,72.594984368,74.899438656193408,3.2768888888888892,580.620226355,192.84860475778188,4.21183416121,178.94735855600002,178.937651832,61.9250916007,61.9217230822,171.41039257700002,171.401094685,164.875072628,136.03925478100002,110.787209762,288.973910138921,288.973954413662,141.93919888299998,4.37561128159,3.12309952796,3.33875490655,43984.4632387,38130.422427,22700.3160663,18524.4530447,11275.9090912,68.516766563800008,3057.50691873,1407.82786292,3797.05862623,2944.9989168,5087.98298864,4400.70419796,30002.6546376,7813.24526897,6090.84927901,1629.05658316,93.3394068067,6840.246453,2353.79145598,4486.4549970300008,-678.708343311,4613.38190494,5292.09024825,-1064.38173298,19472.7643668,5542.24795602,4756.53136493,827.358098785,62.2951891157,4087.84985804,1509.0594491,2573.15592942,-848.323622431,3229.63844575,4077.96206819
2034q4,44387.244089,44267.8778035,44608.0422319,28287.8268738,28229.6668107,28428.5407155,22452.6404029,179.243843774,158.60260590787258,61.965967429408976,4.2064677555939696,-0.49497384726215896,22569.2211704,112.360732889,155.07886063,122.60465743100544,95.624457776764736,0.329,154.82424417300002,154.386117483,145.784805616,401.695482866,410.453094047,216.488998116,773.710658851,156.91288089099998,231.266080763,71.845380537400008,73.0237074708,75.33602667640728,3.6395555555555552,585.853450532,192.5781215620852,4.20645274821,179.09956863900002,179.09063579299998,61.9167870296,61.9137551039,171.565829912,171.55727282199998,165.010803643,136.596960612,110.904577621,289.258498754287,289.25823589935696,142.11253389199998,4.37748945994,3.12166902778,3.33751644403,44394.3357341,38493.3791533,22911.3420686,18690.5831333,11394.8874077,68.6949188305,3088.16221855,1419.51054343,3838.42051048,2980.09921642,5151.58344318,4457.73442595,30289.5357603,7887.44449384,6151.05568384,1641.46937847,94.9194315325,6887.47795423,2365.91080839,4521.56714584,-677.214119389,4653.89630597,5331.11042536,-1069.67018741,19563.8195569,5576.8418897600008,4792.2126673,828.315204867,63.0673106077,4089.62241611,1509.22872942,2574.7104098599996,-848.492844235,3245.44070695,4093.93355119
2035q1,44800.8589612,44680.5872915,45024.6199179,28412.404362,28354.035389,28554.3120604,22571.2286196,179.41843483100002,159.1492651649549,61.966882611894304,4.2010298873046296,-0.49697467093525736,22688.4228423,112.479064198,155.924786646,122.94505692500162,96.028377131875232,0.329,155.576946094,155.138515003,146.56714408,403.94310746700008,412.760792974,217.54878855,779.639009578,157.68063269299998,232.947948201,72.2400607338,73.4271943985,75.747406449146928,3.9028888888888888,591.133727149,192.3075558329542,4.20151189559,179.250837123,179.243003806,61.9094042186,61.9066752309,171.71959187799998,171.712087679,165.14651509999998,137.15695839099998,111.019979004,289.537331823992,289.53744186355,142.284127217,4.37929999844,3.12027750639,3.33628257572,44808.0174063,38931.8470394,23124.0815214,18861.3462664,11513.6244902,68.8780471024,3119.04480719,1431.4190857,3877.1516371,3017.13091307,5203.29955719,4499.90344542,30592.7939888,7960.5835088,6209.01766624,1655.60303189,95.9628106727,6934.43372496,2378.34871271,4556.08501225,-686.95226138,4693.5293705,5380.48163188,-1080.86852673,19664.0921144,5610.34500307,4825.94155531,830.056530423,63.4797970894,4091.0011645,1509.56452732,2575.73764691,-857.302179909,3260.59630039,4117.8984803
2035q2,45218.2700478,45095.7573224,45444.6642009,28537.3992784,28477.9809468,28680.2773747,22690.4202302,179.59151821200002,159.69728225608168,61.968679490245768,4.19561084087726,-0.4981754340564248,22808.0202205,112.596370195,156.77857319399998,123.28587280401842,96.433998699440992,0.329,156.333075293,155.89438605199998,147.353393952,406.20342754700008,415.081632573,218.61403233200004,785.611434374,158.452666295,234.641983773,72.6087451395,73.8048566217,76.133123304604352,3.2032222222222228,596.46150243500008,192.03576460855908,4.19629575243,179.400775789,179.393713281,61.9029389882,61.9004826501,171.872588654,171.86582250999998,165.282179775,137.71925754,111.134240134,289.809787259095,289.80987805017004,142.453784558,4.38104083825,3.11906553759,3.33519250274,45225.4957264,39306.937727,23338.6435902,19033.6071442,11635.8591513,69.0660442842,3150.15349446,1443.54889456,3917.02562167,3056.06509633,5261.71375632,4549.96791112,30896.3477637,8036.32219035,6269.6919296,1669.41354125,97.2167195031,6982.13212212,2391.34592233,4590.78619979,-696.532028333,4733.28453294,5429.8165612700008,-1095.77116437,19763.1548575,5645.38392745,4861.61534253,831.545759544,64.024241026400008,4092.57115071,1510.19924761,2576.68155415,-866.042822607,3275.77193165,4141.81475426
2035q3,45639.625604,45515.5211072,45868.4615917,28662.9150242,28602.8668045,28806.6301924,22810.3345051,179.762822202,160.2479858712382,61.97115261991988,4.1902265934124,-0.49889614731096768,22928.222953,112.712578698,157.640139895,123.62755383263908,96.84227574305744,0.329,157.092671925,156.653772064,148.14359283000002,408.47652421,417.415671581,219.68475989899996,791.628242008,159.22883477,236.348286481,72.965281945,74.1701692067,76.506910436998544,3.2908888888888884,601.837221706,191.81230371636384,4.19088385198,179.54939095399998,179.542965227,61.897367072,61.895156124,172.024684522,172.01852808999998,165.417770661,138.283867351,111.247308108,290.075974870726,290.075955002621,142.621608826,4.38271969932,3.11807279532,3.33430935269,45646.9190166,39675.4266535,23555.1745055,19207.4062562,11751.343975,69.2588067108,3181.49825283,1455.89864499,3955.60809424,3089.08017622,5313.34131705,4592.45448422,31203.0534088,8112.72193738,6330.9626544,1683.49447949,98.2648034966,7030.19499698,2404.47171639,4625.72328059,-706.344739165,4772.80761955,5479.15235872,-1110.20714336,19862.8319363,5680.60909754,4897.60612095,833.079017672,64.4396909715,4094.1053458,1510.86032995,2577.56786791,-874.974923771,3290.72682138,4165.70174515
2035q4,46064.8161458,45936.2145567,46295.9853366,28788.8674897,28726.3789655,28933.3399909,22930.70626,179.93136611400002,160.80209146285568,61.974096556373128,4.18486826158714,-0.49932880630249032,23048.9274038,112.827102203,158.51277022300002,123.97000037758418,97.253281097865264,0.329,157.85577589599998,157.416711149,148.937777668,410.76247808,419.762970841,220.76099858,797.689783084,160.009129092,238.066954207,73.3238192285,74.5370112548,76.882793624163264,3.5935555555555552,607.261330263,191.58553927911324,4.18535573442,179.69699903,179.69117669,61.8926461287,61.8906560367,172.176040377,172.170461722,165.553260914,138.85079699,111.358632171,290.336591291944,290.33651959251604,142.787530459,4.3843569217,3.11728691414,3.3336388254,46072.1778079,40046.2217689,23773.6594198,19382.5105818,11869.4633188,69.455394235,3213.0587428099996,1468.4580377,3993.78647744,3124.70466662,5378.04952334,4650.718439,31513.828628,8192.6779105500016,6395.17168888,1697.88333841,99.6228832574,7079.29626742,2418.26547879,4661.03078863,-720.986660173,4812.65749131,5533.64415149,-1132.43376596,19963.6842231,5718.03937943,4935.72710782,834.673796083,65.0470269322,4095.98600054,1511.8823275,2578.46581392,-887.591285067,3305.75678456,4193.34806963
2036q1,46493.9466279,46363.9286581,46727.3913545,28915.297064,28852.3104209,29060.4799126,23051.4737722,180.096572293,161.36053864102066,61.977504458775152,4.1795350832857,-0.49958861325292144,23170.2130101,112.93957000999998,159.393100056,124.31307543595874,97.667680275739136,0.329,158.622452552,158.18323903800002,149.73598478,413.061369848,422.123593637,221.84272523200004,803.796446835,160.793598368,239.79808367,73.6843458981,74.9054607626,77.260770565200448,3.9268888888888888,612.751407847,191.35456641697396,4.17979096251,179.840241895,179.83503723000002,61.888737367,61.8869460501,172.323295718,172.318308596,165.68862382399998,139.439596356,111.467869073,290.586380570262,290.586381632129,142.95258038099998,4.3859808208100008,3.1166753746000004,3.33315249606,46501.3770963,40496.3025913,23994.1773133,19559.4764982,11991.4759328,69.6554983779,3244.83149662,1481.22346247,4034.19199043,3161.57348495,5430.10262161,4693.05639186,31832.8895075,8271.15401626,6457.25501398,1713.40405994,100.494942338,7128.33842681,2431.6461052200004,4696.69232159,-738.435322695,4852.99827517,5591.43359787,-1151.79317979,20068.3377387,5754.18427361,4972.11324277,836.731016096,65.336726377100008,4097.5416029300008,1512.5528806299998,2579.36458699,-902.330681721,3320.96408731,4223.29476903
2036q2,46926.743052,46793.8041393,47162.434817,29042.0303132,28977.6194026,29187.8952707,23172.4538028,180.259467158,161.9215663447867,61.981469916088736,4.1742668951261104,-0.49974469261037104,23291.9044421,113.050570763,160.281660631,124.65628638417752,98.084236703580576,0.329,159.39269842799998,158.953389377,150.538250132,415.373280162,424.497605292,222.93001320500004,809.948645529,161.582170895,241.54177078,74.0469004589,75.2756287263,77.640884055873488,3.3572222222222224,618.27551671799992,191.11854986228404,4.17426910369,179.98168178,179.977023231,61.8856152147,61.8840028001,172.468762045,172.46429795700002,165.823832558,140.038743711,111.575634599,290.82959126384496,290.82964108308896,143.11549469299998,4.3876055019900008,3.11619916338,3.33281446535,46934.2428579,40880.5922286,24216.6012887,19738.0537005,12117.6398914,69.859106161499992,3276.79527113,1494.17938336,4075.82250494,3200.9836258,5488.61649553,4743.1997369500008,32147.5236379,8349.67544924,6520.27460384,1728.03454633,101.366299068,7178.47414888,2445.23005372,4733.24409515,-748.930184036,4893.65189208,5642.58207612,-1168.35080086,20168.7555045,5790.15354762,5009.16293505,838.264785389,65.6177239238,4099.39028738,1513.21019718,2580.55524501,-911.785891642,3336.20144319,4247.98733483
2036q3,47363.0637643,47227.9301995,47600.9918614,29168.9032435,29103.5305227,29315.4330726,23293.5042382,180.420590077,162.48385541854586,61.985938128460136,4.16905982489528,-0.49983852783997976,23413.8629206,113.159271238,161.17671546100002,124.99938687553152,98.503101690409136,0.329,160.16654827900002,159.72719393,151.34460895799998,417.698289607,426.88507285900008,224.02289601,816.146795211,162.37519583400002,243.298110795,74.4115751914,75.6476663122,78.023231120395888,3.4448888888888884,623.847808958,190.876723749303,4.1688697557,180.122240814,180.11801899899998,61.8832511862,61.8817997881,172.613179193,172.60913338,165.95886055,140.643621091,111.681127668,291.067837195817,291.06784162048304,143.276341803,4.38920803261,3.11580062721,3.33256907465,47370.63343,41259.8623487,24440.8666037,19918.2591517,12236.5045011,70.0663043154,3308.94004538,1507.31483059,4116.0701094,3234.1132114,5539.9319464,4785.2787321899992,32464.2831228,8427.50326705,6582.75337669,1742.73400185,102.015888516,7229.43755967,2459.022845,4770.41471467,-758.160185183,4934.88055194,5693.04073712,-1182.87553908,20269.0783261,5825.3700182700008,5045.65134556,839.745226568,65.765919516699992,4101.36248309,1513.84301848,2581.88535281,-920.27472368,3351.61319893,4271.88792261
2036q4,47802.9809442,47662.8200527,48043.1462259,29295.8385348,29227.7766928,29443.0227307,23414.6509327,180.579954854,163.04701568069868,61.990854296035632,4.16389489162988,-0.49989499123854752,23536.0206965,113.265603333,162.080185441,125.34253425640184,98.924068830581232,0.329,160.94403229,160.50468222500002,152.15509587400002,420.03647733699992,429.286063209,225.12139699799996,822.391303552,163.173281036,245.067198474,74.7784705305,76.0217226439,78.4079306700916,3.6138888888888888,629.47011979800008,190.62839153175556,4.16367249115,180.261926278,180.258099863,61.8816141784,61.8803076995,172.756410042,172.75274294600002,166.093681248,141.25238039200002,111.784302726,291.30126722094796,291.301233889172,143.435960426,4.3907729595999992,3.11540827633,3.3323428705699996,47810.6210138,41669.6347479,24667.014964,20100.0025267,12358.2595544,70.2767613291,3341.27766276,1520.62609905,4156.44768742,3269.6313438,5607.85123429,4846.61810744,32779.586796900004,8508.82422398,6647.97446874,1758.00061873,102.849136505,7281.62826749,2473.4067229399996,4808.22154455,-767.058344169,4976.50318089,5743.56152506,-1200.14637656,20367.0719134,5862.65524078,5084.0229805,841.408984676,66.0322748702,4103.61873597,1514.62232191,2583.35750269,-928.467963471,3367.07466134,4295.54262481
